"Date","Time","Cloud Condition","Rain Condition","Brightness Condition","Cloud Value","Cloud Sensor Temperature","Rain Value","Brightness Value","Ambient Temperature","Rain Heating Percentage","Rain Sensor Temperature","Heating Status","Switch Status","Read Cycle","Timeout Errors","Safe Status","Wind Condition","Wind Value","Relative Humidity","Dew Point","Raw IR Temperature","Absolute Pressure","Relative Pressure"
"2026-09-23","19:00:01","Clear","Dry","Very Light","-3.7","20.8","3264","2","22.5","35%","26.2","Heating UP","Opened","7.440","230","Unsafe","Calm","4.8","48","11.0","4.9","1004.3","1015.9"
"2026-09-23","19:00:11","Clear","Dry","Very Light","-3.7","20.8","3328","2","22.5","36%","26.3","","Opened","7.276","230","Unsafe","Calm","4.0","48","10.9","4.8","1004.1","1015.8"
"2026-09-23","19:00:21","Clear","Dry","Very Light","-3.7","20.8","3328","2","22.5","36%","26.3","","Opened","7.348","230","Unsafe","Calm","4.0","48","10.9","4.9","1004.1","1015.8"
"2026-09-23","19:00:31","Clear","Dry","Very Light","-3.7","20.8","3328","2","22.5","36%","26.3","","Opened","7.289","230","Unsafe","Calm","4.3","48","10.9","4.9","1004.1","1015.8"
"2026-09-23","19:00:41","Clear","Dry","Very Light","-3.7","20.8","3328","2","22.4","36%","26.2","","Opened","7.503","230","Unsafe","Calm","4.0","48","10.9","4.9","1004.1","1015.7"
"2026-09-23","19:00:51","Clear","Dry","Very Light","-3.6","20.8","3328","2","22.4","36%","26.3","","Opened","7.308","230","Unsafe","Calm","3.6","48","10.9","5.0","1004.1","1015.8"
"2026-09-23","19:01:01","Clear","Dry","Very Light","-3.7","20.7","3328","2","22.4","36%","26.3","","Opened","7.377","230","Unsafe","Calm","3.5","48","10.8","4.9","1004.2","1015.9"
"2026-09-23","19:01:11","Clear","Dry","Very Light","-3.7","20.7","3328","2","22.4","36%","26.4","","Opened","7.301","230","Unsafe","Calm","3.5","48","10.9","4.8","1004.1","1015.8"
"2026-09-23","19:01:21","Clear","Dry","Very Light","-3.6","20.7","3328","2","22.4","36%","26.4","","Opened","7.370","230","Unsafe","Calm","3.5","48","10.9","5.0","1004.1","1015.8"
"2026-09-23","19:01:31","Clear","Dry","Very Light","-3.8","20.7","3328","2","22.4","36%","26.3","","Opened","7.307","230","Unsafe","Calm","3.2","48","11.0","4.8","1004.2","1015.9"
"2026-09-23","19:01:41","Clear","Dry","Very Light","-3.7","20.7","3328","2","22.4","36%","26.3","","Opened","7.524","230","Unsafe","Calm","3.2","48","10.9","4.8","1004.2","1015.9"
"2026-09-23","19:01:51","Clear","Dry","Very Light","-3.8","20.7","3328","2","22.4","36%","26.4","","Opened","7.316","230","Unsafe","Calm","2.6","48","10.8","4.8","1004.1","1015.8"
"2026-09-23","19:02:01","Clear","Dry","Very Light","-3.7","20.7","3328","2","22.4","36%","26.5","","Opened","7.255","230","Unsafe","Calm","1.9","48","10.8","4.8","1004.1","1015.8"
"2026-09-23","19:02:11","Clear","Dry","Very Light","-3.7","20.7","3328","2","22.4","36%","26.5","","Opened","7.317","230","Unsafe","Calm","1.9","48","10.8","4.9","1004.2","1015.9"
"2026-09-23","19:02:21","Clear","Dry","Very Light","-3.6","20.6","3328","2","22.3","36%","26.5","","Opened","7.249","230","Unsafe","Calm","1.3","48","10.8","4.9","1004.1","1015.8"
"2026-09-23","19:02:31","Clear","Dry","Very Light","-3.5","20.6","3328","2","22.4","36%","26.5","","Opened","7.321","230","Unsafe","Calm","0.6","48","10.8","5.0","1004.1","1015.8"
"2026-09-23","19:02:41","Clear","Dry","Very Light","-3.6","20.6","3328","2","22.3","36%","26.5","","Opened","7.415","230","Unsafe","Calm","0.0","48","10.9","4.9","1004.3","1015.9"
"2026-09-23","19:02:51","Clear","Dry","Very Light","-3.6","20.6","3328","2","22.3","36%","26.4","","Opened","7.330","230","Unsafe","Calm","0.6","48","10.9","4.9","1004.1","1015.8"
"2026-09-23","19:03:01","Clear","Dry","Very Light","-3.7","20.6","3328","2","22.3","36%","26.4","","Opened","7.275","230","Unsafe","Calm","1.3","48","10.9","4.8","1004.1","1015.8"
"2026-09-23","19:03:11","Clear","Dry","Very Light","-3.6","20.6","3328","2","22.3","36%","26.4","","Opened","7.331","230","Unsafe","Calm","1.9","49","10.9","4.9","1004.2","1015.9"
"2026-09-23","19:03:21","Clear","Dry","Very Light","-3.7","20.6","3328","2","22.3","36%","26.3","","Opened","7.273","230","Unsafe","Calm","2.6","48","10.9","4.8","1004.2","1015.9"
"2026-09-23","19:03:31","Clear","Dry","Very Light","-3.8","20.6","3328","2","22.3","36%","26.4","","Opened","7.347","230","Unsafe","Calm","3.2","48","10.9","4.7","1004.2","1015.9"
"2026-09-23","19:03:41","Clear","Dry","Very Light","-3.6","20.6","3328","2","22.2","36%","26.4","","Opened","7.437","230","Unsafe","Calm","3.8","48","10.8","4.8","1004.1","1015.8"
"2026-09-23","19:03:51","Clear","Dry","Very Light","-3.6","20.5","3328","2","22.3","36%","26.3","","Opened","7.352","230","Unsafe","Calm","3.2","49","10.9","4.8","1004.1","1015.7"
"2026-09-23","19:04:01","Clear","Dry","Very Light","-3.6","20.5","3328","2","22.3","36%","26.4","","Opened","7.293","230","Unsafe","Calm","3.2","48","10.9","4.9","1004.1","1015.8"
"2026-09-23","19:04:11","Clear","Dry","Very Light","-3.7","20.5","3328","2","22.2","36%","26.4","","Opened","7.361","230","Unsafe","Calm","2.6","48","10.9","4.7","1004.1","1015.8"
"2026-09-23","19:04:21","Clear","Dry","Very Light","-3.7","20.5","3328","2","22.2","36%","26.4","","Opened","7.299","230","Unsafe","Calm","1.9","48","10.8","4.7","1004.1","1015.8"
"2026-09-23","19:04:31","Clear","Dry","Very Light","-3.6","20.5","3328","2","22.2","36%","26.4","","Opened","7.368","230","Unsafe","Calm","1.9","48","10.8","4.8","1004.1","1015.8"
"2026-09-23","19:04:41","Clear","Dry","Very Light","-3.6","20.5","3328","2","22.2","36%","26.3","","Opened","7.454","230","Unsafe","Calm","2.1","49","10.9","4.8","1004.2","1015.9"
"2026-09-23","19:04:51","Clear","Dry","Very Light","-3.7","20.5","3328","2","22.2","36%","26.3","","Opened","7.254","230","Unsafe","Calm","2.8","49","10.9","4.7","1004.2","1015.9"
"2026-09-23","19:05:01","Clear","Dry","Very Light","-3.7","20.5","3328","2","22.2","36%","26.3","","Opened","7.328","230","Unsafe","Calm","2.8","49","10.9","4.7","1004.2","1015.9"
"2026-09-23","19:05:11","Clear","Dry","Very Light","-3.6","20.5","3328","2","22.2","36%","26.2","","Opened","7.249","230","Unsafe","Calm","3.5","49","10.9","4.8","1004.1","1015.8"
"2026-09-23","19:05:21","Clear","Dry","Very Light","-3.7","20.5","3328","2","22.2","36%","26.2","","Opened","7.326","230","Unsafe","Calm","4.3","49","11.0","4.7","1004.1","1015.8"
"2026-09-23","19:05:31","Clear","Dry","Very Light","-3.7","20.5","3328","2","22.1","36%","26.1","","Opened","7.257","230","Unsafe","Calm","4.5","49","11.0","4.7","1004.2","1015.9"
"2026-09-23","19:05:41","Clear","Dry","Very Light","-3.6","20.5","3328","2","22.1","36%","26.1","","Opened","7.476","230","Unsafe","Calm","4.8","49","11.0","4.8","1004.1","1015.8"
"2026-09-23","19:05:51","Clear","Dry","Very Light","-3.6","20.5","3328","2","22.1","36%","26.0","","Opened","7.266","230","Unsafe","Calm","5.1","49","11.0","4.8","1004.1","1015.8"
"2026-09-23","19:06:01","Clear","Dry","Very Light","-3.5","20.5","3328","2","22.1","36%","25.9","","Opened","7.334","230","Unsafe","Calm","5.5","49","11.0","4.9","1004.3","1016.0"
"2026-09-23","19:06:11","Clear","Dry","Very Light","-3.5","20.5","3328","2","22.1","36%","25.9","","Opened","7.259","230","Unsafe","Calm","5.8","49","11.0","4.8","1004.1","1015.8"
"2026-09-23","19:06:21","Clear","Dry","Very Light","-3.7","20.5","3328","2","22.1","36%","25.9","","Opened","7.340","230","Unsafe","Calm","5.7","49","11.0","4.6","1004.3","1016.0"
"2026-09-23","19:06:31","Clear","Dry","Very Light","-3.6","20.5","3328","2","22.0","36%","25.9","","Opened","7.277","230","Unsafe","Calm","5.4","49","10.9","4.8","1004.1","1015.8"
"2026-09-23","19:06:41","Clear","Dry","Very Light","-3.7","20.5","3328","2","22.0","36%","25.9","","Opened","7.487","230","Unsafe","Calm","4.3","49","10.9","4.6","1004.3","1015.9"
"2026-09-23","19:06:51","Clear","Dry","Very Light","-3.5","20.5","3328","2","22.0","36%","26.0","","Opened","7.275","230","Unsafe","Calm","3.9","49","10.9","4.8","1004.2","1015.9"
"2026-09-23","19:07:01","Clear","Dry","Very Light","-3.5","20.5","3328","2","22.0","36%","25.9","","Opened","7.347","230","Unsafe","Calm","3.5","49","10.9","4.8","1004.1","1015.8"
"2026-09-23","19:07:11","Clear","Dry","Very Light","-3.6","20.4","3328","2","22.0","36%","26.0","","Opened","7.270","230","Unsafe","Calm","3.2","49","10.9","4.7","1004.2","1015.9"
"2026-09-23","19:07:21","Clear","Dry","Very Light","-3.6","20.4","3328","2","22.0","36%","26.0","","Opened","7.348","230","Unsafe","Calm","3.3","49","10.9","4.7","1004.1","1015.8"
"2026-09-23","19:07:31","Clear","Dry","Very Light","-3.5","20.4","3328","2","22.0","36%","25.9","","Opened","7.269","230","Unsafe","Calm","3.6","49","10.9","4.8","1004.2","1015.9"
"2026-09-23","19:07:41","Clear","Dry","Very Light","-3.5","20.4","3328","2","22.0","36%","25.9","","Opened","7.485","230","Unsafe","Calm","4.4","50","11.0","4.9","1004.1","1015.7"
"2026-09-23","19:07:51","Clear","Dry","Very Light","-3.6","20.4","3328","2","22.0","36%","25.9","","Opened","7.273","230","Unsafe","Calm","4.5","50","11.0","4.7","1004.1","1015.8"
"2026-09-23","19:08:01","Clear","Dry","Very Light","-3.5","20.4","3328","2","22.0","36%","25.9","","Opened","7.342","230","Unsafe","Calm","4.8","50","11.0","4.8","1004.1","1015.7"
"2026-09-23","19:08:11","Clear","Dry","Very Light","-3.5","20.4","3328","2","22.0","36%","25.8","","Opened","7.271","230","Unsafe","Calm","4.8","50","11.0","4.8","1004.2","1015.9"
"2026-09-23","19:08:21","Clear","Dry","Very Light","-3.6","20.4","3328","2","21.9","36%","25.8","","Opened","7.329","230","Unsafe","Calm","4.7","50","10.9","4.7","1004.1","1015.7"
"2026-09-23","19:08:31","Clear","Dry","Very Light","-3.5","20.4","3328","2","22.0","36%","25.8","","Opened","7.274","230","Unsafe","Calm","4.8","50","10.9","4.8","1004.2","1015.9"
"2026-09-23","19:08:41","Clear","Dry","Very Light","-3.4","20.4","3328","2","21.9","36%","25.7","","Opened","7.501","230","Unsafe","Calm","5.0","50","11.0","4.9","1004.2","1015.9"
"2026-09-23","19:08:51","Clear","Dry","Very Light","-3.7","20.4","3328","2","21.9","36%","25.7","","Opened","7.301","230","Unsafe","Calm","4.8","50","11.0","4.6","1004.1","1015.7"
"2026-09-23","19:09:01","Clear","Dry","Very Light","-3.7","20.4","3328","2","21.9","36%","25.8","","Opened","7.364","230","Unsafe","Calm","4.5","50","11.0","4.6","1004.1","1015.8"
"2026-09-23","19:09:11","Clear","Dry","Very Light","-3.5","20.4","3328","2","21.9","36%","25.7","","Opened","7.306","230","Unsafe","Calm","4.7","50","11.0","4.8","1004.2","1015.9"
"2026-09-23","19:09:21","Clear","Dry","Very Light","-3.5","20.4","3328","2","21.9","36%","25.7","","Opened","7.372","230","Unsafe","Calm","4.8","50","11.0","4.8","1004.1","1015.8"
"2026-09-23","19:09:31","Clear","Dry","Very Light","-3.5","20.4","3328","2","21.9","36%","25.6","Heating UP","Opened","7.449","230","Unsafe","Calm","4.7","50","11.1","4.7","1004.1","1015.8"
"2026-09-23","19:09:41","Clear","Dry","Very Light","-3.6","20.4","3328","2","21.9","37%","25.6","Heating UP","Opened","7.577","230","Unsafe","Calm","4.8","50","11.1","4.7","1004.1","1015.8"
"2026-09-23","19:09:51","Clear","Dry","Very Light","-3.5","20.4","3285","2","21.8","38%","25.5","Heating UP","Opened","7.410","230","Unsafe","Calm","5.0","50","11.0","4.7","1004.1","1015.8"
"2026-09-23","19:10:01","Clear","Dry","Very Light","-3.6","20.4","3251","2","21.9","39%","25.6","","Opened","7.270","230","Unsafe","Calm","5.0","50","11.0","4.6","1004.1","1015.8"
"2026-09-23","19:10:11","Clear","Dry","Very Light","-3.5","20.4","3251","2","21.9","39%","25.6","Heating UP","Opened","7.465","230","Unsafe","Calm","5.1","50","11.1","4.7","1004.1","1015.8"
"2026-09-23","19:10:21","Clear","Dry","Very Light","-3.6","20.4","3328","2","21.8","40%","25.6","","Opened","7.317","230","Unsafe","Calm","5.1","50","11.0","4.7","1004.1","1015.7"
"2026-09-23","19:10:31","Clear","Dry","Very Light","-3.6","20.3","3328","2","21.8","40%","25.7","","Opened","7.387","230","Unsafe","Calm","5.0","50","11.0","4.6","1004.1","1015.8"
"2026-09-23","19:10:41","Clear","Dry","Very Light","-3.4","20.3","3328","2","21.8","40%","25.7","","Opened","7.487","230","Unsafe","Calm","4.8","50","11.0","4.8","1004.1","1015.8"
"2026-09-23","19:10:51","Clear","Dry","Very Light","-3.5","20.4","3328","2","21.8","40%","25.7","","Opened","7.283","230","Unsafe","Calm","4.8","50","11.1","4.7","1004.1","1015.8"
"2026-09-23","19:11:01","Clear","Dry","Very Light","-3.5","20.4","3328","2","21.8","40%","25.7","","Opened","7.349","230","Unsafe","Calm","5.0","50","11.0","4.7","1004.1","1015.7"
"2026-09-23","19:11:11","Clear","Dry","Very Light","-3.5","20.3","3328","2","21.8","40%","25.7","","Opened","7.271","230","Unsafe","Calm","4.8","50","11.0","4.7","1004.1","1015.8"
"2026-09-23","19:11:21","Clear","Dry","Very Light","-3.6","20.3","3328","2","21.8","40%","25.7","","Opened","7.340","230","Unsafe","Calm","4.0","50","11.1","4.6","1004.1","1015.7"
"2026-09-23","19:11:31","Clear","Dry","Very Light","-3.6","20.3","3328","2","21.8","40%","25.8","","Opened","7.282","230","Unsafe","Calm","3.3","50","11.0","4.6","1004.1","1015.8"
"2026-09-23","19:11:41","Clear","Dry","Very Light","-3.6","20.3","3328","2","21.8","40%","25.8","","Opened","7.501","230","Unsafe","Calm","3.0","51","11.1","4.7","1004.1","1015.8"
"2026-09-23","19:11:51","Clear","Dry","Very Light","-3.6","20.3","3328","2","21.8","40%","25.8","","Opened","7.290","230","Unsafe","Calm","2.8","51","11.1","4.6","1004.1","1015.7"
"2026-09-23","19:12:01","Clear","Dry","Very Light","-3.6","20.3","3328","2","21.8","40%","25.9","","Opened","7.366","230","Unsafe","Calm","2.7","50","11.0","4.6","1004.1","1015.8"
"2026-09-23","19:12:11","Clear","Dry","Very Light","-3.6","20.3","3328","2","21.8","40%","26.0","","Opened","7.290","230","Unsafe","Calm","2.7","50","11.0","4.6","1004.1","1015.8"
"2026-09-23","19:12:21","Clear","Dry","Very Light","-3.7","20.3","3328","2","21.8","40%","26.0","","Opened","7.368","230","Unsafe","Calm","2.7","50","11.0","4.5","1004.1","1015.8"
"2026-09-23","19:12:31","Clear","Dry","Very Light","-3.6","20.3","3328","2","21.7","40%","26.0","","Opened","7.298","230","Unsafe","Calm","2.7","50","11.0","4.6","1004.1","1015.8"
"2026-09-23","19:12:41","Clear","Dry","Very Light","-3.7","20.3","3328","2","21.8","40%","26.1","Heating DOWN","Opened","7.641","230","Unsafe","Calm","2.1","50","11.0","4.5","1004.1","1015.8"
"2026-09-23","19:12:51","Clear","Dry","Very Light","-3.6","20.2","3264","2","21.8","39%","26.1","Heating DOWN","Opened","7.476","230","Unsafe","Calm","2.1","50","10.9","4.6","1004.1","1015.8"
"2026-09-23","19:13:01","Clear","Dry","Very Light","-3.7","20.3","3285","2","21.7","38%","26.1","Heating DOWN","Opened","7.465","230","Unsafe","Calm","2.1","50","11.0","4.5","1004.1","1015.8"
"2026-09-23","19:13:11","Clear","Dry","Very Light","-3.7","20.2","3328","2","21.8","37%","26.1","","Opened","7.334","230","Unsafe","Calm","1.9","50","11.0","4.5","1004.1","1015.8"
"2026-09-23","19:13:21","Clear","Dry","Very Light","-3.7","20.2","3328","2","21.8","37%","26.1","","Opened","7.274","230","Unsafe","Calm","2.6","50","11.0","4.5","1004.1","1015.8"
"2026-09-23","19:13:31","Clear","Dry","Very Light","-3.6","20.2","3328","2","21.7","37%","26.1","Heating DOWN","Opened","7.476","230","Unsafe","Calm","2.6","50","11.0","4.6","1004.2","1015.9"
"2026-09-23","19:13:41","Clear","Dry","Very Light","-3.6","20.2","3328","2","21.7","36%","26.0","","Opened","7.481","230","Unsafe","Calm","3.2","50","11.0","4.5","1004.1","1015.8"
"2026-09-23","19:13:51","Clear","Dry","Very Light","-3.7","20.2","3328","2","21.7","36%","26.0","","Opened","7.269","230","Unsafe","Calm","2.6","50","11.0","4.5","1004.1","1015.8"
"2026-09-23","19:14:01","Clear","Dry","Very Light","-3.7","20.2","3328","2","21.7","36%","26.1","Heating DOWN","Opened","7.475","230","Unsafe","Calm","2.6","50","11.0","4.5","1004.1","1015.8"
"2026-09-23","19:14:11","Clear","Dry","Very Light","-3.2","20.2","3255","2","21.7","35%","26.0","","Opened","7.332","230","Unsafe","Calm","3.1","51","11.0","5.0","1004.1","1015.8"
"2026-09-23","19:14:21","Clear","Dry","Very Light","-3.6","20.3","3251","2","21.7","35%","25.8","","Opened","7.265","230","Unsafe","Calm","3.3","51","11.1","4.5","1004.1","1015.8"
"2026-09-23","19:14:31","Clear","Dry","Very Light","-3.4","20.3","3251","2","21.7","35%","25.8","","Opened","7.335","230","Unsafe","Calm","4.2","51","11.0","4.7","1004.1","1015.8"
"2026-09-23","19:14:41","Clear","Dry","Very Light","-3.6","20.3","3251","2","21.7","35%","25.7","","Opened","7.430","230","Unsafe","Calm","4.3","51","11.0","4.6","1004.1","1015.8"
"2026-09-23","19:14:51","Clear","Dry","Very Light","-3.3","20.3","3251","2","21.7","35%","25.7","","Opened","7.342","230","Unsafe","Calm","5.1","51","11.1","4.8","1004.1","1015.8"
"2026-09-23","19:15:01","Clear","Dry","Very Light","-3.4","20.3","3251","2","21.7","35%","25.6","","Opened","7.283","230","Unsafe","Calm","5.5","51","11.1","4.7","1004.1","1015.8"
"2026-09-23","19:15:11","Clear","Dry","Very Light","-3.6","20.3","3252","2","21.7","35%","25.6","","Opened","7.347","230","Unsafe","Calm","5.1","51","11.1","4.5","1004.1","1015.8"
"2026-09-23","19:15:21","Clear","Dry","Very Light","-3.6","20.3","3251","2","21.7","35%","25.6","","Opened","7.289","230","Unsafe","Calm","5.1","51","11.0","4.6","1004.1","1015.8"
"2026-09-23","19:15:31","Clear","Dry","Very Light","-3.5","20.3","3251","2","21.7","35%","25.6","","Opened","7.348","230","Unsafe","Calm","5.0","51","11.1","4.7","1004.1","1015.8"
"2026-09-23","19:15:41","Clear","Dry","Very Light","-3.5","20.3","3251","2","21.7","35%","25.5","","Opened","7.469","230","Unsafe","Calm","5.1","51","11.1","4.6","1004.1","1015.8"
"2026-09-23","19:15:51","Clear","Dry","Very Light","-3.4","20.3","3249","2","21.7","35%","25.5","","Opened","7.369","230","Unsafe","Calm","5.2","51","11.1","4.7","1004.1","1015.8"
"2026-09-23","19:16:01","Clear","Dry","Very Light","-3.4","20.3","3250","2","21.7","35%","25.5","","Opened","7.302","230","Unsafe","Calm","5.2","51","11.1","4.8","1004.1","1015.8"
"2026-09-23","19:16:11","Clear","Dry","Very Light","-3.5","20.3","3246","2","21.7","35%","25.4","Heating UP","Opened","7.494","230","Unsafe","Calm","5.2","51","11.1","4.6","1004.1","1015.8"
"2026-09-23","19:16:21","Clear","Dry","Very Light","-3.4","20.3","3285","2","21.6","36%","25.4","","Opened","7.357","230","Unsafe","Calm","5.2","51","11.1","4.7","1004.1","1015.8"
"2026-09-23","19:16:31","Clear","Dry","Very Light","-3.6","20.3","3285","2","21.7","36%","25.4","Heating UP","Opened","7.429","230","Unsafe","Calm","5.2","51","11.1","4.5","1004.1","1015.8"
"2026-09-23","19:16:41","Clear","Dry","Very Light","-3.6","20.3","3328","2","21.6","37%","25.5","","Opened","7.431","230","Unsafe","Calm","4.3","51","11.1","4.5","1004.1","1015.8"
"2026-09-23","19:16:51","Clear","Dry","Very Light","-3.7","20.3","3328","2","21.7","37%","25.5","","Opened","7.397","230","Unsafe","Calm","3.4","51","11.1","4.4","1004.1","1015.8"
"2026-09-23","19:17:01","Clear","Dry","Very Light","-3.7","20.3","3328","2","21.6","37%","25.5","","Opened","7.348","230","Unsafe","Calm","3.0","51","11.1","4.4","1004.1","1015.8"
"2026-09-23","19:17:11","Clear","Dry","Very Light","-3.3","20.2","3328","2","21.6","37%","25.5","","Opened","7.276","230","Unsafe","Calm","3.3","51","11.1","4.8","1004.1","1015.8"
"2026-09-23","19:17:21","Clear","Dry","Very Light","-3.3","20.3","3328","2","21.6","37%","25.4","","Opened","7.357","230","Unsafe","Calm","3.3","51","11.2","4.8","1004.1","1015.8"
"2026-09-23","19:17:31","Clear","Dry","Very Light","-3.5","20.2","3328","2","21.6","37%","25.4","","Opened","7.332","230","Unsafe","Calm","3.4","51","11.2","4.6","1004.2","1015.9"
"2026-09-23","19:17:41","Clear","Dry","Very Light","-3.5","20.2","3328","2","21.6","37%","25.4","","Opened","7.453","230","Unsafe","Calm","4.0","51","11.2","4.6","1004.1","1015.8"
"2026-09-23","19:17:51","Clear","Dry","Very Light","-3.5","20.2","3328","2","21.6","37%","25.5","","Opened","7.368","230","Unsafe","Calm","5.0","51","11.1","4.6","1004.1","1015.8"
"2026-09-23","19:18:01","Clear","Dry","Very Light","-3.5","20.2","3328","2","21.6","37%","25.4","","Opened","7.339","230","Unsafe","Calm","5.1","51","11.2","4.6","1004.1","1015.8"
"2026-09-23","19:18:11","Clear","Dry","Very Light","-3.6","20.2","3328","2","21.6","37%","25.4","","Opened","7.287","230","Unsafe","Calm","4.7","52","11.2","4.5","1004.1","1015.8"
"2026-09-23","19:18:21","Clear","Dry","Very Light","-3.6","20.2","3327","2","21.6","37%","25.4","","Opened","7.369","230","Unsafe","Calm","4.7","51","11.2","4.5","1004.1","1015.8"
"2026-09-23","19:18:31","Clear","Dry","Very Light","-3.6","20.2","3328","2","21.6","37%","25.4","","Opened","7.332","230","Unsafe","Calm","4.4","51","11.2","4.5","1004.1","1015.8"
"2026-09-23","19:18:41","Clear","Dry","Very Light","-3.5","20.2","3328","2","21.6","37%","25.4","","Opened","7.453","230","Unsafe","Calm","4.7","51","11.2","4.6","1004.1","1015.8"
"2026-09-23","19:18:51","Clear","Dry","Very Light","-3.6","20.2","3328","2","21.6","37%","25.4","","Opened","7.375","230","Unsafe","Calm","4.4","52","11.2","4.5","1004.1","1015.8"
"2026-09-23","19:19:01","Clear","Dry","Very Light","-3.4","20.2","3328","2","21.6","37%","25.4","","Opened","7.322","230","Unsafe","Calm","4.4","51","11.2","4.7","1004.1","1015.8"
"2026-09-23","19:19:11","Clear","Dry","Very Light","-3.3","20.2","3328","2","21.6","37%","25.4","","Opened","7.263","230","Unsafe","Calm","4.7","52","11.2","4.7","1004.0","1015.7"
"2026-09-23","19:19:20","Clear","Dry","Very Light","-3.6","20.2","3328","2","21.6","37%","25.4","","Opened","6.716","230","Unsafe","Calm","4.5","52","11.2","4.5","1004.1","1015.8"
"2026-09-23","19:19:31","Clear","Dry","Very Light","-3.6","20.2","3328","2","21.6","37%","25.5","","Opened","6.932","230","Unsafe","Calm","3.9","51","11.1","4.5","1004.0","1015.7"
"2026-09-23","19:19:40","Clear","Dry","Very Light","-3.7","20.1","3328","2","21.6","37%","25.6","","Opened","6.595","230","Unsafe","Calm","3.0","51","11.1","4.4","1004.1","1015.8"
"2026-09-23","19:19:51","Clear","Dry","Very Light","-3.5","20.1","3328","2","21.6","37%","25.6","","Opened","7.088","230","Unsafe","Calm","3.0","51","11.1","4.6","1004.1","1015.8"
"2026-09-23","19:20:01","Clear","Dry","Very Light","-3.7","20.1","3328","2","21.6","37%","25.6","","Opened","7.044","230","Unsafe","Calm","2.2","51","11.2","4.4","1004.1","1015.8"
"2026-09-23","19:20:11","Clear","Dry","Very Light","-3.6","20.1","3328","2","21.6","37%","25.6","","Opened","6.975","230","Unsafe","Calm","1.9","52","11.2","4.5","1004.1","1015.8"
"2026-09-23","19:20:21","Clear","Dry","Very Light","-3.5","20.1","3328","2","21.6","37%","25.6","","Opened","6.926","230","Unsafe","Calm","1.9","52","11.2","4.6","1004.1","1015.8"
"2026-09-23","19:20:31","Clear","Dry","Very Light","-3.7","20.1","3328","2","21.6","37%","25.7","","Opened","7.277","230","Unsafe","Calm","1.9","52","11.2","4.3","1004.1","1015.8"
"2026-09-23","19:20:41","Clear","Dry","Very Light","-3.5","20.1","3328","2","21.6","37%","25.7","","Opened","7.502","230","Unsafe","Calm","2.6","52","11.2","4.6","1004.1","1015.8"
"2026-09-23","19:20:51","Clear","Dry","Very Light","-3.3","20.1","3328","2","21.6","37%","25.6","","Opened","7.267","230","Unsafe","Calm","2.7","52","11.2","4.8","1004.1","1015.8"
"2026-09-23","19:21:01","Clear","Dry","Very Light","-3.6","20.1","3328","2","21.6","37%","25.6","","Opened","7.355","230","Unsafe","Calm","3.3","52","11.2","4.5","1004.1","1015.8"
"2026-09-23","19:21:11","Clear","Dry","Very Light","-3.5","20.1","3328","2","21.6","37%","25.5","","Opened","7.282","230","Unsafe","Calm","3.5","52","11.2","4.6","1004.1","1015.8"
"2026-09-23","19:21:21","Clear","Dry","Very Light","-3.6","20.1","3328","2","21.6","37%","25.5","","Opened","7.379","230","Unsafe","Calm","3.6","52","11.2","4.5","1004.1","1015.8"
"2026-09-23","19:21:31","Clear","Dry","Very Light","-3.4","20.1","3328","2","21.6","37%","25.5","","Opened","7.348","230","Unsafe","Calm","4.5","52","11.3","4.7","1004.1","1015.8"
"2026-09-23","19:21:41","Clear","Dry","Very Light","-3.7","20.1","3328","2","21.6","37%","25.5","","Opened","7.463","230","Unsafe","Calm","4.5","52","11.2","4.4","1004.1","1015.8"
"2026-09-23","19:21:51","Clear","Dry","Very Light","-3.5","20.1","3328","2","21.6","37%","25.5","","Opened","7.373","230","Unsafe","Calm","4.4","52","11.2","4.6","1004.1","1015.8"
"2026-09-23","19:22:01","Clear","Dry","Very Light","-3.5","20.1","3328","2","21.6","37%","25.6","","Opened","7.322","230","Unsafe","Calm","4.5","52","11.2","4.6","1004.1","1015.8"
"2026-09-23","19:22:11","Clear","Dry","Very Light","-3.3","20.0","3328","2","21.5","37%","25.5","","Opened","7.271","230","Unsafe","Calm","4.7","52","11.2","4.8","1004.1","1015.8"
"2026-09-23","19:22:21","Clear","Dry","Very Light","-3.5","20.1","3328","2","21.6","37%","25.4","","Opened","7.354","230","Unsafe","Calm","4.7","52","11.3","4.6","1004.1","1015.8"
"2026-09-23","19:22:31","Clear","Dry","Very Light","-3.3","20.1","3328","2","21.5","37%","25.4","","Opened","7.379","230","Unsafe","Calm","4.8","52","11.3","4.7","1004.0","1015.7"
"2026-09-23","19:22:41","Clear","Dry","Very Light","-3.5","20.1","3328","2","21.6","37%","25.4","","Opened","7.554","230","Unsafe","Calm","5.1","52","11.3","4.6","1004.1","1015.8"
"2026-09-23","19:22:51","Clear","Dry","Very Light","-3.6","20.1","3328","2","21.5","37%","25.3","","Opened","7.409","230","Unsafe","Calm","5.1","52","11.3","4.5","1004.1","1015.8"
"2026-09-23","19:23:01","Clear","Dry","Very Light","-3.6","20.1","3328","2","21.5","37%","25.4","","Opened","7.392","230","Unsafe","Calm","5.0","52","11.2","4.5","1004.1","1015.8"
"2026-09-23","19:23:11","Clear","Dry","Very Light","-3.3","20.1","3328","2","21.5","37%","25.3","","Opened","7.350","230","Unsafe","Calm","4.8","52","11.2","4.7","1004.1","1015.8"
"2026-09-23","19:23:21","Clear","Dry","Very Light","-3.5","20.1","3328","2","21.5","37%","25.3","","Opened","7.156","230","Unsafe","Calm","4.7","52","11.3","4.5","1004.1","1015.8"
"2026-09-23","19:23:31","Clear","Dry","Very Light","-3.6","20.1","3328","2","21.5","37%","25.3","","Opened","7.425","230","Unsafe","Calm","4.4","52","11.3","4.5","1004.1","1015.8"
"2026-09-23","19:23:41","Clear","Dry","Very Light","-3.3","20.1","3328","2","21.5","37%","25.3","","Opened","7.531","230","Unsafe","Calm","4.4","52","11.3","4.8","1004.1","1015.8"
"2026-09-23","19:23:51","Clear","Dry","Very Light","-3.5","20.1","3328","2","21.5","37%","25.3","","Opened","7.333","230","Unsafe","Calm","4.8","52","11.3","4.5","1004.1","1015.8"
"2026-09-23","19:24:01","Clear","Dry","Very Light","-3.5","20.1","3328","2","21.5","37%","25.3","","Opened","7.281","230","Unsafe","Calm","4.8","52","11.3","4.6","1004.1","1015.8"
"2026-09-23","19:24:11","Clear","Dry","Very Light","-3.6","20.1","3328","2","21.5","37%","25.3","","Opened","7.337","230","Unsafe","Calm","4.8","52","11.3","4.4","1004.1","1015.8"
"2026-09-23","19:24:21","Clear","Dry","Very Light","-3.6","20.1","3328","2","21.5","37%","25.3","","Opened","7.292","230","Unsafe","Calm","4.8","52","11.3","4.4","1004.1","1015.8"
"2026-09-23","19:24:31","Clear","Dry","Very Light","-3.7","20.1","3328","2","21.5","37%","25.4","","Opened","7.358","230","Unsafe","Calm","4.7","52","11.2","4.3","1004.1","1015.8"
"2026-09-23","19:24:41","Clear","Dry","Very Light","-3.6","20.0","3328","2","21.5","37%","25.4","","Opened","7.446","230","Unsafe","Calm","3.8","52","11.2","4.4","1004.1","1015.8"
"2026-09-23","19:24:51","Clear","Dry","Very Light","-3.4","20.0","3328","2","21.5","37%","25.4","","Opened","7.370","230","Unsafe","Calm","3.5","52","11.3","4.6","1004.1","1015.8"
"2026-09-23","19:25:01","Clear","Dry","Very Light","-3.7","20.0","3328","2","21.5","37%","25.4","","Opened","7.317","230","Unsafe","Calm","3.6","52","11.3","4.3","1004.1","1015.8"
"2026-09-23","19:25:11","Clear","Dry","Very Light","-3.5","20.0","3328","2","21.5","37%","25.4","","Opened","7.376","230","Unsafe","Calm","3.5","52","11.3","4.5","1004.1","1015.8"
"2026-09-23","19:25:21","Clear","Dry","Very Light","-3.6","20.0","3328","2","21.5","37%","25.5","","Opened","7.319","230","Unsafe","Calm","2.8","52","11.3","4.4","1004.1","1015.8"
"2026-09-23","19:25:31","Clear","Dry","Very Light","-3.6","20.0","3328","2","21.5","37%","25.5","","Opened","7.384","230","Unsafe","Calm","2.2","52","11.3","4.4","1004.1","1015.8"
"2026-09-23","19:25:41","Clear","Dry","Very Light","-3.7","20.0","3328","2","21.5","37%","25.5","","Opened","7.461","230","Unsafe","Calm","2.2","52","11.3","4.4","1004.1","1015.8"
"2026-09-23","19:25:51","Clear","Dry","Very Light","-3.2","20.0","3328","2","21.5","37%","25.5","","Opened","7.374","230","Unsafe","Calm","2.5","52","11.3","4.8","1004.2","1015.9"
"2026-09-23","19:26:01","Clear","Dry","Very Light","-3.4","20.0","3328","2","21.5","37%","25.4","","Opened","7.294","230","Unsafe","Calm","2.6","52","11.4","4.6","1004.1","1015.8"
"2026-09-23","19:26:11","Clear","Dry","Very Light","-3.5","20.0","3328","2","21.5","37%","25.4","","Opened","7.355","230","Unsafe","Calm","2.6","52","11.3","4.5","1004.1","1015.8"
"2026-09-23","19:26:21","Clear","Dry","Very Light","-3.4","20.0","3328","2","21.5","37%","25.4","","Opened","7.291","230","Unsafe","Calm","3.4","52","11.3","4.6","1004.1","1015.8"
"2026-09-23","19:26:31","Clear","Dry","Very Light","-3.7","20.0","3328","2","21.4","37%","25.4","","Opened","7.365","230","Unsafe","Calm","3.4","52","11.3","4.3","1004.1","1015.8"
"2026-09-23","19:26:41","Clear","Dry","Very Light","-3.7","20.0","3328","2","21.4","37%","25.5","","Opened","7.449","230","Unsafe","Calm","3.4","52","11.2","4.3","1004.1","1015.8"
"2026-09-23","19:26:51","Clear","Dry","Very Light","-3.6","20.0","3328","2","21.5","37%","25.5","","Opened","7.389","230","Unsafe","Calm","3.3","52","11.3","4.5","1004.1","1015.8"
"2026-09-23","19:27:01","Clear","Dry","Very Light","-3.6","20.0","3328","3","21.4","37%","25.4","","Opened","7.310","230","Unsafe","Calm","3.1","53","11.3","4.4","1004.1","1015.8"
"2026-09-23","19:27:11","Clear","Dry","Very Light","-3.6","19.9","3328","4","21.4","37%","25.4","","Opened","7.345","230","Unsafe","Calm","3.1","52","11.3","4.4","1004.2","1015.9"
"2026-09-23","19:27:21","Clear","Dry","Light","-3.5","19.9","3328","6","21.4","37%","25.4","","Opened","7.279","230","Unsafe","Calm","3.0","53","11.3","4.5","1004.1","1015.8"
"2026-09-23","19:27:31","Clear","Dry","Light","-3.5","20.0","3328","8","21.4","37%","25.4","","Opened","7.321","230","Unsafe","Calm","3.6","52","11.3","4.5","1004.1","1015.8"
"2026-09-23","19:27:41","Clear","Dry","Light","-3.7","19.9","3328","10","21.4","37%","25.4","","Opened","7.411","230","Unsafe","Calm","3.6","52","11.3","4.3","1004.2","1015.9"
"2026-09-23","19:27:51","Clear","Dry","Light","-3.6","19.9","3328","13","21.4","37%","25.4","","Opened","7.347","230","Unsafe","Calm","3.5","52","11.3","4.4","1004.1","1015.8"
"2026-09-23","19:28:01","Clear","Dry","Light","-3.5","19.9","3328","15","21.4","37%","25.3","","Opened","7.306","230","Unsafe","Calm","3.5","53","11.3","4.5","1004.1","1015.8"
"2026-09-23","19:28:11","Clear","Dry","Light","-3.6","19.9","3328","17","21.4","37%","25.2","","Opened","7.366","230","Unsafe","Calm","3.8","53","11.4","4.4","1004.1","1015.8"
"2026-09-23","19:28:21","Clear","Dry","Light","-3.6","19.9","3328","20","21.4","37%","25.3","","Opened","7.310","230","Unsafe","Calm","3.1","53","11.4","4.4","1004.2","1015.9"
"2026-09-23","19:28:31","Clear","Dry","Light","-3.6","19.9","3328","22","21.4","37%","25.3","","Opened","7.387","230","Unsafe","Calm","2.5","53","11.3","4.4","1004.2","1015.9"
"2026-09-23","19:28:41","Clear","Dry","Light","-3.7","19.8","3328","25","21.4","37%","25.4","","Opened","7.462","230","Unsafe","Calm","2.5","52","11.3","4.3","1004.1","1015.8"
"2026-09-23","19:28:51","Clear","Dry","Light","-3.4","19.8","3328","28","21.4","37%","25.5","","Opened","7.269","230","Unsafe","Calm","2.3","52","11.2","4.6","1004.1","1015.8"
"2026-09-23","19:29:01","Clear","Dry","Light","-3.6","19.8","3328","31","21.4","37%","25.5","","Opened","7.335","230","Unsafe","Calm","1.6","52","11.2","4.3","1004.1","1015.8"
"2026-09-23","19:29:11","Clear","Dry","Light","-3.7","19.8","3328","34","21.4","37%","25.6","","Opened","7.267","230","Unsafe","Calm","0.6","52","11.2","4.3","1004.1","1015.8"
"2026-09-23","19:29:21","Clear","Dry","Light","-3.4","19.8","3328","37","21.4","37%","25.6","","Opened","7.349","230","Unsafe","Calm","1.4","52","11.3","4.6","1004.1","1015.8"
"2026-09-23","19:29:31","Clear","Dry","Light","-3.7","19.8","3328","41","21.4","37%","25.6","","Opened","7.301","230","Unsafe","Calm","2.2","53","11.3","4.3","1004.1","1015.8"
"2026-09-23","19:29:41","Clear","Dry","Light","-3.6","19.8","3328","44","21.4","37%","25.5","","Opened","7.500","230","Unsafe","Calm","3.0","53","11.4","4.4","1004.2","1015.9"
"2026-09-23","19:29:51","Clear","Dry","Light","-3.6","19.8","3328","48","21.4","37%","25.5","","Opened","7.321","230","Unsafe","Calm","3.1","53","11.3","4.4","1004.2","1015.9"
"2026-09-23","19:30:01","Clear","Dry","Light","-3.6","19.8","3328","52","21.4","37%","25.5","","Opened","7.393","230","Unsafe","Calm","3.8","53","11.4","4.4","1004.1","1015.8"
"2026-09-23","19:30:11","Clear","Dry","Light","-3.5","19.8","3328","56","21.4","37%","25.5","","Opened","7.319","230","Unsafe","Calm","4.4","53","11.3","4.5","1004.2","1015.9"
"2026-09-23","19:30:21","Clear","Dry","Light","-3.6","19.8","3328","61","21.3","37%","25.5","","Opened","7.396","230","Unsafe","Calm","3.6","53","11.3","4.3","1004.2","1015.9"
"2026-09-23","19:30:31","Clear","Dry","Light","-3.6","19.8","3328","65","21.3","37%","25.6","","Opened","7.339","230","Unsafe","Calm","2.8","53","11.2","4.3","1004.2","1015.9"
"2026-09-23","19:30:41","Clear","Dry","Light","-3.7","19.7","3328","70","21.4","37%","25.6","","Opened","7.422","230","Unsafe","Calm","2.1","53","11.3","4.3","1004.2","1015.9"
"2026-09-23","19:30:51","Clear","Dry","Light","-3.6","19.8","3328","75","21.3","37%","25.7","Heating DOWN","Opened","7.480","230","Unsafe","Calm","1.3","52","11.2","4.3","1004.3","1016.0"
"2026-09-23","19:31:01","Clear","Dry","Light","-3.3","19.8","3285","81","21.4","36%","25.7","","Opened","7.348","230","Unsafe","Calm","1.4","52","11.2","4.7","1004.1","1015.8"
"2026-09-23","19:31:11","Clear","Dry","Light","-3.3","19.8","3285","87","21.3","36%","25.5","","Opened","7.290","230","Unsafe","Calm","1.6","53","11.3","4.6","1004.1","1015.8"
"2026-09-23","19:31:21","Clear","Dry","Light","-3.7","19.8","3286","92","21.3","36%","25.5","","Opened","7.368","230","Unsafe","Calm","2.2","53","11.3","4.3","1004.2","1015.9"
"2026-09-23","19:31:31","Clear","Dry","Light","-3.5","19.8","3285","99","21.3","36%","25.5","","Opened","7.317","230","Unsafe","Calm","2.8","53","11.3","4.5","1004.2","1015.9"
"2026-09-23","19:31:41","Clear","Dry","Light","-3.7","19.8","3286","105","21.3","36%","25.5","","Opened","7.525","230","Unsafe","Calm","2.8","53","11.3","4.3","1004.1","1015.8"
"2026-09-23","19:31:51","Clear","Dry","Light","-3.5","19.8","3285","112","21.3","36%","25.6","","Opened","7.335","230","Unsafe","Calm","2.8","53","11.2","4.5","1004.2","1015.9"
"2026-09-23","19:32:01","Clear","Dry","Light","-3.6","19.8","3285","119","21.3","36%","25.5","","Opened","7.284","230","Unsafe","Calm","2.1","53","11.2","4.3","1004.3","1016.0"
"2026-09-23","19:32:11","Clear","Dry","Light","-3.5","19.8","3285","126","21.3","36%","25.5","","Opened","7.340","230","Unsafe","Calm","1.3","53","11.3","4.4","1004.3","1016.0"
"2026-09-23","19:32:21","Clear","Dry","Light","-3.5","19.8","3286","133","21.3","36%","25.5","","Opened","7.265","230","Unsafe","Calm","0.6","53","11.3","4.4","1004.2","1015.9"
"2026-09-23","19:32:31","Clear","Dry","Light","-3.6","19.8","3285","142","21.3","36%","25.6","","Opened","7.343","230","Unsafe","Calm","0.6","53","11.3","4.4","1004.1","1015.8"
"2026-09-23","19:32:41","Clear","Dry","Light","-3.6","19.8","3285","150","21.3","36%","25.6","","Opened","7.517","230","Unsafe","Calm","0.6","53","11.3","4.4","1004.2","1015.9"
"2026-09-23","19:32:51","Clear","Dry","Light","-3.5","19.7","3286","158","21.3","36%","25.6","","Opened","7.374","230","Unsafe","Calm","0.6","53","11.3","4.4","1004.1","1015.8"
"2026-09-23","19:33:01","Clear","Dry","Light","-3.6","19.8","3285","168","21.3","36%","25.6","","Opened","7.322","230","Unsafe","Calm","0.6","53","11.3","4.3","1004.2","1015.9"
"2026-09-23","19:33:11","Clear","Dry","Light","-3.7","19.7","3285","177","21.3","36%","25.6","","Opened","7.375","230","Unsafe","Calm","0.6","53","11.2","4.2","1004.2","1015.9"
"2026-09-23","19:33:21","Clear","Dry","Light","-3.7","19.7","3285","187","21.3","36%","25.7","Heating DOWN","Opened","7.439","230","Unsafe","Calm","0.6","52","11.2","4.2","1004.1","1015.8"
"2026-09-23","19:33:31","Clear","Dry","Light","-3.7","19.7","3238","197","21.3","35%","25.7","Heating DOWN","Opened","7.440","230","Unsafe","Calm","0.0","52","11.2","4.3","1004.1","1015.8"
"2026-09-23","19:33:41","Clear","Dry","Light","-3.8","19.7","3264","209","21.3","34%","25.7","Heating DOWN","Opened","7.566","230","Unsafe","Calm","0.0","52","11.2","4.1","1004.2","1015.9"
"2026-09-23","19:33:51","Clear","Dry","Light","-3.8","19.6","3328","220","21.3","33%","25.8","Heating DOWN","Opened","7.408","230","Unsafe","Calm","0.0","52","11.2","4.1","1004.2","1015.9"
"2026-09-23","19:34:01","Clear","Dry","Light","-3.7","19.6","3285","232","21.3","32%","25.7","","Opened","7.279","230","Unsafe","Calm","0.0","53","11.2","4.2","1004.1","1015.8"
"2026-09-23","19:34:11","Clear","Dry","Light","-3.6","19.7","3285","244","21.3","32%","25.7","Heating DOWN","Opened","7.462","230","Unsafe","Calm","0.0","53","11.3","4.3","1004.3","1016.0"
"2026-09-23","19:34:21","Clear","Dry","Light","-3.8","19.6","3234","258","21.3","31%","25.7","Heating DOWN","Opened","7.459","230","Unsafe","Calm","0.0","53","11.2","4.1","1004.2","1015.9"
"2026-09-23","19:34:31","Clear","Dry","Light","-3.5","19.7","3264","273","21.3","30%","25.6","","Opened","7.332","230","Unsafe","Calm","0.6","52","11.2","4.4","1004.2","1015.9"
"2026-09-23","19:34:41","Clear","Dry","Light","-3.4","19.6","3264","288","21.3","30%","25.5","","Opened","7.418","230","Unsafe","Calm","0.6","53","11.2","4.6","1004.3","1016.0"
"2026-09-23","19:34:51","Clear","Dry","Light","-3.6","19.6","3264","300","21.3","30%","25.5","","Opened","7.354","230","Unsafe","Calm","0.6","53","11.2","4.3","1004.3","1016.0"
"2026-09-23","19:35:01","Clear","Dry","Light","-3.6","19.6","3264","318","21.3","30%","25.4","","Opened","7.302","230","Unsafe","Calm","0.6","53","11.2","4.3","1004.4","1016.1"
"2026-09-23","19:35:11","Clear","Dry","Light","-3.6","19.6","3264","335","21.3","30%","25.4","","Opened","7.346","230","Unsafe","Calm","0.6","53","11.2","4.3","1004.2","1015.9"
"2026-09-23","19:35:21","Clear","Dry","Light","-3.7","19.6","3264","349","21.3","30%","25.3","","Opened","7.293","230","Unsafe","Calm","0.6","53","11.2","4.2","1004.2","1015.9"
"2026-09-23","19:35:31","Clear","Dry","Light","-3.6","19.6","3264","370","21.3","30%","25.3","","Opened","7.394","230","Unsafe","Calm","0.6","53","11.2","4.3","1004.2","1015.9"
"2026-09-23","19:35:41","Clear","Dry","Light","-3.7","19.6","3264","386","21.3","30%","25.2","","Opened","7.478","230","Unsafe","Calm","0.6","53","11.2","4.3","1004.3","1016.0"
"2026-09-23","19:35:51","Clear","Dry","Light","-3.6","19.6","3264","405","21.3","30%","25.2","","Opened","7.286","230","Unsafe","Calm","0.6","53","11.2","4.4","1004.2","1015.9"
"2026-09-23","19:36:01","Clear","Dry","Light","-3.6","19.6","3264","423","21.3","30%","25.2","","Opened","7.367","230","Unsafe","Calm","0.6","53","11.3","4.3","1004.3","1016.0"
"2026-09-23","19:36:11","Clear","Dry","Light","-3.7","19.6","3264","447","21.3","30%","25.1","","Opened","7.299","230","Unsafe","Calm","1.3","53","11.2","4.2","1004.3","1016.0"
"2026-09-23","19:36:21","Clear","Dry","Light","-3.7","19.6","3264","465","21.2","30%","24.9","","Opened","7.367","230","Unsafe","Calm","1.3","53","11.2","4.2","1004.3","1016.0"
"2026-09-23","19:36:31","Clear","Dry","Light","-3.5","19.6","3264","487","21.3","30%","24.9","Heating UP","Opened","7.433","230","Unsafe","Calm","1.4","53","11.2","4.4","1004.2","1015.9"
"2026-09-23","19:36:41","Clear","Dry","Light","-3.6","19.6","3200","514","21.2","31%","24.8","Heating UP","Opened","7.572","230","Unsafe","Calm","2.1","53","11.3","4.3","1004.2","1015.9"
"2026-09-23","19:36:51","Clear","Dry","Light","-3.7","19.6","3264","535","21.2","32%","24.8","Heating UP","Opened","7.423","230","Unsafe","Calm","2.1","53","11.3","4.2","1004.2","1015.9"
"2026-09-23","19:37:01","Clear","Dry","Light","-3.6","19.6","3328","560","21.3","33%","24.8","Heating UP","Opened","7.415","230","Unsafe","Calm","2.1","53","11.3","4.3","1004.2","1015.9"
"2026-09-23","19:37:11","Clear","Dry","Light","-3.6","19.6","3264","588","21.2","34%","24.8","Heating UP","Opened","7.392","230","Unsafe","Calm","2.1","53","11.3","4.3","1004.2","1015.9"
"2026-09-23","19:37:21","Clear","Dry","Light","-3.6","19.6","3200","618","21.2","35%","24.8","Heating UP","Opened","7.511","230","Unsafe","Calm","2.1","53","11.3","4.3","1004.3","1016.0"
"2026-09-23","19:37:31","Clear","Dry","Light","-3.6","19.6","3264","643","21.3","36%","24.8","Heating UP","Opened","7.494","230","Unsafe","Calm","1.9","53","11.3","4.3","1004.2","1015.9"
"2026-09-23","19:37:42","Clear","Dry","Light","-3.7","19.6","3328","678","21.3","37%","24.8","Heating UP","Opened","7.619","230","Unsafe","Calm","1.3","53","11.3","4.2","1004.2","1015.9"
"2026-09-23","19:37:51","Clear","Dry","Light","-3.6","19.6","3264","708","21.3","38%","24.9","","Opened","7.359","230","Unsafe","Calm","1.3","53","11.3","4.3","1004.3","1016.0"
"2026-09-23","19:38:01","Clear","Dry","Light","-3.5","19.6","3264","740","21.2","38%","24.9","","Opened","7.301","230","Unsafe","Calm","1.3","53","11.3","4.4","1004.2","1015.9"
"2026-09-23","19:38:11","Clear","Dry","Light","-3.5","19.6","3264","774","21.2","38%","24.9","","Opened","7.361","230","Unsafe","Calm","0.6","53","11.3","4.4","1004.3","1016.0"
"2026-09-23","19:38:21","Clear","Dry","Light","-3.7","19.6","3264","812","21.2","38%","25.1","","Opened","7.305","230","Unsafe","Calm","0.6","53","11.3","4.2","1004.2","1015.9"
"2026-09-23","19:38:31","Clear","Dry","Light","-3.3","19.6","3264","853","21.2","38%","25.1","","Opened","7.385","230","Unsafe","Calm","0.6","53","11.3","4.5","1004.3","1016.0"
"2026-09-23","19:38:41","Clear","Dry","Light","-3.5","19.6","3264","883","21.2","38%","25.2","","Opened","7.463","230","Unsafe","Calm","0.6","53","11.3","4.3","1004.2","1015.9"
"2026-09-23","19:38:51","Clear","Dry","Light","-3.5","19.6","3264","932","21.2","38%","25.2","","Opened","7.273","230","Unsafe","Calm","1.3","53","11.3","4.4","1004.2","1015.9"
"2026-09-23","19:39:01","Clear","Dry","Light","-3.4","19.6","3264","967","21.2","38%","25.1","","Opened","7.345","230","Unsafe","Calm","2.1","53","11.3","4.5","1004.3","1016.0"
"2026-09-23","19:39:11","Clear","Dry","Light","-3.5","19.6","3264","1005","21.2","38%","25.1","","Opened","7.268","230","Unsafe","Calm","2.7","53","11.3","4.4","1004.2","1015.9"
"2026-09-23","19:39:21","Clear","Dry","Light","-3.3","19.6","3264","1067","21.2","38%","25.1","","Opened","7.349","230","Unsafe","Calm","3.5","53","11.4","4.5","1004.3","1016.0"
"2026-09-23","19:39:31","Clear","Dry","Light","-3.4","19.6","3264","1090","21.2","38%","25.2","","Opened","7.297","230","Unsafe","Calm","3.5","53","11.4","4.5","1004.1","1015.8"
"2026-09-23","19:39:41","Clear","Dry","Light","-3.3","19.7","3264","1138","21.2","38%","25.1","","Opened","7.510","230","Unsafe","Calm","4.3","53","11.4","4.6","1004.3","1016.0"
"2026-09-23","19:39:51","Clear","Dry","Light","-3.5","19.7","3264","1189","21.2","38%","25.1","","Opened","7.314","230","Unsafe","Calm","4.3","54","11.4","4.4","1004.2","1015.9"
"2026-09-23","19:40:01","Clear","Dry","Light","-3.6","19.7","3264","1231","21.2","38%","25.1","","Opened","7.391","230","Unsafe","Calm","4.1","53","11.4","4.2","1004.3","1016.0"
"2026-09-23","19:40:11","Clear","Dry","Light","-3.5","19.7","3264","1308","21.2","38%","25.2","","Opened","7.328","230","Unsafe","Calm","3.5","53","11.4","4.3","1004.3","1016.0"
"2026-09-23","19:40:21","Clear","Dry","Light","-3.3","19.7","3264","1341","21.2","38%","25.2","","Opened","7.267","230","Unsafe","Calm","3.5","54","11.4","4.5","1004.3","1016.0"
"2026-09-23","19:40:31","Clear","Dry","Light","-3.4","19.7","3264","1413","21.2","38%","25.1","","Opened","7.346","230","Unsafe","Calm","3.5","54","11.4","4.4","1004.3","1016.0"
"2026-09-23","19:40:41","Clear","Dry","Light","-3.5","19.7","3264","1492","21.2","38%","25.2","","Opened","7.437","230","Unsafe","Calm","3.5","54","11.4","4.4","1004.3","1016.0"
"2026-09-23","19:40:51","Clear","Dry","Light","-3.4","19.7","3264","1535","21.2","38%","25.1","","Opened","7.364","230","Unsafe","Calm","3.5","54","11.4","4.5","1004.2","1015.9"
"2026-09-23","19:41:01","Clear","Dry","Light","-3.3","19.7","3264","1581","21.2","38%","25.1","","Opened","7.306","230","Unsafe","Calm","3.6","54","11.4","4.6","1004.2","1015.9"
"2026-09-23","19:41:11","Clear","Dry","Light","-3.3","19.8","3264","1680","21.2","38%","25.1","","Opened","7.375","230","Unsafe","Calm","4.5","54","11.4","4.6","1004.3","1016.0"
"2026-09-23","19:41:21","Clear","Dry","Light","-3.5","19.8","3264","1734","21.2","38%","25.1","","Opened","7.313","230","Unsafe","Calm","4.4","54","11.4","4.4","1004.3","1016.0"
"2026-09-23","19:41:31","Clear","Dry","Light","-3.5","19.8","3264","1792","21.2","38%","25.1","","Opened","7.390","230","Unsafe","Calm","4.4","54","11.4","4.4","1004.3","1016.0"
"2026-09-23","19:41:41","Clear","Dry","Light","-3.6","19.7","3264","1854","21.2","38%","25.2","","Opened","7.482","230","Unsafe","Calm","3.6","54","11.4","4.3","1004.3","1016.0"
"2026-09-23","19:41:51","Clear","Dry","Light","-3.3","19.7","3264","1919","21.2","38%","25.2","","Opened","7.289","230","Unsafe","Calm","3.8","54","11.4","4.5","1004.3","1016.0"
"2026-09-23","19:42:01","Clear","Dry","Light","-3.4","19.7","3264","2066","21.2","38%","25.1","","Opened","7.350","230","Unsafe","Calm","3.6","54","11.5","4.4","1004.3","1016.0"
"2026-09-23","19:42:11","Clear","Dry","Light","-3.5","19.7","3264","2147","21.2","38%","25.2","","Opened","7.265","230","Unsafe","Calm","3.3","54","11.5","4.4","1004.2","1015.9"
"2026-09-23","19:42:21","Clear","Dry","Light","-3.5","19.7","3264","2236","21.2","38%","25.2","","Opened","7.355","230","Unsafe","Calm","3.5","54","11.4","4.3","1004.3","1016.0"
"2026-09-23","19:42:31","Clear","Dry","Light","-3.3","19.8","3264","2331","21.2","38%","25.1","","Opened","7.300","230","Unsafe","Calm","3.8","54","11.4","4.6","1004.3","1016.0"
"2026-09-23","19:42:41","Clear","Dry","Light","-3.3","19.8","3264","2331","21.2","38%","25.1","","Opened","7.504","230","Unsafe","Calm","4.7","54","11.5","4.5","1004.3","1016.0"
"2026-09-23","19:42:51","Clear","Dry","Light","-3.5","19.8","3264","2435","21.2","38%","25.1","","Opened","7.302","230","Unsafe","Calm","4.8","54","11.5","4.3","1004.3","1016.0"
"2026-09-23","19:43:01","Clear","Dry","Light","-3.3","19.8","3264","2548","21.1","38%","25.1","","Opened","7.370","230","Unsafe","Calm","5.1","54","11.5","4.5","1004.3","1016.0"
"2026-09-23","19:43:11","Clear","Dry","Light","-3.3","19.8","3264","2672","21.2","38%","25.1","","Opened","7.311","230","Unsafe","Calm","5.2","54","11.5","4.6","1004.3","1016.0"
"2026-09-23","19:43:21","Clear","Dry","Light","-3.3","19.8","3264","2808","21.1","38%","24.9","","Opened","7.391","230","Unsafe","Calm","5.2","54","11.5","4.5","1004.3","1016.0"
"2026-09-23","19:43:31","Clear","Dry","Light","-3.4","19.8","3264","2959","21.1","38%","24.9","","Opened","7.333","230","Unsafe","Calm","5.1","54","11.5","4.5","1004.3","1016.0"
"2026-09-23","19:43:41","Clear","Dry","Light","-3.3","19.8","3264","3127","21.1","38%","24.9","","Opened","7.432","230","Unsafe","Calm","5.0","54","11.5","4.5","1004.3","1016.0"
"2026-09-23","19:43:51","Clear","Dry","Light","-3.4","19.9","3264","3127","21.1","38%","24.9","","Opened","7.370","230","Unsafe","Calm","5.0","54","11.5","4.5","1004.3","1016.0"
"2026-09-23","19:44:01","Clear","Dry","Light","-3.5","19.9","3264","3127","21.2","38%","24.9","","Opened","7.322","230","Unsafe","Calm","4.8","54","11.5","4.4","1004.3","1016.0"
"2026-09-23","19:44:11","Clear","Dry","Light","-3.5","19.9","3264","3314","21.1","38%","24.9","","Opened","7.256","230","Unsafe","Calm","5.0","54","11.5","4.4","1004.3","1016.0"
"2026-09-23","19:44:21","Clear","Dry","Light","-3.5","19.9","3264","3525","21.1","38%","24.9","","Opened","7.342","230","Unsafe","Calm","4.8","54","11.5","4.3","1004.3","1016.0"
"2026-09-23","19:44:31","Clear","Dry","Light","-3.5","19.9","3264","3525","21.1","38%","25.1","","Opened","7.291","230","Unsafe","Calm","4.7","54","11.5","4.3","1004.3","1016.0"
"2026-09-23","19:44:41","Clear","Dry","Light","-3.4","19.9","3264","3763","21.1","38%","25.1","","Opened","7.500","230","Unsafe","Calm","3.9","54","11.5","4.5","1004.3","1016.0"
"2026-09-23","19:44:51","Clear","Dry","Light","-3.3","19.8","3264","3763","21.1","38%","25.2","","Opened","7.313","230","Unsafe","Calm","3.6","54","11.5","4.6","1004.3","1016.0"
"2026-09-23","19:45:01","Clear","Dry","Light","-3.3","19.8","3264","4036","21.2","38%","25.2","","Opened","7.397","230","Unsafe","Calm","3.6","54","11.5","4.5","1004.4","1016.1"
"2026-09-23","19:45:11","Clear","Dry","Light","-3.3","19.9","3264","4036","21.1","38%","25.1","","Opened","7.342","230","Unsafe","Calm","3.3","54","11.5","4.5","1004.3","1016.0"
"2026-09-23","19:45:21","Clear","Dry","Light","-3.6","19.9","3264","4351","21.1","38%","25.2","","Opened","7.295","230","Unsafe","Calm","3.3","54","11.5","4.2","1004.3","1016.0"
"2026-09-23","19:45:31","Clear","Dry","Light","-3.6","19.8","3264","4718","21.1","38%","25.2","","Opened","7.381","230","Unsafe","Calm","3.5","54","11.5","4.3","1004.3","1016.0"
"2026-09-23","19:45:41","Clear","Dry","Light","-3.2","19.8","3264","4718","21.1","38%","25.2","","Opened","7.466","230","Unsafe","Calm","4.3","54","11.5","4.7","1004.2","1015.9"
"2026-09-23","19:45:51","Clear","Dry","Light","-3.5","19.8","3264","4718","21.1","38%","25.2","","Opened","7.284","230","Unsafe","Calm","4.3","54","11.5","4.3","1004.3","1016.0"
"2026-09-23","19:46:01","Clear","Dry","Dark","-3.5","19.8","3264","5152","21.1","38%","25.3","","Opened","7.354","230","Unsafe","Calm","3.5","54","11.5","4.4","1004.4","1016.1"
"2026-09-23","19:46:11","Clear","Dry","Dark","-3.4","19.8","3264","5152","21.1","38%","25.2","","Opened","7.304","230","Unsafe","Calm","3.8","54","11.5","4.4","1004.3","1016.0"
"2026-09-23","19:46:21","Clear","Dry","Dark","-3.2","19.8","3264","5152","21.1","38%","25.1","","Opened","7.375","230","Unsafe","Calm","4.3","54","11.6","4.7","1004.3","1016.0"
"2026-09-23","19:46:31","Clear","Dry","Dark","-3.5","19.9","3264","5152","21.1","38%","25.1","","Opened","7.333","230","Unsafe","Calm","4.3","54","11.6","4.3","1004.3","1016.0"
"2026-09-23","19:46:41","Clear","Dry","Dark","-3.4","19.8","3264","5673","21.1","38%","25.1","","Opened","7.435","230","Unsafe","Calm","4.2","54","11.6","4.5","1004.3","1016.0"
"2026-09-23","19:46:51","Clear","Dry","Dark","-3.6","19.8","3264","6309","21.1","38%","25.2","","Opened","7.364","230","Unsafe","Calm","3.5","54","11.5","4.2","1004.3","1016.0"
"2026-09-23","19:47:01","Clear","Dry","Dark","-3.3","19.8","3264","6309","21.1","38%","25.2","","Opened","7.320","230","Unsafe","Calm","4.2","54","11.5","4.5","1004.3","1016.0"
"2026-09-23","19:47:11","Clear","Dry","Dark","-3.4","19.8","3264","6309","21.1","38%","25.1","","Opened","7.381","230","Unsafe","Calm","3.9","54","11.5","4.4","1004.3","1016.0"
"2026-09-23","19:47:21","Clear","Dry","Dark","-3.4","19.8","3264","6309","21.1","38%","25.1","","Opened","7.332","230","Unsafe","Calm","3.3","54","11.5","4.4","1004.3","1016.0"
"2026-09-23","19:47:31","Clear","Dry","Dark","-3.6","19.8","3264","7105","21.1","38%","25.2","","Opened","7.291","230","Unsafe","Calm","2.6","54","11.5","4.2","1004.3","1016.0"
"2026-09-23","19:47:41","Clear","Dry","Dark","-3.4","19.8","3264","7105","21.1","38%","25.2","","Opened","7.498","230","Unsafe","Calm","1.9","54","11.5","4.5","1004.3","1016.0"
"2026-09-23","19:47:51","Clear","Dry","Dark","-3.7","19.8","3264","7105","21.1","38%","25.3","","Opened","7.313","230","Unsafe","Calm","1.9","54","11.5","4.1","1004.3","1016.0"
"2026-09-23","19:48:01","Clear","Dry","Dark","-3.4","19.8","3264","7105","21.1","38%","25.4","","Opened","7.386","230","Unsafe","Calm","1.3","54","11.4","4.5","1004.3","1016.0"
"2026-09-23","19:48:11","Clear","Dry","Dark","-3.5","19.8","3264","7105","21.2","38%","25.4","","Opened","7.331","230","Unsafe","Calm","0.6","54","11.5","4.4","1004.3","1016.0"
"2026-09-23","19:48:21","Clear","Dry","Dark","-3.6","19.8","3264","8128","21.1","38%","25.4","","Opened","7.272","230","Unsafe","Calm","0.0","54","11.5","4.3","1004.3","1016.0"
"2026-09-23","19:48:31","Clear","Dry","Dark","-3.7","19.8","3264","8128","21.1","38%","25.5","Heating DOWN","Opened","7.466","230","Unsafe","Calm","0.0","54","11.4","4.1","1004.3","1016.0"
"2026-09-23","19:48:42","Clear","Dry","Dark","-3.6","19.7","3328","8128","21.1","37%","25.6","Heating DOWN","Opened","7.623","230","Unsafe","Calm","0.0","54","11.4","4.2","1004.3","1016.0"
"2026-09-23","19:48:51","Clear","Dry","Dark","-3.7","19.7","3328","9492","21.1","36%","25.6","Heating DOWN","Opened","7.460","230","Unsafe","Calm","0.0","54","11.4","4.1","1004.3","1016.0"
"2026-09-23","19:49:01","Clear","Dry","Dark","-3.4","19.7","3219","9492","21.2","35%","25.6","Heating DOWN","Opened","7.470","230","Unsafe","Calm","0.0","54","11.5","4.4","1004.4","1016.1"
"2026-09-23","19:49:11","Clear","Dry","Dark","-3.5","19.7","3264","9492","21.1","34%","25.6","Heating DOWN","Opened","7.452","230","Unsafe","Calm","0.0","54","11.5","4.3","1004.3","1016.0"
"2026-09-23","19:49:21","Clear","Dry","Dark","-3.5","19.7","3328","9492","21.2","33%","25.6","Heating DOWN","Opened","7.448","230","Unsafe","Calm","0.0","54","11.5","4.3","1004.3","1016.0"
"2026-09-23","19:49:31","Clear","Dry","Dark","-3.6","19.7","3264","11402","21.2","32%","25.5","","Opened","7.329","230","Unsafe","Calm","0.0","54","11.5","4.3","1004.3","1016.0"
"2026-09-23","19:49:42","Clear","Dry","Dark","-3.7","19.6","3264","11402","21.1","32%","25.5","Heating DOWN","Opened","7.661","230","Unsafe","Calm","0.0","54","11.5","4.1","1004.4","1016.1"
"2026-09-23","19:49:51","Clear","Dry","Dark","-3.8","19.6","3200","9492","21.1","31%","25.6","Heating DOWN","Opened","7.513","230","Unsafe","Calm","0.0","54","11.4","4.1","1004.3","1016.0"
"2026-09-23","19:50:01","Clear","Dry","Dark","-3.4","19.6","3264","11402","21.2","30%","25.5","","Opened","7.387","230","Unsafe","Calm","0.6","54","11.4","4.5","1004.3","1016.0"
"2026-09-23","19:50:11","Clear","Dry","Dark","-3.7","19.6","3264","11402","21.1","30%","25.5","Heating DOWN","Opened","7.455","230","Unsafe","Calm","0.6","54","11.5","4.1","1004.3","1016.0"
"2026-09-23","19:50:21","Clear","Dry","Dark","-3.6","19.6","3328","11402","21.2","29%","25.5","","Opened","7.332","230","Unsafe","Calm","0.6","54","11.5","4.2","1004.3","1016.0"
"2026-09-23","19:50:31","Clear","Dry","Dark","-3.7","19.6","3328","11402","21.1","29%","25.4","","Opened","7.287","230","Unsafe","Calm","0.6","54","11.4","4.2","1004.2","1015.9"
"2026-09-23","19:50:41","Clear","Dry","Dark","-3.7","19.6","3328","11402","21.1","29%","25.4","","Opened","7.503","230","Unsafe","Calm","0.6","54","11.4","4.2","1004.3","1016.0"
"2026-09-23","19:50:51","Clear","Dry","Dark","-3.7","19.6","3328","14266","21.2","29%","25.3","","Opened","7.289","230","Unsafe","Calm","0.6","54","11.5","4.1","1004.3","1016.0"
"2026-09-23","19:51:01","Clear","Dry","Dark","-3.7","19.5","3328","14266","21.1","29%","25.3","","Opened","7.367","230","Safe","Calm","0.0","54","11.4","4.1","1004.3","1016.0"
"2026-09-23","19:51:11","Clear","Dry","Dark","-3.7","19.5","3328","14266","21.1","29%","25.2","","Opened","7.301","230","Safe","Calm","0.0","54","11.4","4.1","1004.3","1016.0"
"2026-09-23","19:51:21","Clear","Dry","Dark","-3.5","19.5","3328","14266","21.2","29%","25.2","","Opened","7.387","230","Safe","Calm","0.0","54","11.5","4.3","1004.3","1016.0"
"2026-09-23","19:51:31","Clear","Dry","Dark","-3.7","19.5","3328","14266","21.2","29%","25.1","","Opened","7.345","230","Safe","Calm","0.0","54","11.5","4.2","1004.3","1016.0"
"2026-09-23","19:51:41","Clear","Dry","Dark","-3.5","19.5","3328","14266","21.1","29%","25.1","","Opened","7.427","230","Safe","Calm","0.0","54","11.5","4.3","1004.3","1016.0"
"2026-09-23","19:51:51","Clear","Dry","Dark","-3.8","19.5","3328","14266","21.1","29%","24.9","","Opened","7.374","230","Safe","Calm","0.0","54","11.4","4.1","1004.3","1016.0"
"2026-09-23","19:52:01","Clear","Dry","Dark","-3.9","19.5","3328","14266","21.2","29%","24.9","","Opened","7.328","230","Safe","Calm","0.0","54","11.4","4.0","1004.3","1016.0"
"2026-09-23","19:52:11","Clear","Dry","Dark","-3.5","19.5","3328","19040","21.1","29%","24.9","","Opened","7.385","230","Safe","Calm","0.0","54","11.4","4.3","1004.3","1016.0"
"2026-09-23","19:52:21","Clear","Dry","Dark","-3.7","19.5","3328","19040","21.1","29%","24.8","","Opened","7.351","230","Safe","Calm","0.0","54","11.4","4.1","1004.3","1016.0"
"2026-09-23","19:52:31","Clear","Dry","Dark","-3.7","19.4","3328","19040","21.1","29%","24.8","","Opened","7.295","230","Safe","Calm","0.0","54","11.4","4.1","1004.3","1016.0"
"2026-09-23","19:52:42","Clear","Dry","Dark","-3.8","19.4","3328","19040","21.1","29%","24.8","Heating UP","Opened","7.633","230","Safe","Calm","0.0","54","11.4","4.1","1004.3","1016.0"
"2026-09-23","19:52:51","Clear","Dry","Dark","-3.9","19.4","3251","19040","21.1","30%","24.9","","Opened","7.370","230","Safe","Calm","0.0","54","11.4","4.0","1004.3","1016.0"
"2026-09-23","19:53:01","Clear","Dry","Dark","-3.8","19.4","3251","19040","21.1","30%","24.9","","Opened","7.320","230","Safe","Calm","0.0","53","11.3","4.0","1004.3","1016.0"
"2026-09-23","19:53:11","Clear","Dry","Dark","-3.7","19.3","3252","19040","21.1","30%","24.9","","Opened","7.266","230","Safe","Calm","0.0","53","11.3","4.1","1004.3","1016.0"
"2026-09-23","19:53:21","Clear","Dry","Dark","-3.6","19.3","3246","19040","21.1","30%","24.9","","Opened","7.325","230","Safe","Calm","0.0","53","11.3","4.3","1004.3","1016.0"
"2026-09-23","19:53:31","Clear","Dry","Dark","-3.7","19.3","3243","19040","21.1","30%","24.8","","Opened","7.391","230","Safe","Calm","0.0","54","11.4","4.1","1004.3","1016.0"
"2026-09-23","19:53:42","Clear","Dry","Dark","-3.7","19.3","3243","19040","21.1","30%","24.8","Heating UP","Opened","7.609","230","Safe","Calm","0.0","54","11.5","4.1","1004.3","1016.0"
"2026-09-23","19:53:51","Clear","Dry","Dark","-3.8","19.3","3200","28588","21.1","31%","24.8","","Opened","7.334","230","Safe","Calm","0.0","54","11.4","4.0","1004.3","1016.0"
"2026-09-23","19:54:01","Clear","Dry","Dark","-3.8","19.3","3200","28588","21.1","31%","24.9","","Opened","7.292","230","Safe","Calm","0.0","54","11.4","4.0","1004.3","1016.0"
"2026-09-23","19:54:11","Clear","Dry","Dark","-3.7","19.3","3200","28588","21.1","31%","24.8","","Opened","7.354","230","Safe","Calm","0.0","54","11.4","4.1","1004.4","1016.1"
"2026-09-23","19:54:21","Clear","Dry","Dark","-3.8","19.3","3200","28588","21.1","31%","24.8","","Opened","7.299","230","Safe","Calm","0.0","54","11.4","4.0","1004.4","1016.1"
"2026-09-23","19:54:31","Clear","Dry","Dark","-3.7","19.3","3200","28588","21.1","31%","24.8","","Opened","7.384","230","Safe","Calm","0.0","54","11.4","4.1","1004.3","1016.0"
"2026-09-23","19:54:42","Clear","Dry","Dark","-3.7","19.3","3200","28588","21.1","31%","24.7","Heating UP","Opened","7.595","230","Safe","Calm","0.0","54","11.3","4.2","1004.3","1016.0"
"2026-09-23","19:54:51","Clear","Dry","Dark","-3.4","19.3","3264","28588","21.1","32%","24.7","Heating UP","Opened","7.454","230","Safe","Calm","0.6","54","11.4","4.4","1004.3","1016.0"
"2026-09-23","19:55:01","Clear","Dry","Dark","-3.5","19.3","3328","28588","21.1","33%","24.6","Heating UP","Opened","7.456","230","Safe","Calm","1.3","54","11.5","4.3","1004.3","1016.0"
"2026-09-23","19:55:11","Clear","Dry","Dark","-3.7","19.3","3243","28588","21.1","34%","24.6","Heating UP","Opened","7.442","230","Safe","Calm","1.3","54","11.5","4.1","1004.3","1016.0"
"2026-09-23","19:55:21","Clear","Dry","Dark","-3.8","19.3","3200","28588","21.1","35%","24.7","","Opened","7.322","230","Safe","Calm","1.3","54","11.4","4.0","1004.3","1016.0"
"2026-09-23","19:55:32","Clear","Dry","Dark","-3.8","19.2","3200","28588","21.1","35%","24.7","Heating UP","Opened","7.523","230","Safe","Calm","1.3","54","11.4","4.0","1004.3","1016.0"
"2026-09-23","19:55:42","Clear","Dry","Dark","-3.9","19.2","3264","28588","21.1","36%","24.9","","Opened","7.540","230","Safe","Calm","1.3","54","11.4","3.9","1004.3","1016.0"
"2026-09-23","19:55:51","Clear","Dry","Dark","-3.7","19.2","3264","28588","21.1","36%","24.9","","Opened","7.361","230","Safe","Calm","0.6","54","11.3","4.1","1004.4","1016.1"
"2026-09-23","19:56:01","Clear","Dry","Dark","-3.7","19.2","3264","28588","21.1","36%","25.1","","Opened","7.303","230","Safe","Calm","0.0","54","11.3","4.1","1004.4","1016.1"
"2026-09-23","19:56:11","Clear","Dry","Dark","-3.8","19.2","3264","28588","21.1","36%","25.2","","Opened","7.376","230","Safe","Calm","0.0","54","11.3","4.0","1004.3","1016.0"
"2026-09-23","19:56:21","Clear","Dry","Dark","-3.9","19.2","3264","28588","21.1","36%","25.2","","Opened","7.311","230","Safe","Calm","0.0","54","11.3","3.9","1004.3","1016.0"
"2026-09-23","19:56:31","Clear","Dry","Dark","-3.7","19.2","3264","28588","21.1","36%","25.2","","Opened","7.395","230","Safe","Calm","0.0","54","11.3","4.1","1004.5","1016.2"
"2026-09-23","19:56:42","Clear","Dry","Dark","-3.7","19.1","3264","28588","21.1","36%","25.3","","Opened","7.485","230","Safe","Calm","0.0","54","11.3","4.1","1004.3","1016.0"
"2026-09-23","19:56:51","Clear","Dry","Dark","-3.9","19.1","3264","57232","21.1","36%","25.3","","Opened","7.298","230","Safe","Calm","0.0","54","11.3","3.9","1004.4","1016.2"
"2026-09-23","19:57:01","Clear","Dry","Dark","-3.9","19.1","3264","28588","21.1","36%","25.4","","Opened","7.383","230","Safe","Calm","0.0","54","11.3","3.9","1004.3","1016.0"
"2026-09-23","19:57:11","Clear","Dry","Dark","-3.8","19.1","3264","28588","21.1","36%","25.4","","Opened","7.317","230","Safe","Calm","0.0","54","11.3","4.0","1004.3","1016.0"
"2026-09-23","19:57:22","Clear","Dry","Dark","-3.9","19.1","3264","28588","21.1","36%","25.5","Heating DOWN","Opened","7.510","230","Safe","Calm","0.0","54","11.3","3.9","1004.4","1016.1"
"2026-09-23","19:57:32","Clear","Dry","Dark","-3.9","19.1","3200","57232","21.1","35%","25.6","Heating DOWN","Opened","7.513","230","Safe","Calm","0.0","54","11.3","3.9","1004.4","1016.1"
"2026-09-23","19:57:42","Clear","Dry","Dark","-3.9","19.0","3264","57232","21.1","34%","25.6","Heating DOWN","Opened","7.645","230","Safe","Calm","0.0","53","11.3","3.9","1004.4","1016.1"
"2026-09-23","19:57:52","Clear","Dry","Dark","-3.8","19.0","3328","57232","21.1","33%","25.6","Heating DOWN","Opened","7.495","230","Safe","Calm","0.0","53","11.3","4.0","1004.3","1016.0"
"2026-09-23","19:58:02","Clear","Dry","Dark","-3.9","19.0","3264","57232","21.1","32%","25.7","Heating DOWN","Opened","7.499","230","Safe","Calm","0.0","53","11.3","3.9","1004.4","1016.2"
"2026-09-23","19:58:12","Clear","Dry","Dark","-3.7","19.0","3264","57232","21.1","30%","25.7","Heating DOWN","Opened","7.480","230","Safe","Calm","0.0","53","11.2","4.1","1004.4","1016.2"
"2026-09-23","19:58:21","Clear","Dry","Dark","-3.9","19.0","3264","57232","21.1","28%","25.6","","Opened","7.383","230","Safe","Calm","0.0","53","11.3","3.9","1004.3","1016.0"
"2026-09-23","19:58:31","Clear","Dry","Dark","-3.9","19.0","3264","57232","21.1","28%","25.6","Heating DOWN","Opened","7.440","230","Safe","Calm","0.0","53","11.3","3.9","1004.3","1016.0"
"2026-09-23","19:58:41","Clear","Dry","Dark","-3.7","19.0","3200","57232","21.1","27%","25.5","","Opened","7.445","230","Safe","Calm","0.0","54","11.3","4.1","1004.3","1016.0"
"2026-09-23","19:58:51","Clear","Dry","Dark","-3.8","19.0","3200","57232","21.0","27%","25.4","","Opened","7.409","230","Safe","Calm","0.0","54","11.3","3.9","1004.4","1016.1"
"2026-09-23","19:59:02","Clear","Dry","Dark","-3.9","19.0","3200","57232","21.0","27%","25.4","Heating DOWN","Opened","7.471","230","Safe","Calm","0.0","54","11.3","3.9","1004.4","1016.1"
"2026-09-23","19:59:11","Clear","Dry","Dark","-4.0","19.0","3253","57232","21.0","26%","25.3","","Opened","7.347","230","Safe","Calm","0.0","54","11.2","3.8","1004.4","1016.2"
"2026-09-23","19:59:21","Clear","Dry","Dark","-3.8","19.0","3243","57232","21.0","26%","25.2","","Opened","7.304","230","Safe","Calm","0.0","54","11.3","3.9","1004.4","1016.1"
"2026-09-23","19:59:31","Clear","Dry","Dark","-4.1","19.0","3243","57232","21.0","26%","25.1","","Opened","7.365","230","Safe","Calm","0.0","54","11.3","3.6","1004.4","1016.1"
"2026-09-23","19:59:42","Clear","Dry","Dark","-4.1","18.9","3243","57232","21.0","26%","24.9","","Opened","7.452","230","Safe","Calm","0.0","54","11.4","3.7","1004.4","1016.1"
"2026-09-23","19:59:51","Clear","Dry","Dark","-4.0","18.9","3242","57232","21.0","26%","24.9","","Opened","7.389","230","Safe","Calm","0.0","54","11.3","3.7","1004.4","1016.2"
"2026-09-23","20:00:01","Clear","Dry","Dark","-4.2","18.9","3243","57232","21.0","26%","24.9","","Opened","7.337","230","Safe","Calm","0.0","54","11.3","3.5","1004.4","1016.1"
"2026-09-23","20:00:11","Clear","Dry","Dark","-4.1","18.8","3242","57232","21.0","26%","24.9","","Opened","7.280","230","Safe","Calm","0.0","54","11.2","3.6","1004.4","1016.1"
"2026-09-23","20:00:21","Clear","Dry","Dark","-4.0","18.8","3242","57232","21.0","26%","24.9","","Opened","7.359","230","Safe","Calm","0.0","54","11.3","3.7","1004.4","1016.1"
"2026-09-23","20:00:31","Clear","Dry","Dark","-4.0","18.8","3242","57232","21.0","26%","24.9","","Opened","7.296","230","Safe","Calm","0.0","54","11.2","3.7","1004.3","1016.0"
"2026-09-23","20:00:42","Clear","Dry","Dark","-3.9","18.8","3243","57232","21.0","26%","24.8","","Opened","7.500","230","Safe","Calm","0.0","53","11.2","3.8","1004.4","1016.2"
"2026-09-23","20:00:51","Clear","Dry","Dark","-3.9","18.8","3243","57232","21.0","26%","24.8","","Opened","7.302","230","Safe","Calm","0.0","53","11.2","3.9","1004.4","1016.1"
"2026-09-23","20:01:01","Clear","Dry","Dark","-4.0","18.7","3243","57232","21.0","26%","24.8","","Opened","7.388","230","Safe","Calm","0.0","53","11.2","3.8","1004.3","1016.0"
"2026-09-23","20:01:11","Clear","Dry","Dark","-4.0","18.7","3243","57232","21.0","26%","24.7","","Opened","7.324","230","Safe","Calm","0.0","53","11.2","3.8","1004.4","1016.1"
"2026-09-23","20:01:21","Clear","Dry","Dark","-3.9","18.7","3242","57232","21.0","26%","24.7","","Opened","7.279","230","Safe","Calm","0.0","53","11.2","3.9","1004.4","1016.2"
"2026-09-23","20:01:31","Clear","Dry","Dark","-4.0","18.7","3243","57232","21.0","26%","24.7","","Opened","7.358","230","Safe","Calm","0.0","53","11.2","3.7","1004.4","1016.1"
"2026-09-23","20:01:42","Clear","Dry","Dark","-4.0","18.7","3242","57232","21.0","26%","24.8","","Opened","7.449","230","Safe","Calm","0.0","53","11.1","3.8","1004.4","1016.1"
"2026-09-23","20:01:51","Clear","Dry","Dark","-4.0","18.7","3242","57232","21.0","26%","24.7","","Opened","7.386","230","Safe","Calm","0.0","53","11.1","3.8","1004.4","1016.1"
"2026-09-23","20:02:01","Clear","Dry","Dark","-4.0","18.6","3243","57232","21.0","26%","24.7","","Opened","7.329","230","Safe","Calm","0.0","53","11.1","3.7","1004.4","1016.2"
"2026-09-23","20:02:11","Clear","Dry","Dark","-3.9","18.6","3243","57232","21.0","26%","24.7","","Opened","7.260","230","Safe","Calm","0.0","53","11.1","3.8","1004.4","1016.1"
"2026-09-23","20:02:21","Clear","Dry","Dark","-3.9","18.6","3242","57232","21.0","26%","24.7","","Opened","7.336","230","Safe","Calm","0.0","53","11.1","3.9","1004.4","1016.1"
"2026-09-23","20:02:32","Clear","Dry","Dark","-3.5","18.6","3243","57232","21.0","26%","24.6","Heating UP","Opened","7.415","230","Safe","Calm","0.0","53","11.1","4.2","1004.4","1016.1"
"2026-09-23","20:02:42","Clear","Dry","Dark","-4.0","18.7","3200","57232","21.0","27%","24.6","Heating UP","Opened","7.555","230","Safe","Calm","0.0","53","11.2","3.8","1004.4","1016.1"
"2026-09-23","20:02:51","Clear","Dry","Dark","-4.0","18.6","3264","57232","21.0","28%","24.6","Heating UP","Opened","7.401","230","Safe","Calm","0.0","53","11.2","3.8","1004.4","1016.1"
"2026-09-23","20:03:01","Clear","Dry","Dark","-3.7","18.6","3328","57232","21.0","29%","24.6","Heating UP","Opened","7.398","230","Safe","Calm","0.0","53","11.2","4.0","1004.4","1016.2"
"2026-09-23","20:03:11","Clear","Dry","Dark","-3.9","18.6","3243","57232","21.0","30%","24.6","Heating UP","Opened","7.376","230","Safe","Calm","0.0","53","11.2","3.8","1004.4","1016.2"
"2026-09-23","20:03:22","Clear","Dry","Dark","-4.1","18.6","3200","57232","21.0","31%","24.6","Heating UP","Opened","7.483","230","Safe","Calm","0.0","53","11.1","3.6","1004.4","1016.2"
"2026-09-23","20:03:31","Clear","Dry","Dark","-4.1","18.6","3264","57232","21.0","32%","24.7","","Opened","7.357","230","Safe","Calm","0.0","53","11.1","3.6","1004.4","1016.1"
"2026-09-23","20:03:42","Clear","Dry","Dark","-4.1","18.6","3264","57232","21.0","32%","24.7","","Opened","7.453","230","Safe","Calm","0.0","53","11.1","3.7","1004.4","1016.1"
"2026-09-23","20:03:51","Clear","Dry","Dark","-4.2","18.6","3264","57232","21.0","32%","24.8","","Opened","7.372","230","Safe","Calm","0.0","53","11.1","3.6","1004.4","1016.1"
"2026-09-23","20:04:01","Clear","Dry","Dark","-4.2","18.5","3264","57232","21.0","32%","24.9","","Opened","7.323","230","Safe","Calm","0.0","53","11.1","3.5","1004.4","1016.1"
"2026-09-23","20:04:11","Clear","Dry","Dark","-4.2","18.5","3264","57232","21.0","32%","25.1","","Opened","7.257","230","Safe","Calm","0.0","53","11.1","3.5","1004.4","1016.2"
"2026-09-23","20:04:21","Clear","Dry","Dark","-4.2","18.5","3264","57232","21.0","32%","25.2","","Opened","7.335","230","Safe","Calm","0.0","53","11.1","3.5","1004.4","1016.2"
"2026-09-23","20:04:31","Clear","Dry","Dark","-4.2","18.4","3264","57232","21.0","32%","25.2","","Opened","7.278","230","Safe","Calm","0.0","53","11.1","3.5","1004.4","1016.2"
"2026-09-23","20:04:42","Clear","Dry","Dark","-4.2","18.4","3264","57232","21.0","32%","25.3","","Opened","7.474","230","Safe","Calm","0.0","53","11.1","3.5","1004.4","1016.2"
"2026-09-23","20:04:51","Clear","Dry","Dark","-4.2","18.4","3264","57232","21.0","32%","25.3","","Opened","7.293","230","Safe","Calm","0.0","53","11.1","3.5","1004.4","1016.1"
"2026-09-23","20:05:02","Clear","Dry","Dark","-4.1","18.4","3264","57232","21.0","32%","25.3","","Opened","7.372","230","Safe","Calm","0.0","53","11.1","3.6","1004.6","1016.3"
"2026-09-23","20:05:11","Clear","Dry","Dark","-4.0","18.3","3264","57232","21.0","32%","25.3","","Opened","7.310","230","Safe","Calm","0.0","53","11.1","3.7","1004.4","1016.1"
"2026-09-23","20:05:22","Clear","Dry","Dark","-4.1","18.4","3264","57232","21.0","32%","25.3","","Opened","7.392","230","Safe","Calm","0.0","53","11.0","3.6","1004.6","1016.3"
"2026-09-23","20:05:32","Clear","Dry","Dark","-4.2","18.3","3264","57232","21.0","32%","25.4","Heating DOWN","Opened","7.446","230","Safe","Calm","0.0","53","11.0","3.6","1004.4","1016.1"
"2026-09-23","20:05:42","Clear","Dry","Dark","-4.2","18.3","3200","57232","21.0","31%","25.4","Heating DOWN","Opened","7.587","230","Safe","Calm","0.0","53","11.0","3.5","1004.4","1016.2"
"2026-09-23","20:05:52","Clear","Dry","Dark","-4.3","18.3","3243","57232","21.0","30%","25.4","Heating DOWN","Opened","7.418","230","Safe","Calm","0.0","53","11.0","3.5","1004.5","1016.2"
"2026-09-23","20:06:02","Clear","Dry","Dark","-4.3","18.3","3328","57232","21.0","29%","25.5","Heating DOWN","Opened","7.410","230","Safe","Calm","0.0","53","11.1","3.5","1004.4","1016.1"
"2026-09-23","20:06:12","Clear","Dry","Dark","-4.2","18.2","3264","57232","21.0","28%","25.5","Heating DOWN","Opened","7.376","230","Safe","Calm","0.0","53","11.0","3.6","1004.4","1016.1"
"2026-09-23","20:06:22","Clear","Dry","Dark","-4.2","18.3","3200","57232","20.9","27%","25.4","","Opened","7.373","230","Safe","Calm","0.0","53","11.0","3.6","1004.5","1016.2"
"2026-09-23","20:06:32","Clear","Dry","Dark","-4.2","18.2","3200","57232","21.0","27%","25.4","Heating DOWN","Opened","7.430","230","Safe","Calm","0.0","53","11.0","3.5","1004.5","1016.2"
"2026-09-23","20:06:42","Clear","Dry","Dark","-4.1","18.2","3247","57232","20.9","26%","25.4","Heating DOWN","Opened","7.552","230","Safe","Calm","0.0","53","11.0","3.6","1004.4","1016.2"
"2026-09-23","20:06:52","Clear","Dry","Dark","-4.1","18.2","3328","57232","20.9","25%","25.4","Heating DOWN","Opened","7.426","230","Safe","Calm","0.0","53","11.0","3.6","1004.6","1016.4"
"2026-09-23","20:07:01","Clear","Dry","Dark","-4.1","18.2","3264","57232","21.0","24%","25.3","","Opened","7.293","230","Safe","Calm","0.0","53","11.0","3.6","1004.4","1016.2"
"2026-09-23","20:07:12","Clear","Dry","Dark","-4.0","18.2","3264","57232","20.9","24%","25.3","Heating DOWN","Opened","7.475","230","Safe","Calm","0.0","53","11.0","3.7","1004.5","1016.2"
"2026-09-23","20:07:22","Clear","Dry","Dark","-4.2","18.2","3200","57232","20.9","23%","25.2","","Opened","7.352","230","Safe","Calm","0.0","53","11.0","3.5","1004.4","1016.2"
"2026-09-23","20:07:31","Clear","Dry","Dark","-4.3","18.1","3200","57232","20.9","23%","25.1","","Opened","7.282","230","Safe","Calm","0.0","53","11.0","3.4","1004.5","1016.2"
"2026-09-23","20:07:42","Clear","Dry","Dark","-4.3","18.1","3200","57232","20.9","23%","25.1","","Opened","7.498","230","Safe","Calm","0.0","53","11.0","3.4","1004.5","1016.2"
"2026-09-23","20:07:51","Clear","Dry","Dark","-4.3","18.1","3200","57232","20.9","23%","24.9","","Opened","7.310","230","Safe","Calm","0.0","53","11.0","3.4","1004.4","1016.1"
"2026-09-23","20:08:02","Clear","Dry","Dark","-4.3","18.1","3200","57232","20.9","23%","24.9","","Opened","7.393","230","Safe","Calm","0.0","53","11.0","3.4","1004.4","1016.2"
"2026-09-23","20:08:12","Clear","Dry","Dark","-4.3","18.1","3200","57232","20.9","23%","24.8","","Opened","7.320","230","Safe","Calm","0.0","53","11.0","3.4","1004.5","1016.2"
"2026-09-23","20:08:22","Clear","Dry","Dark","-4.3","18.1","3200","57232","20.9","23%","24.7","","Opened","7.383","230","Safe","Calm","0.0","53","11.0","3.4","1004.5","1016.2"
"2026-09-23","20:08:32","Clear","Dry","Dark","-4.2","18.0","3200","57232","20.9","23%","24.7","","Opened","7.333","230","Safe","Calm","0.0","53","11.0","3.5","1004.4","1016.2"
"2026-09-23","20:08:42","Clear","Dry","Dark","-4.3","18.0","3200","57232","20.9","23%","24.6","","Opened","7.539","230","Safe","Calm","0.0","53","11.0","3.4","1004.4","1016.2"
"2026-09-23","20:08:52","Clear","Dry","Dark","-4.2","18.0","3200","57232","20.9","23%","24.6","","Opened","7.337","230","Safe","Calm","0.0","53","11.0","3.4","1004.4","1016.2"
"2026-09-23","20:09:02","Clear","Dry","Dark","-4.2","18.0","3200","57232","20.9","23%","24.6","","Opened","7.299","230","Safe","Calm","0.0","53","11.0","3.4","1004.4","1016.2"
"2026-09-23","20:09:12","Clear","Dry","Dark","-4.3","18.0","3200","57232","20.9","23%","24.5","Heating UP","Opened","7.472","230","Safe","Calm","0.0","53","11.0","3.3","1004.4","1016.2"
"2026-09-23","20:09:22","Clear","Dry","Dark","-4.3","18.0","3264","57232","20.9","24%","24.5","Heating UP","Opened","7.465","230","Safe","Calm","0.0","53","11.0","3.4","1004.5","1016.2"
"2026-09-23","20:09:32","Clear","Dry","Dark","-4.3","17.9","3328","57232","20.9","25%","24.4","Heating UP","Opened","7.468","230","Safe","Calm","0.0","53","11.0","3.3","1004.5","1016.2"
"2026-09-23","20:09:42","Clear","Dry","Dark","-4.3","17.9","3200","57232","20.9","26%","24.3","Heating UP","Opened","7.676","230","Safe","Calm","0.0","53","11.0","3.3","1004.4","1016.2"
"2026-09-23","20:09:52","Clear","Dry","Dark","-4.3","17.9","3264","57232","20.9","28%","24.3","Heating UP","Opened","7.445","230","Safe","Calm","0.0","53","11.1","3.4","1004.6","1016.3"
"2026-09-23","20:10:02","Clear","Dry","Dark","-4.2","17.9","3200","57232","20.8","30%","24.3","Heating UP","Opened","7.442","230","Safe","Calm","0.0","54","11.1","3.4","1004.4","1016.2"
"2026-09-23","20:10:12","Clear","Dry","Dark","-4.2","17.9","3200","57232","20.8","31%","24.3","Heating UP","Opened","7.406","230","Safe","Calm","0.0","54","11.1","3.4","1004.4","1016.2"
"2026-09-23","20:10:22","Clear","Dry","Dark","-4.2","17.9","3264","57232","20.8","32%","24.3","Heating UP","Opened","7.400","230","Safe","Calm","0.0","54","11.1","3.4","1004.4","1016.2"
"2026-09-23","20:10:32","Clear","Dry","Dark","-4.2","17.9","3328","57232","20.8","33%","24.3","Heating UP","Opened","7.408","230","Safe","Calm","0.0","54","11.1","3.4","1004.4","1016.2"
"2026-09-23","20:10:42","Clear","Dry","Dark","-4.2","17.9","3224","57232","20.8","34%","24.4","","Opened","7.414","230","Safe","Calm","0.0","54","11.0","3.4","1004.5","1016.2"
"2026-09-23","20:10:52","Clear","Dry","Dark","-4.2","17.9","3229","57232","20.8","34%","24.4","Heating UP","Opened","7.464","230","Safe","Calm","0.0","54","11.0","3.4","1004.6","1016.3"
"2026-09-23","20:11:02","Clear","Dry","Dark","-4.2","17.8","3200","57232","20.8","35%","24.5","","Opened","7.346","230","Safe","Calm","0.0","54","11.0","3.4","1004.5","1016.2"
"2026-09-23","20:11:12","Clear","Dry","Dark","-4.1","17.9","3200","57232","20.8","35%","24.6","","Opened","7.285","230","Safe","Calm","0.0","53","11.0","3.5","1004.5","1016.2"
"2026-09-23","20:11:22","Clear","Dry","Dark","-4.2","17.9","3200","57232","20.8","35%","24.7","","Opened","7.357","230","Safe","Calm","0.0","53","11.0","3.5","1004.4","1016.2"
"2026-09-23","20:11:32","Clear","Dry","Dark","-4.3","17.9","3200","57232","20.8","35%","24.7","","Opened","7.311","230","Safe","Calm","0.0","54","11.0","3.3","1004.5","1016.2"
"2026-09-23","20:11:42","Clear","Dry","Dark","-4.4","17.8","3200","57232","20.7","35%","24.7","","Opened","7.525","230","Safe","Calm","0.0","53","11.0","3.2","1004.4","1016.2"
"2026-09-23","20:11:52","Clear","Dry","Dark","-4.2","17.8","3200","57232","20.7","35%","24.8","","Opened","7.323","230","Safe","Calm","0.0","53","10.9","3.4","1004.4","1016.2"
"2026-09-23","20:12:02","Clear","Dry","Dark","-4.3","17.8","3200","57232","20.7","35%","24.8","","Opened","7.281","230","Safe","Calm","0.0","53","10.9","3.3","1004.4","1016.2"
"2026-09-23","20:12:12","Clear","Dry","Dark","-4.3","17.8","3200","57232","20.7","35%","24.9","","Opened","7.334","230","Safe","Calm","0.0","53","10.9","3.3","1004.4","1016.2"
"2026-09-23","20:12:22","Clear","Dry","Dark","-4.3","17.8","3200","57232","20.7","35%","24.9","","Opened","7.284","230","Safe","Calm","0.0","53","10.9","3.3","1004.5","1016.2"
"2026-09-23","20:12:32","Clear","Dry","Dark","-4.3","17.8","3200","57232","20.7","35%","25.1","Heating DOWN","Opened","7.483","230","Safe","Calm","0.0","53","10.9","3.3","1004.5","1016.2"
"2026-09-23","20:12:42","Clear","Dry","Dark","-4.2","17.8","3243","57232","20.7","34%","25.1","Heating DOWN","Opened","7.612","230","Safe","Calm","0.0","54","11.0","3.4","1004.5","1016.2"
"2026-09-23","20:12:52","Clear","Dry","Dark","-4.2","17.8","3328","57232","20.7","33%","25.1","Heating DOWN","Opened","7.456","230","Safe","Calm","0.0","54","11.0","3.4","1004.6","1016.3"
"2026-09-23","20:13:02","Clear","Dry","Dark","-4.3","17.8","3264","57232","20.7","32%","25.1","Heating DOWN","Opened","7.444","230","Safe","Calm","0.0","54","11.0","3.3","1004.5","1016.2"
"2026-09-23","20:13:12","Clear","Dry","Dark","-4.3","17.8","3200","57232","20.7","31%","25.1","Heating DOWN","Opened","7.426","230","Safe","Calm","0.0","54","11.0","3.3","1004.5","1016.2"
"2026-09-23","20:13:22","Clear","Dry","Dark","-4.3","17.8","3232","57232","20.6","30%","24.9","","Opened","7.304","230","Safe","Calm","0.0","54","11.1","3.3","1004.7","1016.4"
"2026-09-23","20:13:32","Clear","Dry","Dark","-4.4","17.7","3228","57232","20.6","30%","24.9","Heating DOWN","Opened","7.499","230","Safe","Calm","0.0","54","11.1","3.2","1004.6","1016.3"
"2026-09-23","20:13:42","Clear","Dry","Dark","-4.3","17.7","3328","57232","20.6","29%","24.9","Heating DOWN","Opened","7.611","230","Safe","Calm","0.0","54","11.1","3.2","1004.5","1016.2"
"2026-09-23","20:13:52","Clear","Dry","Dark","-4.2","17.7","3264","57232","20.6","28%","24.9","Heating DOWN","Opened","7.468","230","Safe","Calm","0.0","55","11.2","3.3","1004.5","1016.2"
"2026-09-23","20:14:02","Clear","Dry","Dark","-4.3","17.7","3200","57232","20.6","27%","24.8","","Opened","7.350","230","Safe","Calm","0.0","55","11.3","3.3","1004.6","1016.3"
"2026-09-23","20:14:12","Clear","Dry","Dark","-4.3","17.7","3200","57232","20.6","27%","24.7","","Opened","7.273","230","Safe","Calm","0.0","56","11.4","3.2","1004.6","1016.3"
"2026-09-23","20:14:22","Clear","Dry","Dark","-4.2","17.7","3200","57232","20.6","27%","24.6","","Opened","7.341","230","Safe","Calm","0.0","56","11.5","3.3","1004.6","1016.4"
"2026-09-23","20:14:32","Clear","Dry","Dark","-4.2","17.7","3200","57232","20.6","27%","24.6","","Opened","7.282","230","Safe","Calm","0.0","56","11.5","3.3","1004.6","1016.3"
"2026-09-23","20:14:42","Clear","Dry","Dark","-4.1","17.7","3200","57232","20.6","27%","24.5","","Opened","7.503","230","Safe","Calm","0.0","56","11.5","3.4","1004.6","1016.3"
"2026-09-23","20:14:52","Clear","Dry","Dark","-4.1","17.7","3200","57232","20.5","27%","24.4","","Opened","7.306","230","Safe","Calm","0.0","56","11.4","3.4","1004.6","1016.3"
"2026-09-23","20:15:02","Clear","Dry","Dark","-4.1","17.7","3200","57232","20.5","27%","24.4","","Opened","7.395","230","Safe","Calm","0.0","56","11.4","3.4","1004.6","1016.3"
"2026-09-23","20:15:12","Clear","Dry","Dark","-4.1","17.7","3200","57232","20.5","27%","24.3","","Opened","7.331","230","Safe","Calm","0.0","56","11.4","3.4","1004.5","1016.2"
"2026-09-23","20:15:22","Clear","Dry","Dark","-4.1","17.7","3200","57232","20.5","27%","24.2","","Opened","7.398","230","Safe","Calm","0.0","56","11.4","3.3","1004.6","1016.3"
"2026-09-23","20:15:32","Clear","Dry","Dark","-4.2","17.7","3200","57232","20.5","27%","24.2","","Opened","7.337","230","Safe","Calm","0.0","56","11.4","3.3","1004.6","1016.3"
"2026-09-23","20:15:42","Clear","Dry","Dark","-4.2","17.7","3200","57232","20.5","27%","24.2","","Opened","7.420","230","Safe","Calm","0.0","56","11.4","3.3","1004.6","1016.3"
"2026-09-23","20:15:52","Clear","Dry","Dark","-4.2","17.7","3200","57232","20.5","27%","24.1","Heating UP","Opened","7.480","230","Safe","Calm","0.0","56","11.3","3.3","1004.5","1016.2"
"2026-09-23","20:16:02","Clear","Dry","Dark","-4.2","17.7","3264","57232","20.5","28%","24.1","Heating UP","Opened","7.463","230","Safe","Calm","0.0","56","11.3","3.2","1004.5","1016.2"
"2026-09-23","20:16:12","Clear","Dry","Dark","-4.1","17.7","3328","57232","20.4","29%","24.0","Heating UP","Opened","7.440","230","Safe","Calm","0.0","56","11.4","3.3","1004.6","1016.3"
"2026-09-23","20:16:22","Clear","Dry","Dark","-4.2","17.6","3200","57232","20.4","30%","24.0","Heating UP","Opened","7.448","230","Safe","Calm","0.0","56","11.4","3.2","1004.6","1016.3"
"2026-09-23","20:16:32","Clear","Dry","Dark","-4.2","17.7","3200","57232","20.4","31%","24.0","Heating UP","Opened","7.433","230","Safe","Calm","0.0","56","11.3","3.2","1004.6","1016.3"
"2026-09-23","20:16:42","Clear","Dry","Dark","-4.1","17.6","3264","57232","20.4","32%","24.0","Heating UP","Opened","7.572","230","Safe","Calm","0.0","56","11.3","3.3","1004.6","1016.3"
"2026-09-23","20:16:52","Clear","Dry","Dark","-4.1","17.6","3328","57232","20.4","33%","24.0","Heating UP","Opened","7.418","230","Safe","Calm","0.0","56","11.3","3.3","1004.6","1016.3"
"2026-09-23","20:17:02","Clear","Dry","Dark","-4.2","17.6","3200","57232","20.4","34%","24.0","Heating UP","Opened","7.410","230","Safe","Calm","0.0","56","11.2","3.2","1004.6","1016.3"
"2026-09-23","20:17:12","Clear","Dry","Dark","-4.2","17.6","3200","57232","20.4","35%","24.1","","Opened","7.261","230","Safe","Calm","0.0","56","11.3","3.2","1004.6","1016.3"
"2026-09-23","20:17:22","Clear","Dry","Dark","-4.1","17.6","3200","57232","20.4","35%","24.1","","Opened","7.347","230","Safe","Calm","0.0","56","11.3","3.3","1004.6","1016.3"
"2026-09-23","20:17:32","Clear","Dry","Dark","-4.1","17.6","3200","57232","20.3","35%","24.2","","Opened","7.272","230","Safe","Calm","0.0","56","11.2","3.2","1004.6","1016.3"
"2026-09-23","20:17:42","Clear","Dry","Dark","-4.2","17.6","3200","57232","20.3","35%","24.2","","Opened","7.479","230","Safe","Calm","0.0","56","11.1","3.2","1004.6","1016.3"
"2026-09-23","20:17:52","Clear","Dry","Dark","-4.2","17.6","3200","57232","20.3","35%","24.3","","Opened","7.274","230","Safe","Calm","0.0","55","11.1","3.2","1004.6","1016.3"
"2026-09-23","20:18:02","Clear","Dry","Dark","-4.3","17.6","3200","57232","20.4","35%","24.4","","Opened","7.360","230","Safe","Calm","0.0","55","11.2","3.1","1004.6","1016.4"
"2026-09-23","20:18:12","Clear","Dry","Dark","-4.2","17.6","3200","57232","20.3","35%","24.4","","Opened","7.286","230","Safe","Calm","0.0","56","11.1","3.1","1004.6","1016.3"
"2026-09-23","20:18:22","Clear","Dry","Dark","-4.2","17.6","3200","57232","20.3","35%","24.4","","Opened","7.360","230","Safe","Calm","0.0","56","11.1","3.1","1004.6","1016.3"
"2026-09-23","20:18:32","Clear","Dry","Dark","-4.1","17.6","3200","57232","20.3","35%","24.5","","Opened","7.316","230","Safe","Calm","0.0","56","11.1","3.2","1004.6","1016.3"
"2026-09-23","20:18:42","Clear","Dry","Dark","-4.2","17.6","3200","57232","20.3","35%","24.5","","Opened","7.525","230","Safe","Calm","0.0","56","11.1","3.2","1004.6","1016.3"
"2026-09-23","20:18:52","Clear","Dry","Dark","-4.1","17.6","3200","57232","20.3","35%","24.5","","Opened","7.337","230","Safe","Calm","0.0","56","11.1","3.3","1004.6","1016.3"
"2026-09-23","20:19:02","Clear","Dry","Dark","-4.1","17.5","3200","57232","20.3","35%","24.5","","Opened","7.277","230","Safe","Calm","0.0","56","11.1","3.3","1004.6","1016.4"
"2026-09-23","20:19:12","Clear","Dry","Dark","-4.1","17.5","3200","57232","20.2","35%","24.6","Heating DOWN","Opened","7.466","230","Safe","Calm","0.0","55","11.0","3.2","1004.6","1016.3"
"2026-09-23","20:19:22","Clear","Dry","Dark","-4.1","17.5","3243","57232","20.2","34%","24.6","Heating DOWN","Opened","7.459","230","Safe","Calm","0.0","55","11.0","3.3","1004.6","1016.3"
"2026-09-23","20:19:32","Clear","Dry","Dark","-4.1","17.6","3328","57232","20.3","33%","24.6","Heating DOWN","Opened","7.451","230","Safe","Calm","0.0","55","11.0","3.2","1004.6","1016.4"
"2026-09-23","20:19:42","Clear","Dry","Dark","-4.2","17.5","3264","57232","20.2","32%","24.7","Heating DOWN","Opened","7.586","230","Safe","Calm","0.0","55","11.0","3.1","1004.6","1016.3"
"2026-09-23","20:19:52","Clear","Dry","Dark","-4.1","17.5","3242","57232","20.2","30%","24.7","Heating DOWN","Opened","7.434","230","Safe","Calm","0.0","55","11.0","3.2","1004.6","1016.4"
"2026-09-23","20:20:02","Clear","Dry","Dark","-4.1","17.5","3264","57232","20.2","28%","24.7","Heating DOWN","Opened","7.439","230","Safe","Calm","0.0","55","11.0","3.2","1004.6","1016.4"
"2026-09-23","20:20:12","Clear","Dry","Dark","-4.1","17.5","3232","57232","20.2","26%","24.7","Heating DOWN","Opened","7.410","230","Safe","Calm","0.0","55","11.0","3.2","1004.6","1016.4"
"2026-09-23","20:20:22","Clear","Dry","Dark","-4.1","17.5","3264","57232","20.2","24%","24.6","","Opened","7.287","230","Safe","Calm","0.0","56","11.0","3.2","1004.7","1016.4"
"2026-09-23","20:20:32","Clear","Dry","Dark","-4.0","17.5","3264","57232","20.2","24%","24.5","","Opened","7.364","230","Safe","Calm","0.0","56","11.1","3.3","1004.6","1016.4"
"2026-09-23","20:20:42","Clear","Dry","Dark","-4.0","17.5","3264","57232","20.2","24%","24.4","","Opened","7.442","230","Safe","Calm","0.0","56","11.0","3.2","1004.6","1016.4"
"2026-09-23","20:20:52","Clear","Dry","Dark","-4.1","17.5","3264","57232","20.2","24%","24.4","","Opened","7.384","230","Safe","Calm","0.0","55","11.0","3.2","1004.8","1016.5"
"2026-09-23","20:21:02","Clear","Dry","Dark","-4.1","17.5","3264","57232","20.2","24%","24.3","","Opened","7.333","230","Safe","Calm","0.0","55","11.0","3.2","1004.6","1016.4"
"2026-09-23","20:21:12","Clear","Dry","Dark","-4.1","17.5","3264","57232","20.2","24%","24.3","","Opened","7.287","230","Safe","Calm","0.0","55","11.0","3.2","1004.6","1016.3"
"2026-09-23","20:21:22","Clear","Dry","Dark","-4.0","17.5","3264","57232","20.2","24%","24.2","","Opened","7.358","230","Safe","Calm","0.0","55","11.0","3.2","1004.6","1016.4"
"2026-09-23","20:21:32","Clear","Dry","Dark","-4.0","17.5","3264","57232","20.2","24%","24.2","","Opened","7.302","230","Safe","Calm","0.0","55","11.0","3.3","1004.7","1016.4"
"2026-09-23","20:21:42","Clear","Dry","Dark","-4.0","17.5","3264","57232","20.2","24%","24.1","","Opened","7.529","230","Safe","Calm","0.0","55","10.9","3.3","1004.7","1016.4"
"2026-09-23","20:21:52","Clear","Dry","Dark","-4.0","17.5","3264","57232","20.2","24%","24.0","","Opened","7.333","230","Safe","Calm","0.0","55","10.9","3.3","1004.6","1016.4"
"2026-09-23","20:22:02","Clear","Dry","Dark","-4.0","17.5","3264","57232","20.2","24%","24.0","","Opened","7.298","230","Safe","Calm","0.0","55","10.9","3.2","1004.7","1016.4"
"2026-09-23","20:22:12","Clear","Dry","Dark","-4.0","17.4","3264","57232","20.1","24%","23.9","","Opened","7.365","230","Safe","Calm","0.0","55","10.9","3.2","1004.6","1016.4"
"2026-09-23","20:22:22","Clear","Dry","Dark","-4.0","17.4","3264","57232","20.2","24%","23.9","","Opened","7.328","230","Safe","Calm","0.0","55","10.9","3.2","1004.7","1016.4"
"2026-09-23","20:22:32","Clear","Dry","Dark","-4.0","17.4","3264","57232","20.1","24%","23.9","","Opened","7.398","230","Safe","Calm","0.0","55","10.9","3.2","1004.6","1016.4"
"2026-09-23","20:22:42","Clear","Dry","Dark","-4.0","17.4","3264","57232","20.1","24%","23.9","","Opened","7.481","230","Safe","Calm","0.0","55","10.9","3.3","1004.6","1016.4"
"2026-09-23","20:22:52","Clear","Dry","Dark","-4.0","17.4","3264","57232","20.1","24%","23.8","","Opened","7.288","230","Safe","Calm","0.0","55","10.9","3.3","1004.6","1016.4"
"2026-09-23","20:23:02","Clear","Dry","Dark","-4.1","17.4","3264","57232","20.1","24%","23.8","Heating UP","Opened","7.482","230","Safe","Calm","0.0","55","10.9","3.2","1004.7","1016.4"
"2026-09-23","20:23:12","Clear","Dry","Dark","-3.9","17.4","3328","57232","20.1","25%","23.8","","Opened","7.343","230","Safe","Calm","0.0","55","10.9","3.3","1004.7","1016.4"
"2026-09-23","20:23:22","Clear","Dry","Dark","-3.9","17.4","3328","57232","20.1","25%","23.8","Heating UP","Opened","7.402","230","Safe","Calm","0.0","55","10.9","3.3","1004.7","1016.4"
"2026-09-23","20:23:32","Clear","Dry","Dark","-3.7","17.5","3200","57232","20.1","26%","23.7","Heating UP","Opened","7.404","230","Safe","Calm","0.0","55","10.9","3.5","1004.6","1016.4"
"2026-09-23","20:23:42","Clear","Dry","Dark","-3.9","17.5","3200","57232","20.1","27%","23.7","Heating UP","Opened","7.549","230","Safe","Calm","0.0","55","10.9","3.4","1004.6","1016.4"
"2026-09-23","20:23:52","Clear","Dry","Dark","-4.0","17.5","3264","57232","20.1","28%","23.7","Heating UP","Opened","7.391","230","Safe","Calm","0.0","55","10.9","3.3","1004.6","1016.4"
"2026-09-23","20:24:02","Clear","Dry","Dark","-4.0","17.4","3328","57232","20.1","29%","23.8","","Opened","7.401","230","Safe","Calm","0.0","55","10.9","3.3","1004.6","1016.4"
"2026-09-23","20:24:12","Clear","Dry","Dark","-3.9","17.4","3328","57232","20.1","29%","23.8","","Opened","7.325","230","Safe","Calm","0.0","55","10.9","3.3","1004.7","1016.4"
"2026-09-23","20:24:22","Clear","Dry","Dark","-3.8","17.5","3328","57232","20.1","29%","23.8","","Opened","7.278","230","Safe","Calm","0.0","55","10.9","3.4","1004.7","1016.4"
"2026-09-23","20:24:32","Clear","Dry","Dark","-3.9","17.4","3328","57232","20.1","29%","23.8","","Opened","7.341","230","Safe","Calm","0.0","55","10.9","3.4","1004.7","1016.5"
"2026-09-23","20:24:42","Clear","Dry","Dark","-3.8","17.5","3328","57232","20.1","29%","23.8","","Opened","7.411","230","Safe","Calm","0.0","55","10.9","3.4","1004.6","1016.4"
"2026-09-23","20:24:52","Clear","Dry","Dark","-4.0","17.4","3328","57232","20.1","29%","23.9","","Opened","7.357","230","Safe","Calm","0.0","55","11.0","3.2","1004.7","1016.4"
"2026-09-23","20:25:02","Clear","Dry","Dark","-3.5","17.5","3328","57232","20.1","29%","23.9","","Opened","7.307","230","Safe","Calm","0.0","55","10.9","3.7","1004.6","1016.4"
"2026-09-23","20:25:12","Clear","Dry","Dark","-3.9","17.5","3328","57232","20.1","29%","23.9","","Opened","7.370","230","Safe","Calm","0.0","55","10.9","3.3","1004.6","1016.4"
"2026-09-23","20:25:22","Clear","Dry","Dark","-3.9","17.5","3328","57232","20.1","29%","24.0","","Opened","7.310","230","Safe","Calm","0.0","55","10.9","3.3","1004.6","1016.4"
"2026-09-23","20:25:32","Clear","Dry","Dark","-3.9","17.5","3328","57232","20.1","29%","24.0","","Opened","7.387","230","Safe","Calm","0.0","55","10.9","3.3","1004.6","1016.4"
"2026-09-23","20:25:42","Clear","Dry","Dark","-3.7","17.5","3328","57232","20.1","29%","24.0","","Opened","7.463","230","Safe","Calm","0.0","55","10.9","3.5","1004.6","1016.3"
"2026-09-23","20:25:52","Clear","Dry","Dark","-3.7","17.5","3328","57232","20.1","29%","24.0","","Opened","7.275","230","Safe","Calm","0.0","55","10.9","3.5","1004.6","1016.4"
"2026-09-23","20:26:02","Clear","Dry","Dark","-3.8","17.5","3328","57232","20.1","29%","24.0","","Opened","7.349","230","Safe","Calm","0.0","55","10.9","3.5","1004.7","1016.4"
"2026-09-23","20:26:12","Clear","Dry","Dark","-4.0","17.5","3328","57232","20.1","29%","24.0","","Opened","7.275","230","Safe","Calm","0.0","55","10.9","3.2","1004.7","1016.4"
"2026-09-23","20:26:22","Clear","Dry","Dark","-4.0","17.5","3328","57232","20.1","29%","24.0","","Opened","7.340","230","Safe","Calm","0.0","55","10.9","3.3","1004.6","1016.4"
"2026-09-23","20:26:32","Clear","Dry","Dark","-3.7","17.5","3328","57232","20.1","29%","24.0","","Opened","7.283","230","Safe","Calm","0.0","56","10.9","3.5","1004.8","1016.5"
"2026-09-23","20:26:42","Clear","Dry","Dark","-3.9","17.5","3328","57232","20.1","29%","24.0","","Opened","7.493","230","Safe","Calm","0.0","55","10.9","3.4","1004.6","1016.4"
"2026-09-23","20:26:52","Clear","Dry","Dark","-3.5","17.5","3328","57232","20.1","29%","24.0","","Opened","7.310","230","Safe","Calm","0.0","55","10.9","3.8","1004.6","1016.4"
"2026-09-23","20:27:02","Clear","Dry","Dark","-3.7","17.5","3328","57232","20.1","29%","24.0","","Opened","7.390","230","Safe","Calm","0.0","55","10.9","3.6","1004.6","1016.4"
"2026-09-23","20:27:12","Clear","Dry","Dark","-3.9","17.5","3328","57232","20.1","29%","24.0","","Opened","7.330","230","Safe","Calm","0.0","55","10.9","3.4","1004.6","1016.4"
"2026-09-23","20:27:22","Clear","Dry","Dark","-3.9","17.5","3328","57232","20.1","29%","24.0","","Opened","7.272","230","Safe","Calm","0.0","55","10.9","3.4","1004.6","1016.4"
"2026-09-23","20:27:32","Clear","Dry","Dark","-4.0","17.6","3328","57232","20.1","29%","24.1","","Opened","7.335","230","Safe","Calm","0.0","55","10.9","3.3","1004.6","1016.4"
"2026-09-23","20:27:42","Clear","Dry","Dark","-3.6","17.5","3328","57232","20.1","29%","24.1","","Opened","7.432","230","Safe","Calm","0.0","55","10.9","3.7","1004.6","1016.4"
"2026-09-23","20:27:52","Clear","Dry","Dark","-3.5","17.6","3328","57232","20.1","29%","24.0","","Opened","7.353","230","Safe","Calm","0.0","55","10.9","3.7","1004.6","1016.4"
"2026-09-23","20:28:02","Clear","Dry","Dark","-3.9","17.6","3328","57232","20.1","29%","24.0","","Opened","7.308","230","Safe","Calm","0.0","55","10.9","3.3","1004.6","1016.4"
"2026-09-23","20:28:12","Clear","Dry","Dark","-3.5","17.6","3328","57232","20.1","29%","24.1","","Opened","7.363","230","Safe","Calm","0.0","55","10.9","3.7","1004.6","1016.4"
"2026-09-23","20:28:22","Clear","Dry","Dark","-3.6","17.6","3328","57232","20.1","29%","24.1","","Opened","7.321","230","Safe","Calm","0.0","55","11.0","3.7","1004.6","1016.4"
"2026-09-23","20:28:32","Clear","Dry","Dark","-3.8","17.6","3328","57232","20.1","29%","24.0","","Opened","7.389","230","Safe","Calm","0.0","55","10.9","3.4","1004.6","1016.4"
"2026-09-23","20:28:42","Clear","Dry","Dark","-3.7","17.6","3328","57232","20.1","29%","24.1","","Opened","7.483","230","Safe","Calm","0.0","56","11.0","3.5","1004.7","1016.4"
"2026-09-23","20:28:52","Clear","Dry","Dark","-3.7","17.6","3328","57232","20.1","29%","24.0","","Opened","7.287","230","Safe","Calm","0.0","56","11.0","3.6","1004.8","1016.5"
"2026-09-23","20:29:02","Clear","Dry","Dark","-3.7","17.6","3328","57232","20.2","29%","24.0","","Opened","7.357","230","Safe","Calm","0.0","56","11.0","3.6","1004.6","1016.3"
"2026-09-23","20:29:12","Clear","Dry","Dark","-4.0","17.7","3328","57232","20.1","29%","24.1","","Opened","7.292","230","Safe","Calm","0.0","56","11.0","3.3","1004.6","1016.4"
"2026-09-23","20:29:22","Clear","Dry","Dark","-3.8","17.7","3328","57232","20.1","29%","24.1","","Opened","7.371","230","Safe","Calm","0.0","56","11.0","3.4","1004.6","1016.4"
"2026-09-23","20:29:32","Clear","Dry","Dark","-3.9","17.6","3328","57232","20.1","29%","24.1","","Opened","7.319","230","Safe","Calm","0.0","56","11.0","3.3","1004.6","1016.3"
"2026-09-23","20:29:42","Clear","Dry","Dark","-3.8","17.6","3328","57232","20.1","29%","24.1","","Opened","7.535","230","Safe","Calm","0.0","56","11.0","3.5","1004.6","1016.4"
"2026-09-23","20:29:52","Clear","Dry","Dark","-3.6","17.7","3328","57232","20.1","29%","24.1","","Opened","7.336","230","Safe","Calm","0.0","56","11.0","3.7","1004.7","1016.4"
"2026-09-23","20:30:02","Clear","Dry","Dark","-3.9","17.7","3328","57232","20.1","29%","24.1","","Opened","7.283","230","Safe","Calm","0.0","56","11.0","3.4","1004.7","1016.4"
"2026-09-23","20:30:12","Clear","Dry","Dark","-3.9","17.7","3328","57232","20.2","29%","24.1","","Opened","7.335","230","Safe","Calm","0.0","56","11.0","3.4","1004.6","1016.4"
"2026-09-23","20:30:22","Clear","Dry","Dark","-3.9","17.7","3328","57232","20.1","29%","24.1","","Opened","7.278","230","Safe","Calm","0.0","56","11.0","3.3","1004.6","1016.4"
"2026-09-23","20:30:32","Clear","Dry","Dark","-3.8","17.7","3328","57232","20.2","29%","24.0","","Opened","7.353","230","Safe","Calm","0.0","56","11.1","3.5","1004.7","1016.4"
"2026-09-23","20:30:42","Clear","Dry","Dark","-3.8","17.7","3328","57232","20.1","29%","24.0","","Opened","7.435","230","Safe","Calm","0.0","56","11.1","3.5","1004.7","1016.4"
"2026-09-23","20:30:52","Clear","Dry","Dark","-3.8","17.7","3328","57232","20.1","29%","23.9","","Opened","7.367","230","Safe","Calm","0.0","56","11.2","3.4","1004.6","1016.4"
"2026-09-23","20:31:02","Clear","Dry","Dark","-3.9","17.7","3328","57232","20.1","29%","24.0","","Opened","7.307","230","Safe","Calm","0.0","56","11.2","3.3","1004.6","1016.4"
"2026-09-23","20:31:12","Clear","Dry","Dark","-3.8","17.7","3328","57232","20.1","29%","24.0","","Opened","7.372","230","Safe","Calm","0.0","56","11.2","3.4","1004.7","1016.4"
"2026-09-23","20:31:22","Clear","Dry","Dark","-3.9","17.7","3328","57232","20.1","29%","23.9","","Opened","7.320","230","Safe","Calm","0.0","56","11.2","3.4","1004.7","1016.4"
"2026-09-23","20:31:32","Clear","Dry","Dark","-3.8","17.7","3328","57232","20.1","29%","23.9","","Opened","7.399","230","Safe","Calm","0.0","57","11.2","3.4","1004.6","1016.4"
"2026-09-23","20:31:42","Clear","Dry","Dark","-3.8","17.7","3328","57232","20.1","29%","23.9","","Opened","7.508","230","Safe","Calm","0.0","56","11.2","3.5","1004.7","1016.4"
"2026-09-23","20:31:52","Clear","Dry","Dark","-3.7","17.7","3328","57232","20.1","29%","23.8","","Opened","7.276","230","Safe","Calm","0.0","57","11.2","3.5","1004.7","1016.4"
"2026-09-23","20:32:02","Clear","Dry","Dark","-3.9","17.7","3328","57232","20.1","29%","23.8","","Opened","7.349","230","Safe","Calm","0.0","57","11.2","3.3","1004.7","1016.4"
"2026-09-23","20:32:12","Clear","Dry","Dark","-3.8","17.7","3328","57232","20.1","29%","23.8","","Opened","7.272","230","Safe","Calm","0.0","57","11.2","3.5","1004.7","1016.4"
"2026-09-23","20:32:22","Clear","Dry","Dark","-3.7","17.7","3328","57232","20.1","29%","23.8","","Opened","7.356","230","Safe","Calm","0.0","57","11.2","3.6","1004.8","1016.5"
"2026-09-23","20:32:32","Clear","Dry","Dark","-3.9","17.7","3328","57232","20.1","29%","23.8","","Opened","7.300","230","Safe","Calm","0.0","57","11.2","3.4","1004.7","1016.5"
"2026-09-23","20:32:42","Clear","Dry","Dark","-3.7","17.7","3328","57232","20.1","29%","23.8","","Opened","7.519","230","Safe","Calm","0.0","57","11.2","3.5","1004.7","1016.4"
"2026-09-23","20:32:52","Clear","Dry","Dark","-3.6","17.7","3328","57232","20.1","29%","23.7","Heating UP","Opened","7.441","230","Safe","Calm","0.0","57","11.3","3.7","1004.6","1016.4"
"2026-09-23","20:33:02","Clear","Dry","Dark","-3.6","17.8","3200","57232","20.1","30%","23.7","Heating UP","Opened","7.433","230","Safe","Calm","0.0","57","11.3","3.6","1004.8","1016.5"
"2026-09-23","20:33:12","Clear","Dry","Dark","-3.6","17.8","3200","57232","20.1","31%","23.6","Heating UP","Opened","7.406","230","Safe","Calm","0.0","57","11.4","3.6","1004.7","1016.5"
"2026-09-23","20:33:22","Clear","Dry","Dark","-3.8","17.8","3264","57232","20.1","32%","23.6","Heating UP","Opened","7.391","230","Safe","Calm","0.0","57","11.4","3.4","1004.7","1016.5"
"2026-09-23","20:33:32","Clear","Dry","Dark","-3.6","17.8","3328","57232","20.1","33%","23.6","Heating UP","Opened","7.513","230","Safe","Calm","0.0","58","11.5","3.6","1004.6","1016.4"
"2026-09-23","20:33:42","Clear","Dry","Dark","-3.8","17.8","3200","57232","20.1","34%","23.6","Heating UP","Opened","7.646","230","Safe","Calm","0.0","58","11.5","3.4","1004.7","1016.5"
"2026-09-23","20:33:52","Clear","Dry","Dark","-3.8","17.8","3200","57232","20.1","35%","23.7","","Opened","7.393","230","Safe","Calm","0.0","58","11.4","3.4","1004.7","1016.5"
"2026-09-23","20:34:02","Clear","Dry","Dark","-3.6","17.8","3200","57232","20.1","35%","23.7","Heating UP","Opened","7.450","230","Safe","Calm","0.0","58","11.4","3.6","1004.8","1016.5"
"2026-09-23","20:34:12","Clear","Dry","Dark","-3.7","17.8","3264","57232","20.0","36%","23.8","","Opened","7.312","230","Safe","Calm","0.0","58","11.4","3.5","1004.7","1016.5"
"2026-09-23","20:34:22","Clear","Dry","Dark","-3.8","17.8","3264","57232","20.0","36%","23.8","","Opened","7.390","230","Safe","Calm","0.0","58","11.4","3.4","1004.8","1016.5"
"2026-09-23","20:34:32","Clear","Dry","Dark","-3.8","17.8","3264","57232","20.0","36%","23.9","","Opened","7.337","230","Safe","Calm","0.0","57","11.4","3.4","1004.7","1016.5"
"2026-09-23","20:34:42","Clear","Dry","Dark","-3.6","17.8","3264","57232","20.0","36%","23.9","","Opened","7.417","230","Safe","Calm","0.0","57","11.4","3.6","1004.7","1016.5"
"2026-09-23","20:34:52","Clear","Dry","Dark","-3.8","17.8","3264","57232","20.0","36%","24.0","","Opened","7.355","230","Safe","Calm","0.0","57","11.4","3.3","1004.7","1016.5"
"2026-09-23","20:35:02","Clear","Dry","Dark","-3.8","17.8","3264","57232","20.0","36%","24.1","","Opened","7.295","230","Safe","Calm","0.0","57","11.4","3.4","1004.8","1016.5"
"2026-09-23","20:35:12","Clear","Dry","Dark","-3.7","17.8","3264","57232","20.0","36%","24.1","","Opened","7.351","230","Safe","Calm","0.0","57","11.3","3.4","1004.6","1016.4"
"2026-09-23","20:35:22","Clear","Dry","Dark","-3.7","17.8","3264","57232","20.0","36%","24.1","","Opened","7.294","230","Safe","Calm","0.0","57","11.4","3.5","1004.7","1016.5"
"2026-09-23","20:35:32","Clear","Dry","Dark","-3.7","17.8","3264","57232","20.0","36%","24.1","","Opened","7.383","230","Safe","Calm","0.0","58","11.4","3.4","1004.8","1016.5"
"2026-09-23","20:35:42","Clear","Dry","Dark","-3.5","17.8","3264","57232","20.0","36%","24.1","","Opened","7.467","230","Safe","Calm","0.0","58","11.4","3.7","1004.8","1016.5"
"2026-09-23","20:35:52","Clear","Dry","Dark","-3.7","17.8","3264","57232","20.0","36%","24.1","","Opened","7.276","230","Safe","Calm","0.0","58","11.4","3.4","1004.8","1016.5"
"2026-09-23","20:36:02","Clear","Dry","Dark","-3.6","17.8","3264","57232","20.0","36%","24.1","","Opened","7.343","230","Safe","Calm","0.0","58","11.4","3.6","1004.8","1016.5"
"2026-09-23","20:36:12","Clear","Dry","Dark","-3.7","17.8","3264","57232","20.0","36%","24.0","","Opened","7.285","230","Safe","Calm","0.0","58","11.4","3.5","1004.8","1016.5"
"2026-09-23","20:36:22","Clear","Dry","Dark","-3.6","17.8","3264","57232","19.9","36%","24.0","","Opened","7.357","230","Safe","Calm","0.0","57","11.3","3.5","1004.8","1016.6"
"2026-09-23","20:36:32","Clear","Dry","Dark","-3.6","17.8","3264","57232","19.9","36%","24.0","","Opened","7.300","230","Safe","Calm","0.0","57","11.3","3.5","1004.8","1016.5"
"2026-09-23","20:36:42","Clear","Dry","Dark","-3.7","17.9","3264","57232","19.9","36%","24.0","","Opened","7.509","230","Safe","Calm","0.0","58","11.3","3.4","1004.7","1016.5"
"2026-09-23","20:36:52","Clear","Dry","Dark","-3.8","17.9","3264","57232","19.9","36%","24.0","","Opened","7.319","230","Safe","Calm","0.0","58","11.3","3.4","1004.8","1016.5"
"2026-09-23","20:37:02","Clear","Dry","Dark","-3.7","17.8","3264","57232","19.9","36%","24.0","","Opened","7.392","230","Safe","Calm","0.0","58","11.3","3.4","1004.8","1016.5"
"2026-09-23","20:37:12","Clear","Dry","Dark","-3.7","17.8","3264","57232","19.9","36%","24.1","","Opened","7.326","230","Safe","Calm","0.0","58","11.3","3.4","1004.7","1016.5"
"2026-09-23","20:37:22","Clear","Dry","Dark","-3.5","17.9","3264","57232","19.9","36%","24.1","","Opened","7.273","230","Safe","Calm","0.0","58","11.3","3.7","1004.8","1016.5"
"2026-09-23","20:37:32","Clear","Dry","Dark","-3.7","17.8","3264","57232","19.9","36%","24.1","","Opened","7.341","230","Safe","Calm","0.0","58","11.3","3.4","1004.7","1016.5"
"2026-09-23","20:37:42","Clear","Dry","Dark","-3.6","17.8","3264","57232","19.9","36%","24.1","","Opened","7.424","230","Safe","Calm","0.0","58","11.3","3.5","1004.8","1016.5"
"2026-09-23","20:37:52","Clear","Dry","Dark","-3.6","17.8","3264","57232","19.9","36%","24.1","","Opened","7.351","230","Safe","Calm","0.0","58","11.3","3.5","1004.8","1016.5"
"2026-09-23","20:38:02","Clear","Dry","Dark","-3.6","17.8","3264","57232","19.9","36%","24.1","","Opened","7.303","230","Safe","Calm","0.0","58","11.3","3.5","1004.8","1016.5"
"2026-09-23","20:38:12","Clear","Dry","Dark","-3.7","17.8","3264","57232","19.9","36%","24.1","","Opened","7.375","230","Safe","Calm","0.0","58","11.3","3.4","1004.8","1016.5"
"2026-09-23","20:38:22","Clear","Dry","Dark","-3.8","17.8","3264","57232","19.9","36%","24.1","","Opened","7.333","230","Safe","Calm","0.0","58","11.3","3.3","1004.8","1016.5"
"2026-09-23","20:38:32","Clear","Dry","Dark","-3.7","17.8","3264","57232","19.9","36%","24.2","Heating DOWN","Opened","7.397","230","Safe","Calm","0.0","58","11.4","3.4","1004.8","1016.5"
"2026-09-23","20:38:42","Clear","Dry","Dark","-3.7","17.8","3200","57232","19.8","35%","24.2","Heating DOWN","Opened","7.651","230","Safe","Calm","0.0","58","11.3","3.4","1004.8","1016.5"
"2026-09-23","20:38:52","Clear","Dry","Dark","-3.5","17.8","3207","57232","19.8","34%","24.2","Heating DOWN","Opened","7.502","230","Safe","Calm","0.0","58","11.4","3.5","1004.8","1016.5"
"2026-09-23","20:39:02","Clear","Dry","Dark","-3.6","17.8","3328","57232","19.8","33%","24.1","","Opened","7.372","230","Safe","Calm","0.0","58","11.4","3.4","1004.8","1016.5"
"2026-09-23","20:39:12","Clear","Dry","Dark","-3.4","17.8","3328","57232","19.8","33%","24.0","","Opened","7.314","230","Safe","Calm","0.0","58","11.4","3.6","1004.8","1016.6"
"2026-09-23","20:39:22","Clear","Dry","Dark","-3.5","17.9","3328","57232","19.8","33%","23.9","","Opened","7.391","230","Safe","Calm","0.0","59","11.5","3.5","1004.8","1016.6"
"2026-09-23","20:39:32","Clear","Dry","Dark","-3.5","17.9","3328","57232","19.8","33%","23.8","","Opened","7.332","230","Safe","Calm","0.0","59","11.5","3.6","1004.8","1016.5"
"2026-09-23","20:39:42","Clear","Dry","Dark","-3.5","17.9","3328","57232","19.8","33%","23.8","","Opened","7.429","230","Safe","Calm","0.0","59","11.5","3.5","1004.8","1016.6"
"2026-09-23","20:39:52","Clear","Dry","Dark","-3.5","17.9","3328","57232","19.8","33%","23.7","","Opened","7.362","230","Safe","Calm","0.0","59","11.5","3.5","1004.7","1016.5"
"2026-09-23","20:40:02","Clear","Dry","Dark","-3.4","18.0","3328","57232","19.8","33%","23.7","","Opened","7.310","230","Safe","Calm","0.0","59","11.5","3.6","1004.8","1016.5"
"2026-09-23","20:40:12","Clear","Dry","Dark","-3.6","18.0","3328","57232","19.8","33%","23.7","","Opened","7.364","230","Safe","Calm","0.0","59","11.5","3.5","1004.8","1016.6"
"2026-09-23","20:40:22","Clear","Dry","Dark","-3.5","17.9","3328","57232","19.8","33%","23.7","","Opened","7.325","230","Safe","Calm","0.0","59","11.5","3.5","1004.8","1016.6"
"2026-09-23","20:40:32","Clear","Dry","Dark","-3.5","17.9","3328","57232","19.7","33%","23.7","","Opened","7.399","230","Safe","Calm","0.0","59","11.5","3.5","1004.8","1016.5"
"2026-09-23","20:40:42","Clear","Dry","Dark","-3.4","17.9","3328","57232","19.7","33%","23.7","","Opened","7.479","230","Safe","Calm","0.0","59","11.5","3.6","1004.8","1016.6"
"2026-09-23","20:40:52","Clear","Dry","Dark","-3.5","17.9","3328","57232","19.7","33%","23.7","","Opened","7.290","230","Safe","Calm","0.0","59","11.5","3.5","1004.8","1016.5"
"2026-09-23","20:41:02","Clear","Dry","Dark","-3.5","17.9","3328","57232","19.7","33%","23.6","","Opened","7.367","230","Safe","Calm","0.0","59","11.5","3.6","1004.7","1016.5"
"2026-09-23","20:41:12","Clear","Dry","Dark","-3.5","18.0","3328","57232","19.7","33%","23.6","","Opened","7.305","230","Safe","Calm","0.0","59","11.5","3.5","1004.8","1016.5"
"2026-09-23","20:41:22","Clear","Dry","Dark","-3.5","18.0","3328","57232","19.7","33%","23.6","","Opened","7.271","230","Safe","Calm","0.0","59","11.5","3.5","1004.8","1016.6"
"2026-09-23","20:41:32","Clear","Dry","Dark","-3.5","18.0","3328","57232","19.7","33%","23.5","","Opened","7.346","230","Safe","Calm","0.0","59","11.5","3.5","1004.8","1016.5"
"2026-09-23","20:41:42","Clear","Dry","Dark","-3.4","18.0","3328","57232","19.7","33%","23.5","","Opened","7.420","230","Safe","Calm","0.0","59","11.5","3.5","1004.8","1016.5"
"2026-09-23","20:41:52","Clear","Dry","Dark","-3.4","18.0","3328","57232","19.7","33%","23.5","","Opened","7.358","230","Safe","Calm","0.0","59","11.5","3.6","1004.8","1016.5"
"2026-09-23","20:42:02","Clear","Dry","Dark","-3.4","18.0","3328","57232","19.7","33%","23.5","","Opened","7.312","230","Safe","Calm","0.0","59","11.5","3.6","1004.8","1016.5"
"2026-09-23","20:42:12","Clear","Dry","Dark","-3.6","18.0","3328","57232","19.7","33%","23.5","","Opened","7.372","230","Safe","Calm","0.0","59","11.5","3.4","1004.8","1016.5"
"2026-09-23","20:42:22","Clear","Dry","Dark","-3.5","18.0","3328","57232","19.6","33%","23.5","","Opened","7.317","230","Safe","Calm","0.0","59","11.5","3.5","1004.8","1016.5"
"2026-09-23","20:42:32","Clear","Dry","Dark","-3.5","18.0","3328","57232","19.6","33%","23.6","","Opened","7.391","230","Safe","Calm","0.0","59","11.4","3.5","1004.8","1016.5"
"2026-09-23","20:42:42","Clear","Dry","Dark","-3.5","17.9","3328","57232","19.6","33%","23.6","","Opened","7.454","230","Safe","Calm","0.0","59","11.4","3.5","1004.9","1016.7"
"2026-09-23","20:42:52","Clear","Dry","Dark","-3.4","17.9","3328","57232","19.6","33%","23.5","","Opened","7.387","230","Safe","Calm","0.0","59","11.4","3.5","1004.8","1016.6"
"2026-09-23","20:43:02","Clear","Dry","Dark","-3.5","17.9","3328","57232","19.6","33%","23.6","","Opened","7.328","230","Safe","Calm","0.0","59","11.4","3.4","1004.8","1016.6"
"2026-09-23","20:43:12","Clear","Dry","Dark","-3.6","17.9","3328","57232","19.6","33%","23.6","","Opened","7.263","230","Safe","Calm","0.0","59","11.4","3.4","1004.9","1016.7"
"2026-09-23","20:43:22","Clear","Dry","Dark","-3.5","17.9","3328","57232","19.6","33%","23.6","","Opened","7.339","230","Safe","Calm","0.0","59","11.4","3.5","1004.8","1016.6"
"2026-09-23","20:43:32","Clear","Dry","Dark","-3.5","17.9","3328","57232","19.6","33%","23.6","","Opened","7.285","230","Safe","Calm","0.0","59","11.4","3.5","1004.8","1016.6"
"2026-09-23","20:43:42","Clear","Dry","Dark","-3.5","17.9","3328","57232","19.6","33%","23.6","","Opened","7.491","230","Safe","Calm","0.0","59","11.4","3.5","1004.8","1016.5"
"2026-09-23","20:43:52","Clear","Dry","Dark","-3.4","17.9","3328","57232","19.6","33%","23.6","","Opened","7.318","230","Safe","Calm","0.0","59","11.4","3.6","1004.9","1016.7"
"2026-09-23","20:44:02","Clear","Dry","Dark","-3.6","17.9","3328","57232","19.6","33%","23.6","","Opened","7.382","230","Safe","Calm","0.0","59","11.4","3.4","1004.8","1016.6"
"2026-09-23","20:44:12","Clear","Dry","Dark","-3.4","17.9","3328","57232","19.6","33%","23.6","","Opened","7.322","230","Safe","Calm","0.0","59","11.4","3.5","1004.8","1016.6"
"2026-09-23","20:44:22","Clear","Dry","Dark","-3.5","17.9","3328","57232","19.6","33%","23.6","","Opened","7.276","230","Safe","Calm","0.0","59","11.4","3.5","1004.8","1016.5"
"2026-09-23","20:44:32","Clear","Dry","Dark","-3.5","17.9","3328","57232","19.6","33%","23.6","","Opened","7.327","230","Safe","Calm","0.0","59","11.4","3.5","1004.8","1016.6"
"2026-09-23","20:44:42","Clear","Dry","Dark","-3.5","17.8","3328","57232","19.6","33%","23.6","","Opened","7.428","230","Safe","Calm","0.0","59","11.4","3.4","1004.8","1016.6"
"2026-09-23","20:44:52","Clear","Dry","Dark","-3.5","17.8","3328","57232","19.6","33%","23.6","","Opened","7.349","230","Safe","Calm","0.0","59","11.4","3.4","1004.9","1016.7"
"2026-09-23","20:45:02","Clear","Dry","Dark","-3.5","17.8","3328","57232","19.6","33%","23.6","","Opened","7.312","230","Safe","Calm","0.0","59","11.4","3.4","1004.8","1016.6"
"2026-09-23","20:45:12","Clear","Dry","Dark","-3.5","17.8","3328","57232","19.6","33%","23.6","","Opened","7.377","230","Safe","Calm","0.0","59","11.4","3.4","1004.8","1016.6"
"2026-09-23","20:45:22","Clear","Dry","Dark","-3.6","17.8","3328","57232","19.6","33%","23.6","","Opened","7.333","230","Safe","Calm","0.0","59","11.4","3.3","1004.8","1016.5"
"2026-09-23","20:45:32","Clear","Dry","Dark","-3.5","17.8","3328","57232","19.6","33%","23.6","","Opened","7.399","230","Safe","Calm","0.0","59","11.4","3.4","1004.9","1016.7"
"2026-09-23","20:45:42","Clear","Dry","Dark","-3.6","17.8","3328","57232","19.6","33%","23.6","","Opened","7.492","230","Safe","Calm","0.0","59","11.4","3.3","1004.9","1016.7"
"2026-09-23","20:45:52","Clear","Dry","Dark","-3.5","17.8","3328","57232","19.6","33%","23.7","","Opened","7.300","230","Safe","Calm","0.0","59","11.4","3.4","1004.8","1016.6"
"2026-09-23","20:46:02","Clear","Dry","Dark","-3.5","17.8","3328","57232","19.6","33%","23.7","","Opened","7.377","230","Safe","Calm","0.0","59","11.4","3.4","1004.8","1016.6"
"2026-09-23","20:46:12","Clear","Dry","Dark","-3.4","17.8","3328","57232","19.6","33%","23.7","","Opened","7.302","230","Safe","Calm","0.0","59","11.4","3.5","1004.8","1016.5"
"2026-09-23","20:46:22","Clear","Dry","Dark","-3.6","17.8","3328","57232","19.6","33%","23.7","","Opened","7.381","230","Safe","Calm","0.0","59","11.4","3.3","1004.8","1016.6"
"2026-09-23","20:46:32","Clear","Dry","Dark","-3.5","17.8","3328","57232","19.6","33%","23.7","","Opened","7.326","230","Safe","Calm","0.0","59","11.4","3.4","1004.8","1016.6"
"2026-09-23","20:46:42","Clear","Dry","Dark","-3.5","17.7","3328","57232","19.6","33%","23.7","","Opened","7.420","230","Safe","Calm","0.0","59","11.4","3.4","1004.8","1016.5"
"2026-09-23","20:46:52","Clear","Dry","Dark","-3.4","17.7","3328","57232","19.6","33%","23.7","","Opened","7.361","230","Safe","Calm","0.0","59","11.3","3.5","1004.9","1016.7"
"2026-09-23","20:47:02","Clear","Dry","Dark","-3.5","17.7","3328","57232","19.6","33%","23.7","","Opened","7.306","230","Safe","Calm","0.0","59","11.3","3.4","1004.8","1016.6"
"2026-09-23","20:47:12","Clear","Dry","Dark","-3.5","17.7","3328","57232","19.6","33%","23.7","","Opened","7.365","230","Safe","Calm","0.0","59","11.3","3.4","1004.8","1016.6"
"2026-09-23","20:47:22","Clear","Dry","Dark","-3.6","17.7","3328","57232","19.6","33%","23.7","","Opened","7.297","230","Safe","Calm","0.0","59","11.3","3.3","1004.8","1016.6"
"2026-09-23","20:47:32","Clear","Dry","Dark","-3.6","17.7","3328","57232","19.6","33%","23.7","","Opened","7.357","230","Safe","Calm","0.0","59","11.3","3.3","1004.8","1016.6"
"2026-09-23","20:47:42","Clear","Dry","Dark","-3.6","17.7","3328","57232","19.6","33%","23.7","","Opened","7.443","230","Safe","Calm","0.0","59","11.3","3.3","1004.9","1016.7"
"2026-09-23","20:47:52","Clear","Dry","Dark","-3.6","17.8","3328","57232","19.6","33%","23.7","","Opened","7.393","230","Safe","Calm","0.0","59","11.3","3.3","1004.8","1016.6"
"2026-09-23","20:48:02","Clear","Dry","Dark","-3.5","17.7","3328","57232","19.6","33%","23.7","","Opened","7.333","230","Safe","Calm","0.0","59","11.4","3.4","1004.9","1016.7"
"2026-09-23","20:48:12","Clear","Dry","Dark","-3.6","17.7","3328","57232","19.5","33%","23.7","","Opened","7.271","230","Safe","Calm","0.0","59","11.3","3.3","1004.8","1016.6"
"2026-09-23","20:48:22","Clear","Dry","Dark","-3.6","17.7","3328","57232","19.5","33%","23.8","","Opened","7.347","230","Safe","Calm","0.0","59","11.3","3.3","1004.8","1016.5"
"2026-09-23","20:48:32","Clear","Dry","Dark","-3.5","17.7","3328","57232","19.5","33%","23.9","Heating DOWN","Opened","7.418","230","Safe","Calm","0.0","59","11.3","3.4","1004.8","1016.5"
"2026-09-23","20:48:42","Clear","Dry","Dark","-3.4","17.7","3264","57232","19.6","32%","23.9","Heating DOWN","Opened","7.548","230","Safe","Calm","0.0","59","11.3","3.5","1004.8","1016.6"
"2026-09-23","20:48:52","Clear","Dry","Dark","-3.6","17.7","3200","57232","19.6","31%","23.9","Heating DOWN","Opened","7.407","230","Safe","Calm","0.0","59","11.3","3.3","1004.9","1016.7"
"2026-09-23","20:49:02","Clear","Dry","Dark","-3.7","17.7","3200","57232","19.6","30%","23.9","Heating DOWN","Opened","7.414","230","Safe","Calm","0.0","59","11.3","3.2","1004.8","1016.6"
"2026-09-23","20:49:12","Clear","Dry","Dark","-3.7","17.6","3328","57232","19.6","29%","23.9","Heating DOWN","Opened","7.382","230","Safe","Calm","0.0","59","11.3","3.2","1004.8","1016.6"
"2026-09-23","20:49:22","Clear","Dry","Dark","-3.7","17.6","3264","57232","19.6","28%","23.9","Heating DOWN","Opened","7.511","230","Safe","Calm","0.0","59","11.3","3.3","1004.9","1016.7"
"2026-09-23","20:49:32","Clear","Dry","Dark","-3.5","17.6","3200","57232","19.6","27%","23.8","","Opened","7.377","230","Safe","Calm","0.0","59","11.3","3.4","1004.9","1016.7"
"2026-09-23","20:49:42","Clear","Dry","Dark","-3.7","17.6","3200","57232","19.6","27%","23.8","","Opened","7.470","230","Safe","Calm","0.0","59","11.3","3.2","1004.9","1016.7"
"2026-09-23","20:49:52","Clear","Dry","Dark","-3.7","17.6","3200","57232","19.6","27%","23.7","","Opened","7.285","230","Safe","Calm","0.0","59","11.4","3.2","1004.9","1016.7"
"2026-09-23","20:50:02","Clear","Dry","Dark","-3.6","17.6","3200","57232","19.6","27%","23.6","","Opened","7.362","230","Safe","Calm","0.0","59","11.4","3.3","1004.8","1016.6"
"2026-09-23","20:50:12","Clear","Dry","Dark","-3.7","17.6","3200","57232","19.5","27%","23.6","","Opened","7.296","230","Safe","Calm","0.0","59","11.4","3.2","1005.0","1016.8"
"2026-09-23","20:50:22","Clear","Dry","Dark","-3.7","17.6","3200","57232","19.5","27%","23.6","","Opened","7.373","230","Safe","Calm","0.0","59","11.3","3.2","1004.8","1016.6"
"2026-09-23","20:50:32","Clear","Dry","Dark","-3.7","17.6","3200","57232","19.6","27%","23.5","","Opened","7.318","230","Safe","Calm","0.0","59","11.4","3.2","1004.8","1016.6"
"2026-09-23","20:50:42","Clear","Dry","Dark","-3.6","17.6","3200","57232","19.5","27%","23.5","","Opened","7.505","230","Safe","Calm","0.0","59","11.3","3.3","1004.9","1016.7"
"2026-09-23","20:50:52","Clear","Dry","Dark","-3.8","17.6","3200","57232","19.5","27%","23.4","","Opened","7.327","230","Safe","Calm","0.0","59","11.4","3.1","1004.8","1016.6"
"2026-09-23","20:51:02","Clear","Dry","Dark","-3.8","17.6","3200","57232","19.5","27%","23.4","","Opened","7.393","230","Safe","Calm","0.0","59","11.3","3.1","1004.9","1016.7"
"2026-09-23","20:51:12","Clear","Dry","Dark","-3.7","17.5","3200","57232","19.5","27%","23.4","","Opened","7.331","230","Safe","Calm","0.0","59","11.3","3.2","1004.8","1016.6"
"2026-09-23","20:51:22","Clear","Dry","Dark","-3.7","17.5","3200","57232","19.5","27%","23.4","","Opened","7.276","230","Safe","Calm","0.0","59","11.3","3.2","1004.9","1016.7"
"2026-09-23","20:51:32","Clear","Dry","Dark","-3.8","17.5","3200","57232","19.5","27%","23.4","","Opened","7.347","230","Safe","Calm","0.0","59","11.3","3.1","1004.8","1016.6"
"2026-09-23","20:51:42","Clear","Dry","Dark","-3.6","17.5","3200","57232","19.5","27%","23.4","","Opened","7.425","230","Safe","Calm","0.0","59","11.3","3.3","1004.8","1016.5"
"2026-09-23","20:51:52","Clear","Dry","Dark","-3.6","17.5","3200","57232","19.5","27%","23.3","","Opened","7.348","230","Safe","Calm","0.0","59","11.3","3.3","1004.9","1016.7"
"2026-09-23","20:52:02","Clear","Dry","Dark","-3.6","17.5","3200","57232","19.5","27%","23.2","","Opened","7.294","230","Safe","Calm","0.0","59","11.3","3.3","1004.8","1016.6"
"2026-09-23","20:52:12","Clear","Dry","Dark","-3.7","17.5","3200","57232","19.5","27%","23.0","Heating UP","Opened","7.478","230","Safe","Calm","0.0","59","11.3","3.2","1005.0","1016.8"
"2026-09-23","20:52:22","Clear","Dry","Dark","-3.6","17.5","3200","57232","19.5","28%","23.0","Heating UP","Opened","7.475","230","Safe","Calm","0.0","59","11.3","3.3","1004.8","1016.6"
"2026-09-23","20:52:32","Clear","Dry","Dark","-3.6","17.5","3328","57232","19.5","29%","22.9","Heating UP","Opened","7.465","230","Safe","Calm","0.0","59","11.3","3.2","1004.8","1016.6"
"2026-09-23","20:52:42","Clear","Dry","Dark","-3.6","17.5","3200","57232","19.5","31%","22.9","Heating UP","Opened","7.612","230","Safe","Calm","0.0","59","11.3","3.2","1004.8","1016.6"
"2026-09-23","20:52:52","Clear","Dry","Dark","-3.6","17.5","3328","57232","19.4","33%","22.9","Heating UP","Opened","7.452","230","Safe","Calm","0.0","59","11.3","3.2","1004.9","1016.7"
"2026-09-23","20:53:02","Clear","Dry","Dark","-3.6","17.5","3200","57232","19.5","35%","22.9","Heating UP","Opened","7.434","230","Safe","Calm","0.0","59","11.3","3.3","1004.8","1016.6"
"2026-09-23","20:53:12","Clear","Dry","Dark","-3.6","17.5","3328","57232","19.5","37%","22.8","Heating UP","Opened","7.413","230","Safe","Calm","0.0","59","11.3","3.3","1004.8","1016.6"
"2026-09-23","20:53:22","Clear","Dry","Dark","-3.7","17.5","3200","57232","19.4","39%","22.9","","Opened","7.283","230","Safe","Calm","0.0","59","11.3","3.1","1004.8","1016.6"
"2026-09-23","20:53:32","Clear","Dry","Dark","-3.6","17.5","3200","57232","19.4","39%","22.9","Heating UP","Opened","7.470","230","Safe","Calm","0.0","59","11.3","3.3","1004.9","1016.7"
"2026-09-23","20:53:42","Clear","Dry","Dark","-3.6","17.5","3328","57232","19.4","41%","22.9","Heating UP","Opened","7.596","230","Safe","Calm","0.0","59","11.3","3.3","1004.9","1016.7"
"2026-09-23","20:53:52","Clear","Dry","Dark","-3.6","17.5","3200","57232","19.4","43%","22.9","Heating UP","Opened","7.443","230","Safe","Calm","0.0","60","11.3","3.2","1004.9","1016.7"
"2026-09-23","20:54:02","Clear","Dry","Dark","-3.6","17.5","3328","57232","19.4","44%","23.0","","Opened","7.315","230","Safe","Calm","0.0","60","11.3","3.2","1004.8","1016.6"
"2026-09-23","20:54:12","Clear","Dry","Dark","-3.6","17.5","3328","57232","19.4","44%","23.0","Heating UP","Opened","7.495","230","Safe","Calm","0.0","60","11.3","3.2","1004.9","1016.7"
"2026-09-23","20:54:22","Clear","Dry","Dark","-3.6","17.5","3200","57232","19.4","45%","23.2","","Opened","7.364","230","Safe","Calm","0.0","60","11.3","3.2","1004.9","1016.7"
"2026-09-23","20:54:32","Clear","Dry","Dark","-3.7","17.5","3200","57232","19.4","45%","23.3","","Opened","7.313","230","Safe","Calm","0.0","60","11.3","3.2","1004.8","1016.6"
"2026-09-23","20:54:42","Clear","Dry","Dark","-3.7","17.5","3200","57232","19.4","45%","23.4","","Opened","7.534","230","Safe","Calm","0.0","60","11.3","3.1","1004.8","1016.6"
"2026-09-23","20:54:52","Clear","Dry","Dark","-3.7","17.5","3200","57232","19.3","45%","23.5","","Opened","7.349","230","Safe","Calm","0.0","60","11.3","3.1","1004.8","1016.6"
"2026-09-23","20:55:02","Clear","Dry","Dark","-3.6","17.5","3200","57232","19.3","45%","23.5","","Opened","7.296","230","Safe","Calm","0.0","60","11.3","3.1","1004.8","1016.6"
"2026-09-23","20:55:12","Clear","Dry","Dark","-3.6","17.5","3200","57232","19.3","45%","23.6","","Opened","7.349","230","Safe","Calm","0.0","60","11.3","3.2","1004.9","1016.7"
"2026-09-23","20:55:22","Clear","Dry","Dark","-3.7","17.5","3200","57232","19.3","45%","23.7","Heating DOWN","Opened","7.406","230","Safe","Calm","0.0","60","11.3","3.1","1004.8","1016.6"
"2026-09-23","20:55:32","Clear","Dry","Dark","-3.7","17.5","3328","57232","19.3","44%","23.7","Heating DOWN","Opened","7.411","230","Safe","Calm","0.0","60","11.3","3.0","1004.9","1016.7"
"2026-09-23","20:55:42","Clear","Dry","Dark","-3.8","17.4","3264","57232","19.3","43%","23.7","Heating DOWN","Opened","7.537","230","Safe","Calm","0.0","60","11.3","3.0","1004.9","1016.7"
"2026-09-23","20:55:52","Clear","Dry","Dark","-3.8","17.4","3200","57232","19.3","43%","23.8","Heating DOWN","Opened","7.386","230","Safe","Calm","0.0","60","11.3","3.0","1004.8","1016.6"
"2026-09-23","20:56:02","Clear","Dry","Dark","-3.8","17.4","3200","57232","19.3","42%","23.9","Heating DOWN","Opened","7.385","230","Safe","Calm","0.0","60","11.3","2.9","1004.9","1016.7"
"2026-09-23","20:56:12","Clear","Dry","Dark","-3.7","17.4","3264","57232","19.3","40%","23.9","Heating DOWN","Opened","7.485","230","Safe","Calm","0.0","60","11.3","3.1","1004.9","1016.7"
"2026-09-23","20:56:22","Clear","Dry","Dark","-3.7","17.4","3200","57232","19.3","38%","23.9","Heating DOWN","Opened","7.483","230","Safe","Calm","0.0","60","11.3","3.0","1004.9","1016.7"
"2026-09-23","20:56:32","Clear","Dry","Dark","-3.5","17.4","3264","57232","19.2","36%","23.8","","Opened","7.351","230","Safe","Calm","0.0","60","11.3","3.2","1004.9","1016.7"
"2026-09-23","20:56:42","Clear","Dry","Dark","-3.7","17.4","3264","57232","19.2","36%","23.7","","Opened","7.440","230","Safe","Calm","0.0","60","11.4","3.0","1004.8","1016.6"
"2026-09-23","20:56:52","Clear","Dry","Dark","-3.9","17.4","3264","57232","19.2","36%","23.6","","Opened","7.372","230","Safe","Calm","0.0","60","11.4","2.9","1004.8","1016.6"
"2026-09-23","20:57:02","Clear","Dry","Dark","-3.8","17.4","3264","57232","19.2","36%","23.6","Heating DOWN","Opened","7.444","230","Safe","Calm","0.0","60","11.3","2.9","1004.9","1016.7"
"2026-09-23","20:57:12","Clear","Dry","Dark","-3.7","17.4","3200","57232","19.2","35%","23.6","Heating DOWN","Opened","7.416","230","Safe","Calm","0.0","60","11.4","3.0","1004.9","1016.7"
"2026-09-23","20:57:22","Clear","Dry","Dark","-3.7","17.4","3200","57232","19.2","34%","23.6","Heating DOWN","Opened","7.414","230","Safe","Calm","0.0","60","11.3","3.0","1004.8","1016.6"
"2026-09-23","20:57:32","Clear","Dry","Dark","-3.7","17.3","3328","57232","19.2","33%","23.5","","Opened","7.280","230","Safe","Calm","0.0","61","11.4","3.0","1004.9","1016.7"
"2026-09-23","20:57:42","Clear","Dry","Dark","-3.5","17.4","3328","57232","19.2","33%","23.4","","Opened","7.501","230","Safe","Calm","0.0","61","11.4","3.1","1004.9","1016.7"
"2026-09-23","20:57:52","Clear","Dry","Dark","-3.4","17.3","3328","57232","19.1","33%","23.3","","Opened","7.314","230","Safe","Calm","0.0","61","11.4","3.3","1004.9","1016.7"
"2026-09-23","20:58:02","Clear","Dry","Dark","-3.6","17.4","3328","57232","19.1","33%","23.2","","Opened","7.385","230","Safe","Calm","0.0","61","11.4","3.1","1004.9","1016.7"
"2026-09-23","20:58:12","Clear","Dry","Dark","-3.7","17.4","3328","57232","19.1","33%","23.1","","Opened","7.315","230","Safe","Calm","0.0","61","11.3","3.0","1004.9","1016.7"
"2026-09-23","20:58:22","Clear","Dry","Dark","-3.6","17.3","3328","57232","19.1","33%","23.1","","Opened","7.377","230","Safe","Calm","0.0","61","11.3","3.1","1004.8","1016.6"
"2026-09-23","20:58:32","Clear","Dry","Dark","-3.7","17.3","3328","57232","19.1","33%","23.1","","Opened","7.323","230","Safe","Calm","0.0","61","11.3","2.9","1004.9","1016.7"
"2026-09-23","20:58:42","Clear","Dry","Dark","-3.6","17.3","3328","57232","19.1","33%","23.1","","Opened","7.413","230","Safe","Calm","0.0","61","11.3","3.0","1005.0","1016.8"
"2026-09-23","20:58:52","Clear","Dry","Dark","-3.6","17.3","3328","57232","19.1","33%","23.1","","Opened","7.363","230","Safe","Calm","0.0","61","11.3","3.0","1004.9","1016.7"
"2026-09-23","20:59:02","Clear","Dry","Dark","-3.4","17.3","3328","57232","19.0","33%","23.1","","Opened","7.325","230","Safe","Calm","0.0","61","11.3","3.2","1004.9","1016.7"
"2026-09-23","20:59:12","Clear","Dry","Dark","-3.5","17.3","3328","57232","19.0","33%","23.1","","Opened","7.255","230","Safe","Calm","0.0","61","11.3","3.1","1004.9","1016.7"
"2026-09-23","20:59:22","Clear","Dry","Dark","-3.5","17.3","3328","57232","19.0","33%","23.1","","Opened","7.335","230","Safe","Calm","0.0","61","11.3","3.1","1004.9","1016.7"
"2026-09-23","20:59:32","Clear","Dry","Dark","-3.6","17.3","3328","57232","19.0","33%","23.1","","Opened","7.287","230","Safe","Calm","0.0","61","11.3","3.0","1004.9","1016.7"
"2026-09-23","20:59:42","Clear","Dry","Dark","-3.6","17.2","3328","57232","19.0","33%","23.1","","Opened","7.497","230","Safe","Calm","0.0","61","11.3","3.0","1004.9","1016.7"
"2026-09-23","20:59:52","Clear","Dry","Dark","-3.4","17.2","3328","57232","19.0","33%","23.1","","Opened","7.306","230","Safe","Calm","0.0","61","11.3","3.2","1005.1","1016.9"
"2026-09-23","21:00:02","Clear","Dry","Dark","-3.3","17.3","3328","57232","19.0","33%","23.1","","Opened","7.392","230","Safe","Calm","0.0","61","11.3","3.3","1005.0","1016.8"
"2026-09-23","21:00:12","Clear","Dry","Dark","-3.4","17.3","3328","57232","19.0","33%","23.1","","Opened","7.316","230","Safe","Calm","0.0","61","11.3","3.2","1004.9","1016.7"
"2026-09-23","21:00:22","Clear","Dry","Dark","-3.2","17.3","3328","57232","19.0","33%","23.0","","Opened","7.379","230","Safe","Calm","0.0","61","11.3","3.4","1005.0","1016.8"
"2026-09-23","21:00:32","Clear","Dry","Dark","-3.4","17.3","3328","57232","19.0","33%","23.0","","Opened","7.328","230","Safe","Calm","0.0","61","11.3","3.2","1004.9","1016.7"
"2026-09-23","21:00:42","Clear","Dry","Dark","-3.4","17.3","3328","57232","19.0","33%","22.9","","Opened","7.428","230","Safe","Calm","0.0","61","11.3","3.2","1004.9","1016.7"
"2026-09-23","21:00:52","Clear","Dry","Dark","-3.4","17.3","3328","57232","19.0","33%","23.0","","Opened","7.368","230","Safe","Calm","0.0","61","11.3","3.2","1004.9","1016.7"
"2026-09-23","21:01:02","Clear","Dry","Dark","-3.5","17.3","3328","57232","19.0","33%","22.9","","Opened","7.304","230","Safe","Calm","0.0","61","11.3","3.1","1004.9","1016.7"
"2026-09-23","21:01:12","Clear","Dry","Dark","-3.6","17.3","3328","57232","19.0","33%","22.9","","Opened","7.365","230","Safe","Calm","0.0","61","11.3","3.0","1004.9","1016.7"
"2026-09-23","21:01:22","Clear","Dry","Dark","-3.3","17.3","3328","57232","19.0","33%","22.9","","Opened","7.314","230","Safe","Calm","0.0","61","11.3","3.3","1005.0","1016.8"
"2026-09-23","21:01:32","Clear","Dry","Dark","-3.5","17.3","3328","57232","19.0","33%","22.9","","Opened","7.387","230","Safe","Calm","0.0","61","11.3","3.1","1004.9","1016.7"
"2026-09-23","21:01:42","Clear","Dry","Dark","-3.5","17.3","3328","57232","19.0","33%","23.0","","Opened","7.474","230","Safe","Calm","0.0","61","11.3","3.1","1004.9","1016.7"
"2026-09-23","21:01:52","Clear","Dry","Dark","-3.5","17.3","3328","57232","19.0","33%","23.0","","Opened","7.283","230","Safe","Calm","0.0","61","11.3","3.1","1004.9","1016.7"
"2026-09-23","21:02:02","Clear","Dry","Dark","-3.5","17.3","3328","57232","19.0","33%","23.0","","Opened","7.363","230","Safe","Calm","0.0","61","11.3","3.0","1004.9","1016.7"
"2026-09-23","21:02:12","Clear","Dry","Dark","-3.5","17.3","3328","57232","19.0","33%","23.0","","Opened","7.293","230","Safe","Calm","0.0","61","11.3","3.0","1004.9","1016.7"
"2026-09-23","21:02:22","Clear","Dry","Dark","-3.5","17.3","3328","57232","19.0","33%","23.0","","Opened","7.362","230","Safe","Calm","0.0","61","11.3","3.0","1004.9","1016.7"
"2026-09-23","21:02:32","Clear","Dry","Dark","-3.5","17.2","3328","57232","19.0","33%","23.0","","Opened","7.318","230","Safe","Calm","0.0","61","11.3","3.1","1004.9","1016.7"
"2026-09-23","21:02:42","Clear","Dry","Dark","-3.4","17.3","3328","57232","19.0","33%","22.9","","Opened","7.422","230","Safe","Calm","0.0","61","11.3","3.2","1004.9","1016.7"
"2026-09-23","21:02:52","Clear","Dry","Dark","-3.6","17.2","3328","57232","19.0","33%","23.0","","Opened","7.350","230","Safe","Calm","0.0","61","11.3","3.0","1004.9","1016.7"
"2026-09-23","21:03:02","Clear","Dry","Dark","-3.4","17.2","3328","57232","19.0","33%","23.0","","Opened","7.302","230","Safe","Calm","0.0","61","11.3","3.1","1004.9","1016.7"
"2026-09-23","21:03:12","Clear","Dry","Dark","-3.5","17.2","3328","57232","18.9","33%","23.0","","Opened","7.360","230","Safe","Calm","0.0","61","11.3","3.1","1004.9","1016.7"
"2026-09-23","21:03:22","Clear","Dry","Dark","-3.6","17.2","3328","57232","19.0","33%","23.0","","Opened","7.313","230","Safe","Calm","0.0","61","11.3","3.0","1004.9","1016.7"
"2026-09-23","21:03:32","Clear","Dry","Dark","-3.3","17.2","3328","57232","18.9","33%","22.9","","Opened","7.393","230","Safe","Calm","0.0","61","11.2","3.3","1005.0","1016.8"
"2026-09-23","21:03:42","Clear","Dry","Dark","-3.5","17.2","3328","57232","18.9","33%","22.9","","Opened","7.493","230","Safe","Calm","0.0","61","11.2","3.0","1004.9","1016.8"
"2026-09-23","21:03:52","Clear","Dry","Dark","-3.5","17.2","3328","57232","18.9","33%","22.9","","Opened","7.298","230","Safe","Calm","0.0","61","11.3","3.1","1005.0","1016.8"
"2026-09-23","21:04:02","Clear","Dry","Dark","-3.4","17.2","3328","57232","18.9","33%","22.9","","Opened","7.378","230","Safe","Calm","0.0","61","11.3","3.2","1004.9","1016.7"
"2026-09-23","21:04:12","Clear","Dry","Dark","-3.5","17.2","3328","57232","19.0","33%","22.9","","Opened","7.316","230","Safe","Calm","0.0","61","11.3","3.0","1004.9","1016.7"
"2026-09-23","21:04:22","Clear","Dry","Dark","-3.5","17.2","3328","57232","18.9","33%","22.9","","Opened","7.397","230","Safe","Calm","0.0","61","11.3","3.1","1004.9","1016.8"
"2026-09-23","21:04:32","Clear","Dry","Dark","-3.6","17.2","3328","57232","18.9","33%","22.9","","Opened","7.327","230","Safe","Calm","0.0","61","11.3","2.9","1004.9","1016.7"
"2026-09-23","21:04:42","Clear","Dry","Dark","-3.3","17.2","3328","57232","18.9","33%","23.0","","Opened","7.501","230","Safe","Calm","0.0","61","11.2","3.2","1005.0","1016.8"
"2026-09-23","21:04:52","Clear","Dry","Dark","-3.5","17.2","3328","57232","18.9","33%","23.0","","Opened","7.370","230","Safe","Calm","0.0","61","11.2","3.1","1004.9","1016.8"
"2026-09-23","21:05:02","Clear","Dry","Dark","-3.3","17.2","3328","57232","18.9","33%","22.9","","Opened","7.321","230","Safe","Calm","0.0","61","11.2","3.2","1005.1","1016.9"
"2026-09-23","21:05:12","Clear","Dry","Dark","-3.5","17.2","3328","57232","18.9","33%","22.9","","Opened","7.379","230","Safe","Calm","0.0","61","11.2","3.1","1004.9","1016.8"
"2026-09-23","21:05:22","Clear","Dry","Dark","-3.4","17.1","3328","57232","18.9","33%","22.9","","Opened","7.319","230","Safe","Calm","0.0","61","11.2","3.1","1004.9","1016.7"
"2026-09-23","21:05:32","Clear","Dry","Dark","-3.4","17.2","3328","57232","18.9","33%","22.9","","Opened","7.283","230","Safe","Calm","0.0","61","11.2","3.1","1004.9","1016.8"
"2026-09-23","21:05:42","Clear","Dry","Dark","-3.4","17.1","3328","57232","18.9","33%","22.9","","Opened","7.480","230","Safe","Calm","0.0","61","11.2","3.1","1004.9","1016.8"
"2026-09-23","21:05:52","Clear","Dry","Dark","-3.5","17.1","3328","57232","18.9","33%","22.9","","Opened","7.279","230","Safe","Calm","0.0","61","11.2","3.0","1004.9","1016.7"
"2026-09-23","21:06:02","Clear","Dry","Dark","-3.5","17.1","3328","57232","18.9","33%","22.9","","Opened","7.350","230","Safe","Calm","0.0","61","11.2","3.0","1004.9","1016.8"
"2026-09-23","21:06:12","Clear","Dry","Dark","-3.6","17.1","3328","57232","18.9","33%","22.9","","Opened","7.292","230","Safe","Calm","0.0","61","11.2","3.0","1005.0","1016.8"
"2026-09-23","21:06:22","Clear","Dry","Dark","-3.5","17.1","3328","57232","18.9","33%","23.0","","Opened","7.372","230","Safe","Calm","0.0","61","11.2","3.0","1005.1","1016.9"
"2026-09-23","21:06:32","Clear","Dry","Dark","-3.4","17.1","3328","57232","18.9","33%","23.0","","Opened","7.309","230","Safe","Calm","0.0","61","11.3","3.1","1005.0","1016.8"
"2026-09-23","21:06:42","Clear","Dry","Dark","-3.6","17.1","3328","57232","18.9","33%","23.0","","Opened","7.524","230","Safe","Calm","0.0","61","11.3","2.9","1004.9","1016.8"
"2026-09-23","21:06:52","Clear","Dry","Dark","-3.4","17.1","3328","57232","18.9","33%","23.0","","Opened","7.341","230","Safe","Calm","0.0","61","11.3","3.1","1004.9","1016.8"
"2026-09-23","21:07:02","Clear","Dry","Dark","-3.5","17.1","3328","57232","18.9","33%","22.9","","Opened","7.282","230","Safe","Calm","0.0","61","11.3","3.0","1004.9","1016.8"
"2026-09-23","21:07:12","Clear","Dry","Dark","-3.6","17.0","3328","57232","18.9","33%","22.9","","Opened","7.327","230","Safe","Calm","0.0","61","11.3","2.9","1004.9","1016.8"
"2026-09-23","21:07:22","Clear","Dry","Dark","-3.6","17.0","3328","57232","18.9","33%","22.9","","Opened","7.277","230","Safe","Calm","0.0","62","11.3","2.9","1004.9","1016.8"
"2026-09-23","21:07:32","Clear","Dry","Dark","-3.5","17.0","3328","57232","18.9","33%","22.9","","Opened","7.327","230","Safe","Calm","0.0","62","11.3","3.0","1005.0","1016.8"
"2026-09-23","21:07:42","Clear","Dry","Dark","-3.6","17.0","3328","57232","18.9","33%","22.9","","Opened","7.577","230","Safe","Calm","0.0","62","11.3","2.9","1005.0","1016.8"
"2026-09-23","21:07:52","Clear","Dry","Dark","-3.6","17.0","3328","57232","18.9","33%","22.8","","Opened","7.345","230","Safe","Calm","0.0","62","11.4","2.9","1004.9","1016.8"
"2026-09-23","21:08:02","Clear","Dry","Dark","-3.6","17.0","3328","57232","18.8","33%","22.8","","Opened","7.317","230","Safe","Calm","0.0","62","11.4","2.9","1004.9","1016.8"
"2026-09-23","21:08:12","Clear","Dry","Dark","-3.6","17.0","3328","57232","18.8","33%","22.8","","Opened","7.374","230","Safe","Calm","0.0","62","11.4","2.9","1004.9","1016.8"
"2026-09-23","21:08:22","Clear","Dry","Dark","-3.7","17.0","3328","57232","18.8","33%","22.7","","Opened","7.317","230","Safe","Calm","0.0","62","11.4","2.8","1004.9","1016.8"
"2026-09-23","21:08:32","Clear","Dry","Dark","-3.7","16.9","3328","57232","18.8","33%","22.7","","Opened","7.393","230","Safe","Calm","0.0","62","11.3","2.8","1004.9","1016.8"
"2026-09-23","21:08:42","Clear","Dry","Dark","-3.5","16.9","3328","57232","18.8","33%","22.7","","Opened","7.473","230","Safe","Calm","0.0","62","11.3","2.9","1004.9","1016.8"
"2026-09-23","21:08:52","Clear","Dry","Dark","-3.6","16.9","3328","57232","18.8","33%","22.7","","Opened","7.277","230","Safe","Calm","0.0","62","11.3","2.9","1004.9","1016.8"
"2026-09-23","21:09:02","Clear","Dry","Dark","-3.7","16.9","3328","57232","18.8","33%","22.7","","Opened","7.361","230","Safe","Calm","0.0","62","11.3","2.8","1004.9","1016.8"
"2026-09-23","21:09:12","Clear","Dry","Dark","-3.7","16.9","3328","57232","18.8","33%","22.8","","Opened","7.292","230","Safe","Calm","0.0","62","11.3","2.7","1005.0","1016.8"
"2026-09-23","21:09:22","Clear","Dry","Dark","-3.7","16.9","3328","57232","18.8","33%","22.8","","Opened","7.360","230","Safe","Calm","0.0","62","11.2","2.7","1004.9","1016.8"
"2026-09-23","21:09:32","Clear","Dry","Dark","-3.7","16.9","3328","57232","18.8","33%","22.8","","Opened","7.324","230","Safe","Calm","0.0","61","11.2","2.7","1004.9","1016.8"
"2026-09-23","21:09:42","Clear","Dry","Dark","-3.6","16.8","3328","57232","18.8","33%","22.9","","Opened","7.583","230","Safe","Calm","0.0","61","11.2","2.8","1005.0","1016.8"
"2026-09-23","21:09:52","Clear","Dry","Dark","-3.7","16.8","3328","57232","18.8","33%","22.9","","Opened","7.349","230","Safe","Calm","0.0","61","11.2","2.7","1005.1","1016.9"
"2026-09-23","21:10:02","Clear","Dry","Dark","-3.7","16.8","3328","57232","18.8","33%","22.9","","Opened","7.298","230","Safe","Calm","0.0","61","11.1","2.7","1005.1","1016.9"
"2026-09-23","21:10:12","Clear","Dry","Dark","-3.7","16.8","3328","57232","18.8","33%","22.9","","Opened","7.351","230","Safe","Calm","0.0","61","11.1","2.7","1005.0","1016.8"
"2026-09-23","21:10:22","Clear","Dry","Dark","-3.8","16.7","3328","57232","18.8","33%","22.9","","Opened","7.307","230","Safe","Calm","0.0","61","11.1","2.6","1004.9","1016.8"
"2026-09-23","21:10:32","Clear","Dry","Dark","-3.7","16.7","3328","57232","18.8","33%","22.9","","Opened","7.382","230","Safe","Calm","0.0","61","11.1","2.8","1005.0","1016.8"
"2026-09-23","21:10:42","Clear","Dry","Dark","-3.7","16.7","3328","57232","18.7","33%","23.0","","Opened","7.476","230","Safe","Calm","0.0","61","11.1","2.7","1005.0","1016.8"
"2026-09-23","21:10:52","Clear","Dry","Dark","-3.9","16.7","3328","57232","18.7","33%","23.0","","Opened","7.278","230","Safe","Calm","0.0","61","11.1","2.5","1005.1","1016.9"
"2026-09-23","21:11:02","Clear","Dry","Dark","-3.8","16.7","3328","57232","18.7","33%","23.1","","Opened","7.360","230","Safe","Calm","0.0","61","11.1","2.6","1005.0","1016.8"
"2026-09-23","21:11:12","Clear","Dry","Dark","-3.8","16.7","3328","57232","18.7","33%","23.1","","Opened","7.289","230","Safe","Calm","0.0","61","11.1","2.6","1005.0","1016.8"
"2026-09-23","21:11:22","Clear","Dry","Dark","-3.9","16.7","3328","57232","18.7","33%","23.1","","Opened","7.369","230","Safe","Calm","0.0","61","11.1","2.5","1005.0","1016.8"
"2026-09-23","21:11:32","Clear","Dry","Dark","-3.9","16.6","3328","57232","18.7","33%","23.1","","Opened","7.324","230","Safe","Calm","0.0","61","11.1","2.5","1005.1","1016.9"
"2026-09-23","21:11:42","Clear","Dry","Dark","-3.8","16.6","3328","57232","18.7","33%","23.1","","Opened","7.448","230","Safe","Calm","0.0","61","11.1","2.6","1005.0","1016.8"
"2026-09-23","21:11:52","Clear","Dry","Dark","-3.9","16.6","3328","57232","18.7","33%","23.1","","Opened","7.346","230","Safe","Calm","0.0","61","11.1","2.5","1005.0","1016.8"
"2026-09-23","21:12:02","Clear","Dry","Dark","-3.8","16.6","3328","57232","18.7","33%","23.1","Heating DOWN","Opened","7.406","230","Safe","Calm","0.0","61","11.1","2.6","1005.1","1016.9"
"2026-09-23","21:12:12","Clear","Dry","Dark","-3.9","16.6","3200","57232","18.7","32%","23.1","Heating DOWN","Opened","7.393","230","Safe","Calm","0.0","61","11.1","2.6","1005.0","1016.8"
"2026-09-23","21:12:22","Clear","Dry","Dark","-3.9","16.5","3200","57232","18.7","31%","23.1","Heating DOWN","Opened","7.507","230","Safe","Calm","0.0","61","11.1","2.5","1005.0","1016.8"
"2026-09-23","21:12:32","Clear","Dry","Dark","-3.8","16.6","3200","57232","18.7","30%","23.1","Heating DOWN","Opened","7.516","230","Safe","Calm","0.0","61","11.1","2.6","1004.9","1016.8"
"2026-09-23","21:12:42","Clear","Dry","Dark","-3.8","16.6","3328","57232","18.7","29%","23.0","","Opened","7.566","230","Safe","Calm","0.0","61","11.0","2.6","1004.9","1016.8"
"2026-09-23","21:12:52","Clear","Dry","Dark","-3.8","16.5","3328","57232","18.7","29%","23.1","Heating DOWN","Opened","7.467","230","Safe","Calm","0.0","61","11.0","2.6","1004.9","1016.8"
"2026-09-23","21:13:02","Clear","Dry","Dark","-3.8","16.5","3200","57232","18.7","28%","23.1","Heating DOWN","Opened","7.464","230","Safe","Calm","0.0","61","11.0","2.6","1005.0","1016.8"
"2026-09-23","21:13:12","Clear","Dry","Dark","-3.8","16.5","3200","57232","18.7","27%","23.0","","Opened","7.311","230","Safe","Calm","0.0","61","11.0","2.6","1005.1","1016.9"
"2026-09-23","21:13:22","Clear","Dry","Dark","-3.8","16.5","3200","57232","18.7","27%","22.8","","Opened","7.392","230","Safe","Calm","0.0","61","11.0","2.6","1004.9","1016.8"
"2026-09-23","21:13:32","Clear","Dry","Dark","-3.8","16.5","3200","57232","18.7","27%","22.8","","Opened","7.347","230","Safe","Calm","0.0","61","11.0","2.6","1005.1","1016.9"
"2026-09-23","21:13:42","Clear","Dry","Dark","-3.6","16.5","3200","57232","18.7","27%","22.7","","Opened","7.437","230","Safe","Calm","0.0","61","11.0","2.7","1005.0","1016.8"
"2026-09-23","21:13:52","Clear","Dry","Dark","-3.9","16.6","3200","57232","18.7","27%","22.7","","Opened","7.379","230","Safe","Calm","0.0","61","11.0","2.5","1005.1","1016.9"
"2026-09-23","21:14:02","Clear","Dry","Dark","-3.8","16.5","3200","57232","18.6","27%","22.7","","Opened","7.332","230","Safe","Calm","0.0","61","11.0","2.6","1005.1","1017.0"
"2026-09-23","21:14:12","Clear","Dry","Dark","-3.7","16.5","3200","57232","18.7","27%","22.6","","Opened","7.261","230","Safe","Calm","0.0","61","11.0","2.6","1005.1","1016.9"
"2026-09-23","21:14:22","Clear","Dry","Dark","-3.7","16.6","3200","57232","18.6","27%","22.6","","Opened","7.341","230","Safe","Calm","0.0","61","11.0","2.7","1005.0","1016.8"
"2026-09-23","21:14:32","Clear","Dry","Dark","-3.7","16.6","3200","57232","18.6","27%","22.6","","Opened","7.290","230","Safe","Calm","0.0","61","11.0","2.7","1005.0","1016.8"
"2026-09-23","21:14:42","Clear","Dry","Dark","-3.9","16.6","3200","57232","18.6","27%","22.6","","Opened","7.523","230","Safe","Calm","0.0","61","11.0","2.5","1005.1","1016.9"
"2026-09-23","21:14:52","Clear","Dry","Dark","-3.7","16.6","3200","57232","18.6","27%","22.6","","Opened","7.302","230","Safe","Calm","0.0","61","11.0","2.7","1005.1","1017.0"
"2026-09-23","21:15:02","Clear","Dry","Dark","-3.6","16.6","3200","57232","18.6","27%","22.6","","Opened","7.381","230","Safe","Calm","0.0","61","11.0","2.7","1005.1","1016.9"
"2026-09-23","21:15:12","Clear","Dry","Dark","-3.7","16.6","3200","57232","18.6","27%","22.5","Heating UP","Opened","7.432","230","Safe","Calm","0.0","61","11.0","2.7","1005.0","1016.8"
"2026-09-23","21:15:22","Clear","Dry","Dark","-3.6","16.6","3200","57232","18.6","28%","22.5","Heating UP","Opened","7.422","230","Safe","Calm","0.0","61","11.0","2.8","1005.0","1016.8"
"2026-09-23","21:15:32","Clear","Dry","Dark","-3.5","16.6","3328","57232","18.6","29%","22.5","","Opened","7.304","230","Safe","Calm","0.0","61","11.0","2.8","1005.0","1016.8"
"2026-09-23","21:15:42","Clear","Dry","Dark","-3.7","16.6","3328","57232","18.6","29%","22.4","Heating UP","Opened","7.661","230","Safe","Calm","0.0","61","11.0","2.6","1005.0","1016.8"
"2026-09-23","21:15:52","Clear","Dry","Dark","-3.7","16.6","3200","57232","18.6","30%","22.5","","Opened","7.358","230","Safe","Calm","0.0","61","11.0","2.6","1005.0","1016.8"
"2026-09-23","21:16:02","Clear","Dry","Dark","-3.6","16.6","3200","57232","18.6","30%","22.4","Heating UP","Opened","7.429","230","Safe","Calm","0.0","61","11.0","2.7","1005.1","1016.9"
"2026-09-23","21:16:12","Clear","Dry","Dark","-3.5","16.6","3200","57232","18.6","31%","22.4","Heating UP","Opened","7.413","230","Safe","Calm","0.0","61","11.0","2.9","1005.0","1016.8"
"2026-09-23","21:16:22","Clear","Dry","Dark","-3.7","16.6","3200","57232","18.6","32%","22.4","Heating UP","Opened","7.405","230","Safe","Calm","0.0","61","11.1","2.6","1005.1","1016.9"
"2026-09-23","21:16:32","Clear","Dry","Dark","-3.7","16.6","3328","57232","18.6","33%","22.4","Heating UP","Opened","7.401","230","Safe","Calm","0.0","62","11.1","2.7","1005.1","1016.9"
"2026-09-23","21:16:42","Clear","Dry","Dark","-3.7","16.6","3200","57232","18.6","34%","22.4","Heating UP","Opened","7.568","230","Safe","Calm","0.0","62","11.1","2.6","1004.9","1016.8"
"2026-09-23","21:16:52","Clear","Dry","Dark","-3.7","16.6","3200","57232","18.6","35%","22.4","Heating UP","Opened","7.390","230","Safe","Calm","0.0","62","11.2","2.6","1005.1","1016.9"
"2026-09-23","21:17:02","Clear","Dry","Dark","-3.6","16.6","3200","57232","18.6","36%","22.5","","Opened","7.393","230","Safe","Calm","0.0","62","11.2","2.8","1005.1","1016.9"
"2026-09-23","21:17:12","Clear","Dry","Dark","-3.6","16.6","3200","57232","18.6","36%","22.5","","Opened","7.325","230","Safe","Calm","0.0","62","11.1","2.7","1005.0","1016.8"
"2026-09-23","21:17:22","Clear","Dry","Dark","-3.6","16.6","3200","57232","18.6","36%","22.6","","Opened","7.287","230","Safe","Calm","0.0","62","11.2","2.7","1005.0","1016.8"
"2026-09-23","21:17:32","Clear","Dry","Dark","-3.8","16.6","3200","57232","18.6","36%","22.6","","Opened","7.336","230","Safe","Calm","0.0","62","11.2","2.5","1004.9","1016.8"
"2026-09-23","21:17:42","Clear","Dry","Dark","-3.5","16.6","3200","57232","18.5","36%","22.7","","Opened","7.428","230","Safe","Calm","0.0","62","11.1","2.8","1005.0","1016.8"
"2026-09-23","21:17:52","Clear","Dry","Dark","-3.7","16.6","3200","57232","18.6","36%","22.8","","Opened","7.363","230","Safe","Calm","0.0","62","11.2","2.6","1005.0","1016.8"
"2026-09-23","21:18:02","Clear","Dry","Dark","-3.7","16.6","3200","57232","18.6","36%","22.9","","Opened","7.311","230","Safe","Calm","0.0","62","11.2","2.6","1004.9","1016.8"
"2026-09-23","21:18:12","Clear","Dry","Dark","-3.7","16.6","3200","57232","18.5","36%","22.9","","Opened","7.379","230","Safe","Calm","0.0","62","11.1","2.6","1005.1","1016.9"
"2026-09-23","21:18:22","Clear","Dry","Dark","-3.7","16.6","3200","57232","18.5","36%","23.0","Heating DOWN","Opened","7.445","230","Safe","Calm","0.0","62","11.1","2.6","1005.0","1016.8"
"2026-09-23","21:18:32","Clear","Dry","Dark","-3.5","16.6","3200","57232","18.5","35%","23.0","Heating DOWN","Opened","7.429","230","Safe","Calm","0.0","62","11.1","2.8","1005.0","1016.8"
"2026-09-23","21:18:42","Clear","Dry","Dark","-3.6","16.6","3200","57232","18.5","34%","23.0","Heating DOWN","Opened","7.613","230","Safe","Calm","0.0","62","11.1","2.7","1004.9","1016.8"
"2026-09-23","21:18:52","Clear","Dry","Dark","-3.4","16.6","3328","57232","18.5","33%","22.9","","Opened","7.311","230","Safe","Calm","0.0","62","11.2","2.9","1004.9","1016.8"
"2026-09-23","21:19:02","Clear","Dry","Dark","-3.6","16.6","3328","57232","18.5","33%","22.9","","Opened","7.390","230","Safe","Calm","0.0","62","11.2","2.7","1005.1","1016.9"
"2026-09-23","21:19:12","Clear","Dry","Dark","-3.9","16.6","3328","57232","18.5","33%","22.9","","Opened","7.315","230","Safe","Calm","0.0","62","11.1","2.4","1005.1","1016.9"
"2026-09-23","21:19:22","Clear","Dry","Dark","-3.6","16.6","3328","57232","18.5","33%","22.9","","Opened","7.390","230","Safe","Calm","0.0","62","11.2","2.6","1005.0","1016.8"
"2026-09-23","21:19:32","Clear","Dry","Dark","-3.6","16.6","3328","57232","18.5","33%","22.8","","Opened","7.349","230","Safe","Calm","0.0","62","11.2","2.7","1005.0","1016.8"
"2026-09-23","21:19:42","Clear","Dry","Dark","-3.7","16.6","3328","57232","18.5","33%","22.8","","Opened","7.440","230","Safe","Calm","0.0","62","11.2","2.6","1005.0","1016.8"
"2026-09-23","21:19:52","Clear","Dry","Dark","-3.6","16.6","3328","57232","18.5","33%","22.7","","Opened","7.374","230","Safe","Calm","0.0","62","11.2","2.7","1004.9","1016.8"
"2026-09-23","21:20:02","Clear","Dry","Dark","-3.6","16.6","3328","57232","18.5","33%","22.7","","Opened","7.323","230","Safe","Calm","0.0","62","11.2","2.7","1005.0","1016.8"
"2026-09-23","21:20:12","Clear","Dry","Dark","-3.6","16.6","3328","57232","18.4","33%","22.7","","Opened","7.372","230","Safe","Calm","0.0","63","11.2","2.6","1004.9","1016.8"
"2026-09-23","21:20:22","Clear","Dry","Dark","-3.7","16.6","3328","57232","18.5","33%","22.6","","Opened","7.307","230","Safe","Calm","0.0","63","11.2","2.6","1004.9","1016.8"
"2026-09-23","21:20:32","Clear","Dry","Dark","-3.5","16.6","3328","57232","18.5","33%","22.6","","Opened","7.399","230","Safe","Calm","0.0","63","11.2","2.8","1004.9","1016.8"
"2026-09-23","21:20:42","Clear","Dry","Dark","-3.7","16.6","3328","57232","18.5","33%","22.6","","Opened","7.489","230","Safe","Calm","0.0","63","11.2","2.6","1005.1","1016.9"
"2026-09-23","21:20:52","Clear","Dry","Dark","-3.6","16.6","3328","57232","18.5","33%","22.6","","Opened","7.279","230","Safe","Calm","0.0","63","11.2","2.6","1005.0","1016.8"
"2026-09-23","21:21:02","Clear","Dry","Dark","-3.7","16.6","3328","57232","18.4","33%","22.5","","Opened","7.362","230","Safe","Calm","0.0","63","11.2","2.6","1004.9","1016.8"
"2026-09-23","21:21:12","Clear","Dry","Dark","-3.6","16.6","3328","57232","18.4","33%","22.5","","Opened","7.291","230","Safe","Calm","0.0","63","11.2","2.7","1005.0","1016.8"
"2026-09-23","21:21:22","Clear","Dry","Dark","-3.8","16.6","3328","57232","18.4","33%","22.5","","Opened","7.365","230","Safe","Calm","0.0","63","11.2","2.5","1005.0","1016.8"
"2026-09-23","21:21:32","Clear","Dry","Dark","-3.7","16.6","3328","57232","18.4","33%","22.5","","Opened","7.323","230","Safe","Calm","0.0","63","11.2","2.5","1005.0","1016.8"
"2026-09-23","21:21:42","Clear","Dry","Dark","-3.7","16.6","3328","57232","18.4","33%","22.5","","Opened","7.567","230","Safe","Calm","0.0","63","11.2","2.5","1005.1","1016.9"
"2026-09-23","21:21:52","Clear","Dry","Dark","-3.7","16.6","3328","57232","18.4","33%","22.5","","Opened","7.363","230","Safe","Calm","0.0","63","11.2","2.5","1005.0","1016.8"
"2026-09-23","21:22:02","Clear","Dry","Dark","-3.6","16.6","3328","57232","18.4","33%","22.6","","Opened","7.302","230","Safe","Calm","0.0","63","11.2","2.6","1005.0","1016.8"
"2026-09-23","21:22:12","Clear","Dry","Dark","-3.8","16.6","3328","57232","18.4","33%","22.6","","Opened","7.370","230","Safe","Calm","0.0","63","11.2","2.4","1005.1","1016.9"
"2026-09-23","21:22:22","Clear","Dry","Dark","-3.7","16.6","3328","57232","18.4","33%","22.6","","Opened","7.311","230","Safe","Calm","0.0","63","11.2","2.5","1005.1","1016.9"
"2026-09-23","21:22:32","Clear","Dry","Dark","-3.7","16.5","3328","57232","18.4","33%","22.6","","Opened","7.393","230","Safe","Calm","0.0","63","11.2","2.5","1004.9","1016.8"
"2026-09-23","21:22:42","Clear","Dry","Dark","-3.8","16.5","3328","57232","18.4","33%","22.6","","Opened","7.532","230","Safe","Calm","0.0","63","11.2","2.4","1005.0","1016.8"
"2026-09-23","21:22:52","Clear","Dry","Dark","-3.6","16.5","3328","57232","18.4","33%","22.6","","Opened","7.289","230","Safe","Calm","0.0","63","11.2","2.6","1005.0","1016.8"
"2026-09-23","21:23:02","Clear","Dry","Dark","-3.5","16.5","3328","57232","18.4","33%","22.6","","Opened","7.370","230","Safe","Calm","0.0","63","11.2","2.7","1005.0","1016.8"
"2026-09-23","21:23:12","Clear","Dry","Dark","-3.7","16.5","3328","57232","18.4","33%","22.6","","Opened","7.298","230","Safe","Calm","0.0","63","11.2","2.5","1005.1","1016.9"
"2026-09-23","21:23:22","Clear","Dry","Dark","-3.6","16.5","3328","57232","18.3","33%","22.6","","Opened","7.377","230","Safe","Calm","0.0","63","11.1","2.6","1005.0","1016.8"
"2026-09-23","21:23:32","Clear","Dry","Dark","-3.6","16.5","3328","57232","18.3","33%","22.6","","Opened","7.348","230","Safe","Calm","0.0","63","11.1","2.6","1005.0","1016.8"
"2026-09-23","21:23:42","Clear","Dry","Dark","-3.7","16.5","3328","57232","18.3","33%","22.6","","Opened","7.440","230","Safe","Calm","0.0","63","11.1","2.5","1005.0","1016.8"
"2026-09-23","21:23:52","Clear","Dry","Dark","-3.6","16.5","3328","57232","18.3","33%","22.6","","Opened","7.365","230","Safe","Calm","0.0","63","11.1","2.6","1005.0","1016.8"
"2026-09-23","21:24:02","Clear","Dry","Dark","-3.6","16.5","3328","57232","18.3","33%","22.6","","Opened","7.325","230","Safe","Calm","0.0","63","11.2","2.6","1004.9","1016.8"
"2026-09-23","21:24:12","Clear","Dry","Dark","-3.9","16.5","3328","57232","18.3","33%","22.6","","Opened","7.380","230","Safe","Calm","0.0","63","11.2","2.3","1005.1","1016.9"
"2026-09-23","21:24:22","Clear","Dry","Dark","-3.7","16.5","3328","57232","18.3","33%","22.6","","Opened","7.324","230","Safe","Calm","0.0","63","11.1","2.5","1005.0","1016.8"
"2026-09-23","21:24:32","Clear","Dry","Dark","-3.6","16.5","3328","57232","18.3","33%","22.6","","Opened","7.275","230","Safe","Calm","0.0","63","11.2","2.5","1004.9","1016.8"
"2026-09-23","21:24:42","Clear","Dry","Dark","-3.7","16.5","3328","57232","18.3","33%","22.6","","Opened","7.557","230","Safe","Calm","0.0","63","11.2","2.4","1005.0","1016.8"
"2026-09-23","21:24:52","Clear","Dry","Dark","-3.7","16.5","3328","57232","18.3","33%","22.6","","Opened","7.303","230","Safe","Calm","0.0","63","11.1","2.4","1005.0","1016.8"
"2026-09-23","21:25:02","Clear","Dry","Dark","-3.8","16.5","3328","57232","18.3","33%","22.6","","Opened","7.386","230","Safe","Calm","0.0","63","11.1","2.4","1004.9","1016.8"
"2026-09-23","21:25:12","Clear","Dry","Dark","-3.7","16.5","3328","57232","18.3","33%","22.7","","Opened","7.318","230","Safe","Calm","0.0","63","11.1","2.4","1005.0","1016.8"
"2026-09-23","21:25:22","Clear","Dry","Dark","-3.6","16.4","3328","57232","18.3","33%","22.7","","Opened","7.397","230","Safe","Calm","0.0","63","11.1","2.5","1004.9","1016.8"
"2026-09-23","21:25:32","Clear","Dry","Dark","-3.5","16.4","3328","57232","18.3","33%","22.6","","Opened","7.348","230","Safe","Calm","0.0","63","11.1","2.6","1005.0","1016.8"
"2026-09-23","21:25:42","Clear","Dry","Dark","-3.8","16.5","3328","57232","18.3","33%","22.6","","Opened","7.509","230","Safe","Calm","0.0","63","11.1","2.4","1005.0","1016.8"
"2026-09-23","21:25:52","Clear","Dry","Dark","-3.6","16.4","3328","57232","18.3","33%","22.7","Heating DOWN","Opened","7.515","230","Safe","Calm","0.0","63","11.1","2.6","1005.0","1016.8"
"2026-09-23","21:26:02","Clear","Dry","Dark","-3.8","16.4","3200","57232","18.3","32%","22.6","","Opened","7.403","230","Safe","Calm","0.0","63","11.1","2.4","1004.9","1016.8"
"2026-09-23","21:26:12","Clear","Dry","Dark","-3.7","16.4","3200","57232","18.3","32%","22.6","","Opened","7.334","230","Safe","Calm","0.0","63","11.1","2.4","1004.9","1016.8"
"2026-09-23","21:26:22","Clear","Dry","Dark","-3.6","16.4","3200","57232","18.2","32%","22.6","","Opened","7.289","230","Safe","Calm","0.0","63","11.1","2.5","1004.9","1016.8"
"2026-09-23","21:26:32","Clear","Dry","Dark","-3.7","16.4","3200","57232","18.2","32%","22.6","","Opened","7.394","230","Safe","Calm","0.0","63","11.1","2.4","1004.9","1016.8"
"2026-09-23","21:26:42","Clear","Dry","Dark","-3.6","16.4","3200","57232","18.2","32%","22.6","","Opened","7.532","230","Safe","Calm","0.0","63","11.1","2.5","1004.9","1016.8"
"2026-09-23","21:26:52","Clear","Dry","Dark","-3.6","16.4","3200","57232","18.2","32%","22.6","","Opened","7.303","230","Safe","Calm","0.0","63","11.1","2.5","1004.9","1016.8"
"2026-09-23","21:27:02","Clear","Dry","Dark","-3.7","16.3","3200","57232","18.2","32%","22.6","","Opened","7.392","230","Safe","Calm","0.0","63","11.1","2.4","1005.0","1016.8"
"2026-09-23","21:27:12","Clear","Dry","Dark","-3.6","16.3","3200","57232","18.2","32%","22.6","","Opened","7.335","230","Safe","Calm","0.0","63","11.1","2.5","1005.0","1016.8"
"2026-09-23","21:27:22","Clear","Dry","Dark","-3.7","16.3","3200","57232","18.2","32%","22.6","","Opened","7.366","230","Safe","Calm","0.0","63","11.1","2.4","1005.0","1016.8"
"2026-09-23","21:27:32","Clear","Dry","Dark","-3.6","16.3","3200","57232","18.2","32%","22.6","","Opened","7.346","230","Safe","Calm","0.0","63","11.1","2.4","1004.9","1016.8"
"2026-09-23","21:27:42","Clear","Dry","Dark","-3.6","16.3","3200","57232","18.2","32%","22.6","","Opened","7.563","230","Safe","Calm","0.0","63","11.1","2.5","1005.1","1016.9"
"2026-09-23","21:27:52","Clear","Dry","Dark","-3.7","16.3","3200","57232","18.2","32%","22.6","","Opened","7.291","230","Safe","Calm","0.0","63","11.1","2.3","1005.0","1016.8"
"2026-09-23","21:28:02","Clear","Dry","Dark","-3.5","16.3","3200","57232","18.2","32%","22.6","","Opened","7.349","230","Safe","Calm","0.0","63","11.1","2.6","1004.9","1016.8"
"2026-09-23","21:28:12","Clear","Dry","Dark","-3.6","16.3","3200","57232","18.2","32%","22.5","","Opened","7.280","230","Safe","Calm","0.0","63","11.1","2.5","1004.9","1016.8"
"2026-09-23","21:28:22","Clear","Dry","Dark","-3.7","16.3","3200","57232","18.2","32%","22.5","","Opened","7.350","230","Safe","Calm","0.0","63","11.1","2.4","1005.1","1016.9"
"2026-09-23","21:28:32","Clear","Dry","Dark","-3.6","16.3","3200","57232","18.2","32%","22.5","","Opened","7.281","230","Safe","Calm","0.0","63","11.1","2.4","1004.9","1016.8"
"2026-09-23","21:28:42","Clear","Dry","Dark","-3.6","16.3","3200","57232","18.1","32%","22.5","","Opened","7.626","230","Safe","Calm","0.0","63","11.1","2.4","1005.0","1016.8"
"2026-09-23","21:28:52","Clear","Dry","Dark","-3.6","16.3","3200","57232","18.1","32%","22.5","","Opened","7.281","230","Safe","Calm","0.0","63","11.1","2.5","1005.0","1016.8"
"2026-09-23","21:29:02","Clear","Dry","Dark","-3.6","16.3","3200","57232","18.1","32%","22.5","","Opened","7.364","230","Safe","Calm","0.0","63","11.1","2.5","1004.9","1016.8"
"2026-09-23","21:29:12","Clear","Dry","Dark","-3.6","16.3","3200","57232","18.1","32%","22.5","","Opened","7.296","230","Safe","Calm","0.0","63","11.1","2.5","1004.9","1016.8"
"2026-09-23","21:29:22","Clear","Dry","Dark","-3.6","16.3","3200","57232","18.1","32%","22.5","","Opened","7.371","230","Safe","Calm","0.0","63","11.1","2.5","1005.0","1016.8"
"2026-09-23","21:29:32","Clear","Dry","Dark","-3.7","16.3","3200","57232","18.1","32%","22.5","","Opened","7.317","230","Safe","Calm","0.0","64","11.1","2.4","1005.0","1016.8"
"2026-09-23","21:29:42","Clear","Dry","Dark","-3.6","16.3","3200","57232","18.1","32%","22.5","","Opened","7.417","230","Safe","Calm","0.0","64","11.1","2.5","1004.9","1016.8"
"2026-09-23","21:29:52","Clear","Dry","Dark","-3.7","16.3","3200","57232","18.1","32%","22.5","","Opened","7.341","230","Safe","Calm","0.0","64","11.1","2.3","1005.1","1016.9"
"2026-09-23","21:30:02","Clear","Dry","Dark","-3.5","16.2","3200","57232","18.1","32%","22.5","","Opened","7.299","230","Safe","Calm","0.0","64","11.1","2.6","1004.9","1016.8"
"2026-09-23","21:30:12","Clear","Dry","Dark","-3.7","16.3","3200","57232","18.1","32%","22.5","","Opened","7.368","230","Safe","Calm","0.0","64","11.1","2.4","1005.0","1016.8"
"2026-09-23","21:30:22","Clear","Dry","Dark","-3.6","16.3","3200","57232","18.1","32%","22.5","","Opened","7.323","230","Safe","Calm","0.0","64","11.1","2.4","1004.9","1016.8"
"2026-09-23","21:30:32","Clear","Dry","Dark","-3.6","16.3","3200","57232","18.1","32%","22.5","","Opened","7.275","230","Safe","Calm","0.0","64","11.1","2.4","1004.9","1016.8"
"2026-09-23","21:30:42","Clear","Dry","Dark","-3.5","16.3","3200","57232","18.0","32%","22.5","","Opened","7.521","230","Safe","Calm","0.0","64","11.0","2.4","1004.9","1016.8"
"2026-09-23","21:30:52","Clear","Dry","Dark","-3.6","16.3","3200","57232","18.1","32%","22.5","","Opened","7.294","230","Safe","Calm","0.0","64","11.1","2.4","1004.9","1016.8"
"2026-09-23","21:31:02","Clear","Dry","Dark","-3.6","16.3","3200","57232","18.1","32%","22.5","","Opened","7.370","230","Safe","Calm","0.0","64","11.0","2.4","1004.9","1016.8"
"2026-09-23","21:31:12","Clear","Dry","Dark","-3.5","16.3","3200","57232","18.1","32%","22.4","","Opened","7.293","230","Safe","Calm","0.0","64","11.1","2.6","1004.9","1016.8"
"2026-09-23","21:31:22","Clear","Dry","Dark","-3.5","16.3","3200","57232","18.0","32%","22.3","","Opened","7.383","230","Safe","Calm","0.0","64","11.0","2.5","1004.9","1016.8"
"2026-09-23","21:31:32","Clear","Dry","Dark","-3.5","16.3","3200","57232","18.0","32%","22.3","","Opened","7.309","230","Safe","Calm","0.0","64","11.1","2.5","1004.9","1016.7"
"2026-09-23","21:31:42","Clear","Dry","Dark","-3.6","16.3","3200","57232","18.0","32%","22.3","","Opened","7.539","230","Safe","Calm","0.0","64","11.1","2.4","1005.0","1016.9"
"2026-09-23","21:31:52","Clear","Dry","Dark","-3.4","16.3","3200","57232","18.0","32%","22.3","","Opened","7.341","230","Safe","Calm","0.0","64","11.1","2.5","1004.9","1016.7"
"2026-09-23","21:32:02","Clear","Dry","Dark","-3.4","16.3","3200","57232","18.0","32%","22.2","","Opened","7.280","230","Safe","Calm","0.0","64","11.1","2.6","1004.9","1016.8"
"2026-09-23","21:32:12","Clear","Dry","Dark","-3.6","16.3","3200","57232","18.0","32%","22.2","","Opened","7.342","230","Safe","Calm","0.0","64","11.1","2.4","1005.0","1016.9"
"2026-09-23","21:32:22","Clear","Dry","Dark","-3.5","16.3","3200","57232","18.0","32%","22.2","","Opened","7.299","230","Safe","Calm","0.0","64","11.1","2.5","1004.9","1016.8"
"2026-09-23","21:32:32","Clear","Dry","Dark","-3.4","16.3","3200","57232","18.0","32%","22.2","","Opened","7.379","230","Safe","Calm","0.0","64","11.1","2.5","1005.0","1016.9"
"2026-09-23","21:32:42","Clear","Dry","Dark","-3.4","16.3","3200","57232","18.0","32%","22.2","","Opened","7.480","230","Safe","Calm","0.0","64","11.1","2.6","1004.9","1016.8"
"2026-09-23","21:32:52","Clear","Dry","Dark","-3.4","16.3","3200","57232","18.0","32%","22.1","","Opened","7.277","230","Safe","Calm","0.0","64","11.1","2.5","1004.9","1016.7"
"2026-09-23","21:33:02","Clear","Dry","Dark","-3.4","16.3","3200","57232","18.0","32%","22.1","","Opened","7.353","230","Safe","Calm","0.0","64","11.1","2.5","1004.9","1016.8"
"2026-09-23","21:33:12","Clear","Dry","Dark","-3.6","16.3","3200","57232","18.0","32%","22.1","","Opened","7.286","230","Safe","Calm","0.0","64","11.1","2.4","1004.9","1016.8"
"2026-09-23","21:33:22","Clear","Dry","Dark","-3.4","16.3","3200","57232","18.0","32%","22.1","","Opened","7.361","230","Safe","Calm","0.0","64","11.1","2.6","1004.9","1016.8"
"2026-09-23","21:33:32","Clear","Dry","Dark","-3.4","16.3","3200","57232","18.0","32%","22.1","","Opened","7.315","230","Safe","Calm","0.0","65","11.2","2.5","1005.0","1016.9"
"2026-09-23","21:33:42","Clear","Dry","Dark","-3.5","16.3","3200","57232","18.0","32%","22.1","","Opened","7.525","230","Safe","Calm","0.0","65","11.2","2.5","1005.0","1016.9"
"2026-09-23","21:33:52","Clear","Dry","Dark","-3.4","16.3","3200","57232","18.0","32%","22.0","","Opened","7.344","230","Safe","Calm","0.0","65","11.2","2.5","1004.9","1016.8"
"2026-09-23","21:34:02","Clear","Dry","Dark","-3.3","16.3","3200","57232","17.9","32%","22.1","","Opened","7.278","230","Safe","Calm","0.0","65","11.2","2.6","1004.9","1016.8"
"2026-09-23","21:34:12","Clear","Dry","Dark","-3.5","16.3","3200","57232","18.0","32%","22.1","","Opened","7.331","230","Safe","Calm","0.0","65","11.2","2.4","1005.1","1016.9"
"2026-09-23","21:34:22","Clear","Dry","Dark","-3.3","16.3","3200","57232","17.9","32%","22.0","","Opened","7.272","230","Safe","Calm","0.0","65","11.2","2.6","1004.9","1016.8"
"2026-09-23","21:34:32","Clear","Dry","Dark","-3.2","16.3","3200","57232","17.9","32%","22.0","","Opened","7.351","230","Safe","Calm","0.0","65","11.2","2.7","1004.9","1016.8"
"2026-09-23","21:34:42","Clear","Dry","Dark","-3.3","16.3","3200","57232","17.9","32%","21.9","","Opened","7.464","230","Safe","Calm","0.0","65","11.2","2.6","1005.1","1016.9"
"2026-09-23","21:34:52","Clear","Dry","Dark","-3.4","16.3","3200","57232","17.9","32%","21.9","","Opened","7.366","230","Safe","Calm","0.0","65","11.3","2.5","1004.9","1016.8"
"2026-09-23","21:35:02","Clear","Dry","Dark","-3.4","16.3","3200","57232","17.9","32%","21.9","","Opened","7.318","230","Safe","Calm","0.0","65","11.2","2.5","1005.0","1016.9"
"2026-09-23","21:35:12","Clear","Dry","Dark","-3.1","16.3","3200","57232","17.9","32%","21.9","","Opened","7.382","230","Safe","Calm","0.0","65","11.2","2.8","1005.0","1016.9"
"2026-09-23","21:35:22","Clear","Dry","Dark","-3.3","16.3","3200","57232","17.9","32%","21.9","","Opened","7.321","230","Safe","Calm","0.0","65","11.2","2.6","1005.1","1016.9"
"2026-09-23","21:35:32","Clear","Dry","Dark","-3.3","16.3","3200","57232","17.9","32%","21.9","","Opened","7.278","230","Safe","Calm","0.0","65","11.3","2.6","1004.9","1016.8"
"2026-09-23","21:35:42","Clear","Dry","Dark","-3.3","16.3","3200","57232","17.9","32%","21.9","","Opened","7.495","230","Safe","Calm","0.0","65","11.2","2.7","1005.0","1016.9"
"2026-09-23","21:35:52","Clear","Dry","Dark","-3.3","16.3","3200","57232","17.9","32%","21.9","","Opened","7.309","230","Safe","Calm","0.0","65","11.2","2.6","1004.9","1016.8"
"2026-09-23","21:36:02","Clear","Dry","Dark","-3.3","16.3","3200","57232","17.9","32%","21.8","Heating UP","Opened","7.490","230","Safe","Calm","0.0","65","11.3","2.7","1005.0","1016.9"
"2026-09-23","21:36:12","Clear","Dry","Dark","-3.1","16.4","3328","57232","17.9","33%","21.8","Heating UP","Opened","7.478","230","Safe","Calm","0.0","65","11.2","2.8","1004.9","1016.8"
"2026-09-23","21:36:22","Clear","Dry","Dark","-3.3","16.4","3200","57232","17.9","34%","21.8","Heating UP","Opened","7.477","230","Safe","Calm","0.0","65","11.2","2.6","1004.9","1016.8"
"2026-09-23","21:36:32","Clear","Dry","Dark","-3.2","16.4","3200","57232","17.9","35%","21.9","","Opened","7.349","230","Safe","Calm","0.0","65","11.2","2.7","1004.9","1016.8"
"2026-09-23","21:36:42","Clear","Dry","Dark","-3.2","16.4","3200","57232","17.9","35%","21.9","","Opened","7.445","230","Safe","Calm","0.0","65","11.2","2.8","1005.0","1016.9"
"2026-09-23","21:36:52","Clear","Dry","Dark","-3.2","16.4","3200","57232","17.9","35%","21.9","","Opened","7.363","230","Safe","Calm","0.0","65","11.2","2.7","1005.0","1016.9"
"2026-09-23","21:37:02","Clear","Dry","Dark","-3.0","16.4","3200","57232","17.9","35%","21.9","","Opened","7.308","230","Safe","Calm","0.0","65","11.3","2.9","1005.0","1016.9"
"2026-09-23","21:37:12","Clear","Dry","Dark","-3.0","16.4","3200","57232","17.9","35%","21.9","","Opened","7.367","230","Safe","Calm","0.0","65","11.3","2.9","1004.9","1016.8"
"2026-09-23","21:37:22","Clear","Dry","Dark","-3.2","16.4","3200","57232","17.9","35%","22.0","","Opened","7.311","230","Safe","Calm","0.0","65","11.3","2.7","1004.9","1016.8"
"2026-09-23","21:37:32","Clear","Dry","Dark","-2.8","16.4","3200","57232","17.9","35%","22.0","","Opened","7.373","230","Safe","Calm","0.0","65","11.3","3.1","1004.9","1016.8"
"2026-09-23","21:37:42","Clear","Dry","Dark","-3.1","16.5","3200","57232","17.9","35%","22.0","","Opened","7.469","230","Safe","Calm","0.0","65","11.3","2.9","1004.9","1016.8"
"2026-09-23","21:37:52","Clear","Dry","Dark","-3.1","16.5","3200","57232","17.9","35%","22.0","","Opened","7.275","230","Safe","Calm","0.0","65","11.3","2.8","1004.9","1016.8"
"2026-09-23","21:38:02","Clear","Dry","Dark","-3.3","16.5","3200","57232","17.9","35%","22.0","","Opened","7.351","230","Safe","Calm","0.0","65","11.3","2.6","1005.0","1016.9"
"2026-09-23","21:38:12","Clear","Dry","Dark","-3.3","16.5","3200","57232","17.9","35%","22.1","","Opened","7.273","230","Safe","Calm","0.0","65","11.3","2.7","1004.9","1016.8"
"2026-09-23","21:38:22","Clear","Dry","Dark","-3.2","16.5","3200","57232","17.9","35%","22.1","","Opened","7.339","230","Safe","Calm","0.0","65","11.3","2.7","1005.0","1016.9"
"2026-09-23","21:38:32","Clear","Dry","Dark","-3.2","16.5","3200","57232","17.9","35%","22.1","","Opened","7.297","230","Safe","Calm","0.0","65","11.3","2.7","1005.1","1016.9"
"2026-09-23","21:38:42","Clear","Dry","Dark","-3.0","16.5","3200","57232","17.9","35%","22.1","","Opened","7.518","230","Safe","Calm","0.0","65","11.3","2.9","1005.0","1016.9"
"2026-09-23","21:38:52","Clear","Dry","Dark","-3.0","16.5","3200","57232","17.9","35%","22.1","","Opened","7.321","230","Safe","Calm","0.0","65","11.3","3.0","1005.0","1016.9"
"2026-09-23","21:39:02","Clear","Dry","Dark","-3.1","16.5","3200","57232","18.0","35%","22.2","","Opened","7.276","230","Safe","Calm","0.0","65","11.3","2.8","1005.1","1016.9"
"2026-09-23","21:39:12","Clear","Dry","Dark","-3.3","16.5","3200","57232","18.0","35%","22.2","","Opened","7.329","230","Safe","Calm","0.0","65","11.4","2.7","1005.0","1016.9"
"2026-09-23","21:39:22","Clear","Dry","Dark","-3.2","16.5","3200","57232","18.0","35%","22.2","","Opened","7.288","230","Safe","Calm","0.0","65","11.4","2.8","1005.0","1016.9"
"2026-09-23","21:39:32","Clear","Dry","Dark","-3.3","16.5","3200","57232","18.0","35%","22.2","","Opened","7.358","230","Safe","Calm","0.0","65","11.4","2.7","1005.0","1016.9"
"2026-09-23","21:39:42","Clear","Dry","Dark","-3.2","16.5","3200","57232","18.0","35%","22.2","","Opened","7.458","230","Safe","Calm","0.0","65","11.4","2.8","1005.0","1016.9"
"2026-09-23","21:39:52","Clear","Dry","Dark","-3.0","16.5","3200","57232","18.0","35%","22.2","","Opened","7.383","230","Safe","Calm","0.0","65","11.4","2.9","1004.9","1016.8"
"2026-09-23","21:40:02","Clear","Dry","Dark","-3.2","16.5","3200","57232","18.0","35%","22.2","","Opened","7.331","230","Safe","Calm","0.0","65","11.4","2.7","1005.0","1016.9"
"2026-09-23","21:40:12","Clear","Dry","Dark","-3.2","16.6","3200","57232","18.0","35%","22.2","","Opened","7.260","230","Safe","Calm","0.0","65","11.4","2.7","1004.9","1016.8"
"2026-09-23","21:40:22","Clear","Dry","Dark","-3.4","16.5","3200","57232","18.0","35%","22.2","","Opened","7.337","230","Safe","Calm","0.0","65","11.4","2.6","1005.1","1017.0"
"2026-09-23","21:40:32","Clear","Dry","Dark","-3.2","16.5","3200","57232","18.0","35%","22.2","","Opened","7.295","230","Safe","Calm","0.0","66","11.4","2.8","1004.9","1016.8"
"2026-09-23","21:40:42","Clear","Dry","Dark","-3.1","16.6","3200","57232","18.0","35%","22.2","","Opened","7.502","230","Safe","Calm","0.0","66","11.4","2.8","1005.0","1016.9"
"2026-09-23","21:40:52","Clear","Dry","Dark","-3.2","16.6","3200","57232","18.0","35%","22.2","","Opened","7.323","230","Safe","Calm","0.0","66","11.4","2.8","1005.0","1016.9"
"2026-09-23","21:41:02","Clear","Dry","Dark","-3.2","16.6","3200","57232","18.0","35%","22.2","","Opened","7.275","230","Safe","Calm","0.0","66","11.5","2.8","1005.0","1016.9"
"2026-09-23","21:41:12","Clear","Dry","Dark","-3.1","16.6","3200","57232","18.0","35%","22.1","","Opened","7.338","230","Safe","Calm","0.0","66","11.4","2.8","1004.9","1016.8"
"2026-09-23","21:41:22","Clear","Dry","Dark","-3.2","16.6","3200","57232","18.0","35%","22.1","","Opened","7.304","230","Safe","Calm","0.0","66","11.4","2.7","1005.0","1016.9"
"2026-09-23","21:41:32","Clear","Dry","Dark","-3.2","16.6","3200","57232","18.0","35%","22.1","","Opened","7.378","230","Safe","Calm","0.0","66","11.4","2.8","1004.9","1016.7"
"2026-09-23","21:41:42","Clear","Dry","Dark","-3.3","16.6","3200","57232","18.0","35%","22.2","","Opened","7.466","230","Safe","Calm","0.0","66","11.4","2.7","1005.1","1016.9"
"2026-09-23","21:41:52","Clear","Dry","Dark","-3.3","16.6","3200","57232","18.0","35%","22.2","","Opened","7.271","230","Safe","Calm","0.0","66","11.4","2.7","1005.0","1016.9"
"2026-09-23","21:42:02","Clear","Dry","Dark","-3.2","16.6","3200","57232","18.0","35%","22.2","","Opened","7.349","230","Safe","Calm","0.0","66","11.4","2.7","1005.0","1016.9"
"2026-09-23","21:42:12","Clear","Dry","Dark","-3.2","16.6","3200","57232","18.0","35%","22.2","","Opened","7.279","230","Safe","Calm","0.0","66","11.5","2.8","1005.0","1016.9"
"2026-09-23","21:42:22","Clear","Dry","Dark","-3.0","16.6","3200","57232","18.0","35%","22.1","","Opened","7.356","230","Safe","Calm","0.0","66","11.5","2.9","1005.1","1016.9"
"2026-09-23","21:42:32","Clear","Dry","Dark","-3.1","16.6","3200","57232","18.0","35%","22.1","","Opened","7.310","230","Safe","Calm","0.0","66","11.5","2.9","1005.0","1016.9"
"2026-09-23","21:42:42","Clear","Dry","Dark","-3.2","16.6","3200","57232","18.0","35%","22.1","","Opened","7.530","230","Safe","Calm","0.0","66","11.5","2.8","1005.0","1016.9"
"2026-09-23","21:42:52","Clear","Dry","Dark","-3.2","16.6","3200","57232","18.0","35%","22.1","","Opened","7.333","230","Safe","Calm","0.0","66","11.5","2.7","1005.1","1016.9"
"2026-09-23","21:43:02","Clear","Dry","Dark","-3.2","16.6","3200","57232","18.0","35%","22.1","","Opened","7.280","230","Safe","Calm","0.0","66","11.5","2.8","1005.0","1016.9"
"2026-09-23","21:43:12","Clear","Dry","Dark","-3.2","16.6","3200","57232","18.0","35%","22.1","","Opened","7.338","230","Safe","Calm","0.0","66","11.5","2.8","1005.0","1016.9"
"2026-09-23","21:43:22","Clear","Dry","Dark","-3.2","16.6","3200","57232","18.0","35%","22.0","","Opened","7.294","230","Safe","Calm","0.0","66","11.5","2.8","1005.0","1016.9"
"2026-09-23","21:43:32","Clear","Dry","Dark","-3.1","16.7","3200","57232","18.0","35%","22.0","","Opened","7.370","230","Safe","Calm","0.0","66","11.5","2.8","1005.1","1017.0"
"2026-09-23","21:43:42","Clear","Dry","Dark","-3.2","16.7","3200","57232","18.0","35%","22.0","","Opened","7.460","230","Safe","Calm","0.0","66","11.5","2.7","1005.0","1016.9"
"2026-09-23","21:43:52","Clear","Dry","Dark","-3.2","16.6","3200","57232","18.0","35%","22.0","","Opened","7.398","230","Safe","Calm","0.0","66","11.5","2.8","1005.0","1016.9"
"2026-09-23","21:44:02","Clear","Dry","Dark","-3.1","16.7","3200","57232","18.0","35%","22.0","","Opened","7.347","230","Safe","Calm","0.0","66","11.5","2.9","1005.1","1016.9"
"2026-09-23","21:44:12","Clear","Dry","Dark","-3.2","16.7","3200","57232","18.0","35%","21.9","Heating UP","Opened","7.500","230","Safe","Calm","0.0","66","11.5","2.7","1005.1","1016.9"
"2026-09-23","21:44:22","Clear","Dry","Dark","-3.2","16.6","3200","57232","18.0","36%","21.9","Heating UP","Opened","7.495","230","Safe","Calm","0.0","66","11.5","2.8","1005.1","1016.9"
"2026-09-23","21:44:32","Clear","Dry","Dark","-3.5","16.6","3328","57232","18.0","37%","22.0","","Opened","7.372","230","Safe","Calm","0.0","66","11.5","2.5","1005.0","1016.9"
"2026-09-23","21:44:42","Clear","Dry","Dark","-3.2","16.6","3328","57232","18.0","37%","22.0","","Opened","7.467","230","Safe","Calm","0.0","66","11.5","2.8","1005.0","1016.9"
"2026-09-23","21:44:52","Clear","Dry","Dark","-3.2","16.6","3328","57232","18.0","37%","22.0","","Opened","7.396","230","Safe","Calm","0.0","66","11.5","2.7","1005.0","1016.9"
"2026-09-23","21:45:02","Clear","Dry","Dark","-3.3","16.6","3328","57232","18.0","37%","22.0","","Opened","7.347","230","Safe","Calm","0.0","66","11.5","2.7","1005.0","1016.9"
"2026-09-23","21:45:12","Clear","Dry","Dark","-3.3","16.6","3328","57232","18.0","37%","22.0","","Opened","7.278","230","Safe","Calm","0.0","66","11.5","2.7","1005.0","1016.9"
"2026-09-23","21:45:22","Clear","Dry","Dark","-3.3","16.6","3328","57232","18.0","37%","22.0","","Opened","7.365","230","Safe","Calm","0.0","66","11.5","2.6","1005.1","1016.9"
"2026-09-23","21:45:32","Clear","Dry","Dark","-3.3","16.6","3328","57232","18.0","37%","22.0","","Opened","7.313","230","Safe","Calm","0.0","66","11.5","2.7","1005.0","1016.9"
"2026-09-23","21:45:43","Clear","Dry","Dark","-3.1","16.6","3328","57232","18.0","37%","22.0","","Opened","7.531","230","Safe","Calm","0.0","66","11.5","2.8","1005.1","1016.9"
"2026-09-23","21:45:52","Clear","Dry","Dark","-3.4","16.6","3328","57232","18.0","37%","22.0","","Opened","7.337","230","Safe","Calm","0.0","66","11.5","2.6","1005.1","1016.9"
"2026-09-23","21:46:02","Clear","Dry","Dark","-3.3","16.6","3328","57232","18.0","37%","22.1","","Opened","7.275","230","Safe","Calm","0.0","66","11.5","2.7","1005.1","1016.9"
"2026-09-23","21:46:12","Clear","Dry","Dark","-3.3","16.6","3328","57232","18.0","37%","22.1","","Opened","7.336","230","Safe","Calm","0.0","66","11.5","2.7","1005.0","1016.9"
"2026-09-23","21:46:22","Clear","Dry","Dark","-3.3","16.6","3328","57232","18.0","37%","22.1","","Opened","7.292","230","Safe","Calm","0.0","66","11.5","2.6","1005.0","1016.9"
"2026-09-23","21:46:32","Clear","Dry","Dark","-3.3","16.5","3328","57232","18.0","37%","22.1","","Opened","7.369","230","Safe","Calm","0.0","66","11.5","2.7","1005.0","1016.9"
"2026-09-23","21:46:42","Clear","Dry","Dark","-3.3","16.5","3328","57232","18.0","37%","22.1","","Opened","7.446","230","Safe","Calm","0.0","66","11.5","2.6","1005.1","1016.9"
"2026-09-23","21:46:52","Clear","Dry","Dark","-3.2","16.6","3328","57232","18.0","37%","22.1","","Opened","7.383","230","Safe","Calm","0.0","66","11.5","2.7","1005.1","1016.9"
"2026-09-23","21:47:02","Clear","Dry","Dark","-3.3","16.6","3328","57232","17.9","37%","22.1","","Opened","7.322","230","Safe","Calm","0.0","66","11.5","2.6","1005.1","1016.9"
"2026-09-23","21:47:12","Clear","Dry","Dark","-3.4","16.6","3328","57232","18.0","37%","22.1","","Opened","7.259","230","Safe","Calm","0.0","66","11.5","2.6","1005.0","1016.9"
"2026-09-23","21:47:22","Clear","Dry","Dark","-3.2","16.6","3328","57232","18.0","37%","22.1","","Opened","7.332","230","Safe","Calm","0.0","66","11.5","2.7","1005.1","1016.9"
"2026-09-23","21:47:32","Clear","Dry","Dark","-3.3","16.6","3328","57232","17.9","37%","22.2","","Opened","7.277","230","Safe","Calm","0.0","66","11.5","2.6","1005.1","1016.9"
"2026-09-23","21:47:42","Clear","Dry","Dark","-3.4","16.6","3328","57232","18.0","37%","22.3","","Opened","7.483","230","Safe","Calm","0.0","66","11.6","2.5","1005.0","1016.9"
"2026-09-23","21:47:52","Clear","Dry","Dark","-3.3","16.5","3328","57232","18.0","37%","22.3","","Opened","7.297","230","Safe","Calm","0.0","66","11.5","2.7","1005.1","1016.9"
"2026-09-23","21:48:02","Clear","Dry","Dark","-3.3","16.5","3328","57232","17.9","37%","22.3","","Opened","7.369","230","Safe","Calm","0.0","66","11.5","2.6","1005.0","1016.9"
"2026-09-23","21:48:12","Clear","Dry","Dark","-3.4","16.5","3328","57232","17.9","37%","22.3","","Opened","7.309","230","Safe","Calm","0.0","66","11.5","2.5","1005.1","1016.9"
"2026-09-23","21:48:22","Clear","Dry","Dark","-3.3","16.5","3328","57232","17.9","37%","22.3","","Opened","7.373","230","Safe","Calm","0.0","66","11.5","2.7","1005.1","1016.9"
"2026-09-23","21:48:32","Clear","Dry","Dark","-3.4","16.5","3328","57232","17.9","37%","22.3","","Opened","7.327","230","Safe","Calm","0.0","66","11.5","2.5","1005.1","1016.9"
"2026-09-23","21:48:42","Clear","Dry","Dark","-3.3","16.5","3328","57232","17.9","37%","22.3","","Opened","7.414","230","Safe","Calm","0.0","66","11.5","2.6","1005.1","1017.0"
"2026-09-23","21:48:52","Clear","Dry","Dark","-3.4","16.6","3328","57232","18.0","37%","22.3","","Opened","7.348","230","Safe","Calm","0.0","66","11.5","2.5","1005.0","1016.9"
"2026-09-23","21:49:02","Clear","Dry","Dark","-3.5","16.6","3328","57232","18.0","37%","22.3","","Opened","7.276","230","Safe","Calm","0.0","66","11.6","2.5","1005.0","1016.9"
"2026-09-23","21:49:12","Clear","Dry","Dark","-3.5","16.6","3328","57232","18.0","37%","22.3","","Opened","7.339","230","Safe","Calm","0.0","66","11.6","2.4","1005.1","1016.9"
"2026-09-23","21:49:22","Clear","Dry","Dark","-3.4","16.6","3328","57232","18.0","37%","22.4","","Opened","7.297","230","Safe","Calm","0.0","66","11.5","2.6","1005.1","1016.9"
"2026-09-23","21:49:32","Clear","Dry","Dark","-3.3","16.6","3328","57232","17.9","37%","22.4","","Opened","7.378","230","Safe","Calm","0.0","66","11.5","2.7","1005.1","1016.9"
"2026-09-23","21:49:42","Clear","Dry","Dark","-3.4","16.6","3328","57232","17.9","37%","22.4","","Opened","7.470","230","Safe","Calm","0.0","66","11.5","2.5","1005.1","1016.9"
"2026-09-23","21:49:52","Clear","Dry","Dark","-3.2","16.6","3328","57232","17.9","37%","22.4","","Opened","7.386","230","Safe","Calm","0.0","66","11.5","2.7","1005.1","1016.9"
"2026-09-23","21:50:02","Clear","Dry","Dark","-3.3","16.6","3328","57232","17.9","37%","22.3","","Opened","7.328","230","Safe","Calm","0.0","66","11.5","2.6","1005.1","1016.9"
"2026-09-23","21:50:12","Clear","Dry","Dark","-3.5","16.6","3328","57232","17.9","37%","22.3","","Opened","7.266","230","Safe","Calm","0.0","66","11.5","2.4","1005.1","1016.9"
"2026-09-23","21:50:22","Clear","Dry","Dark","-3.3","16.6","3328","57232","17.9","37%","22.3","","Opened","7.345","230","Safe","Calm","0.0","66","11.5","2.6","1005.1","1016.9"
"2026-09-23","21:50:32","Clear","Dry","Dark","-3.5","16.6","3328","57232","17.9","37%","22.3","","Opened","7.286","230","Safe","Calm","0.0","66","11.5","2.4","1005.1","1016.9"
"2026-09-23","21:50:43","Clear","Dry","Dark","-3.5","16.6","3328","57232","17.9","37%","22.4","","Opened","7.508","230","Safe","Calm","0.0","66","11.5","2.5","1005.1","1016.9"
"2026-09-23","21:50:52","Clear","Dry","Dark","-3.3","16.6","3328","57232","17.9","37%","22.4","","Opened","7.308","230","Safe","Calm","0.0","66","11.5","2.6","1005.1","1016.9"
"2026-09-23","21:51:03","Clear","Dry","Dark","-3.4","16.5","3328","57232","17.9","37%","22.5","Heating DOWN","Opened","7.510","230","Safe","Calm","0.0","66","11.5","2.5","1005.1","1016.9"
"2026-09-23","21:51:13","Clear","Dry","Dark","-3.3","16.6","3200","57232","17.9","36%","22.5","Heating DOWN","Opened","7.488","230","Safe","Calm","0.0","66","11.5","2.6","1005.1","1016.9"
"2026-09-23","21:51:23","Clear","Dry","Dark","-3.4","16.5","3200","57232","17.9","35%","22.5","Heating DOWN","Opened","7.479","230","Safe","Calm","0.0","66","11.5","2.5","1005.1","1017.0"
"2026-09-23","21:51:33","Clear","Dry","Dark","-3.4","16.5","3200","57232","17.9","34%","22.5","Heating DOWN","Opened","7.483","230","Safe","Calm","0.0","66","11.5","2.5","1005.0","1016.9"
"2026-09-23","21:51:43","Clear","Dry","Dark","-3.6","16.5","3328","57232","17.9","33%","22.5","Heating DOWN","Opened","7.621","230","Safe","Calm","0.0","66","11.5","2.3","1005.1","1016.9"
"2026-09-23","21:51:52","Clear","Dry","Dark","-3.3","16.5","3200","57232","17.9","32%","22.5","Heating DOWN","Opened","7.472","230","Safe","Calm","0.0","66","11.5","2.6","1005.1","1016.9"
"2026-09-23","21:52:02","Clear","Dry","Dark","-3.4","16.5","3200","57232","17.9","31%","22.5","Heating DOWN","Opened","7.459","230","Safe","Calm","0.0","66","11.5","2.5","1005.2","1017.0"
"2026-09-23","21:52:12","Clear","Dry","Dark","-3.4","16.5","3200","57232","17.9","30%","22.5","Heating DOWN","Opened","7.441","230","Safe","Calm","0.0","66","11.5","2.5","1005.2","1017.0"
"2026-09-23","21:52:22","Clear","Dry","Dark","-3.4","16.5","3328","57232","17.9","29%","22.4","","Opened","7.308","230","Safe","Calm","0.0","66","11.5","2.5","1005.1","1017.0"
"2026-09-23","21:52:32","Clear","Dry","Dark","-3.4","16.5","3328","57232","17.9","29%","22.3","","Opened","7.356","230","Safe","Calm","0.0","66","11.5","2.5","1005.1","1016.9"
"2026-09-23","21:52:42","Clear","Dry","Dark","-3.5","16.5","3328","57232","17.9","29%","22.3","","Opened","7.437","230","Safe","Calm","0.0","66","11.5","2.4","1005.1","1016.9"
"2026-09-23","21:52:52","Clear","Dry","Dark","-3.3","16.5","3328","57232","17.9","29%","22.2","","Opened","7.368","230","Safe","Calm","0.0","66","11.5","2.6","1005.1","1017.0"
"2026-09-23","21:53:02","Clear","Dry","Dark","-3.4","16.5","3328","57232","17.9","29%","22.2","","Opened","7.321","230","Safe","Calm","0.0","66","11.5","2.5","1005.1","1017.0"
"2026-09-23","21:53:12","Clear","Dry","Dark","-3.3","16.5","3328","57232","17.9","29%","22.1","","Opened","7.388","230","Safe","Calm","0.0","66","11.5","2.6","1005.1","1017.0"
"2026-09-23","21:53:22","Clear","Dry","Dark","-3.5","16.5","3328","57232","17.9","29%","22.0","","Opened","7.331","230","Safe","Calm","0.0","66","11.5","2.4","1005.1","1017.0"
"2026-09-23","21:53:32","Clear","Dry","Dark","-3.3","16.5","3328","57232","17.9","29%","21.9","","Opened","7.278","230","Safe","Calm","0.0","66","11.5","2.6","1005.1","1017.0"
"2026-09-23","21:53:43","Clear","Dry","Dark","-3.3","16.5","3328","57232","17.9","29%","21.9","","Opened","7.497","230","Safe","Calm","0.0","66","11.5","2.6","1005.1","1017.0"
"2026-09-23","21:53:52","Clear","Dry","Dark","-3.3","16.5","3328","57232","17.9","29%","21.8","Heating UP","Opened","7.420","230","Safe","Calm","0.0","66","11.5","2.6","1005.2","1017.0"
"2026-09-23","21:54:02","Clear","Dry","Dark","-3.4","16.5","3200","57232","17.9","30%","21.7","Heating UP","Opened","7.413","230","Safe","Calm","0.0","66","11.5","2.4","1005.2","1017.0"
"2026-09-23","21:54:12","Clear","Dry","Dark","-3.3","16.5","3200","57232","17.9","31%","21.7","Heating UP","Opened","7.390","230","Safe","Calm","0.0","66","11.5","2.6","1005.1","1017.0"
"2026-09-23","21:54:22","Clear","Dry","Dark","-3.4","16.5","3200","57232","17.9","32%","21.8","","Opened","7.275","230","Safe","Calm","0.0","66","11.5","2.5","1005.1","1016.9"
"2026-09-23","21:54:33","Clear","Dry","Dark","-3.3","16.5","3200","57232","17.9","32%","21.7","Heating UP","Opened","7.462","230","Safe","Calm","0.0","66","11.5","2.6","1005.1","1017.0"
"2026-09-23","21:54:43","Clear","Dry","Dark","-3.2","16.5","3328","57232","17.9","33%","21.7","Heating UP","Opened","7.594","230","Safe","Calm","0.0","66","11.5","2.6","1005.1","1017.0"
"2026-09-23","21:54:52","Clear","Dry","Dark","-3.2","16.5","3200","57232","17.9","34%","21.6","Heating UP","Opened","7.436","230","Safe","Calm","0.0","66","11.5","2.6","1005.1","1017.0"
"2026-09-23","21:55:02","Clear","Dry","Dark","-3.2","16.5","3200","57232","17.9","36%","21.6","Heating UP","Opened","7.419","230","Safe","Calm","0.0","66","11.5","2.7","1005.1","1017.0"
"2026-09-23","21:55:12","Clear","Dry","Dark","-3.3","16.5","3200","57232","17.9","38%","21.6","Heating UP","Opened","7.402","230","Safe","Calm","0.0","66","11.5","2.6","1005.1","1017.0"
"2026-09-23","21:55:22","Clear","Dry","Dark","-3.3","16.5","3200","57232","17.9","40%","21.6","Heating UP","Opened","7.395","230","Safe","Calm","0.0","66","11.6","2.7","1005.1","1017.0"
"2026-09-23","21:55:33","Clear","Dry","Dark","-3.3","16.5","3200","57232","17.9","42%","21.6","Heating UP","Opened","7.511","230","Safe","Calm","0.0","66","11.5","2.6","1005.2","1017.0"
"2026-09-23","21:55:43","Clear","Dry","Dark","-3.3","16.5","3200","57232","17.9","43%","21.7","","Opened","7.525","230","Safe","Calm","0.0","66","11.5","2.6","1005.1","1017.0"
"2026-09-23","21:55:53","Clear","Dry","Dark","-3.3","16.5","3200","57232","17.9","43%","21.7","Heating UP","Opened","7.448","230","Safe","Calm","0.0","66","11.5","2.6","1005.1","1017.0"
"2026-09-23","21:56:02","Clear","Dry","Dark","-3.3","16.5","3328","57232","17.9","44%","21.8","","Opened","7.320","230","Safe","Calm","0.0","66","11.5","2.6","1005.1","1017.0"
"2026-09-23","21:56:13","Clear","Dry","Dark","-3.2","16.5","3328","57232","17.8","44%","21.8","Heating UP","Opened","7.495","230","Safe","Calm","0.0","66","11.5","2.6","1005.2","1017.0"
"2026-09-23","21:56:22","Clear","Dry","Dark","-3.1","16.5","3200","57232","17.8","45%","21.9","","Opened","7.369","230","Safe","Calm","0.0","66","11.5","2.7","1005.3","1017.1"
"2026-09-23","21:56:32","Clear","Dry","Dark","-3.2","16.5","3200","57232","17.8","45%","21.9","","Opened","7.339","230","Safe","Calm","0.0","66","11.5","2.6","1005.2","1017.0"
"2026-09-23","21:56:43","Clear","Dry","Dark","-3.3","16.5","3200","57232","17.8","45%","22.1","","Opened","7.530","230","Safe","Calm","0.0","67","11.5","2.6","1005.1","1017.0"
"2026-09-23","21:56:52","Clear","Dry","Dark","-3.3","16.5","3200","57232","17.8","45%","22.2","","Opened","7.337","230","Safe","Calm","0.0","66","11.5","2.5","1005.1","1017.0"
"2026-09-23","21:57:02","Clear","Dry","Dark","-3.4","16.5","3200","57232","17.8","45%","22.3","","Opened","7.284","230","Safe","Calm","0.0","66","11.5","2.4","1005.2","1017.0"
"2026-09-23","21:57:13","Clear","Dry","Dark","-3.3","16.5","3200","57232","17.8","45%","22.5","Heating DOWN","Opened","7.453","230","Safe","Calm","0.0","66","11.5","2.6","1005.1","1017.0"
"2026-09-23","21:57:23","Clear","Dry","Dark","-3.2","16.5","3328","57232","17.8","44%","22.5","Heating DOWN","Opened","7.443","230","Safe","Calm","0.0","66","11.5","2.7","1005.2","1017.0"
"2026-09-23","21:57:33","Clear","Dry","Dark","-3.2","16.5","3200","57232","17.8","43%","22.6","Heating DOWN","Opened","7.436","230","Safe","Calm","0.0","67","11.5","2.6","1005.2","1017.0"
"2026-09-23","21:57:43","Clear","Dry","Dark","-3.2","16.5","3200","57232","17.8","42%","22.5","","Opened","7.449","230","Safe","Calm","0.0","67","11.5","2.7","1005.2","1017.0"
"2026-09-23","21:57:53","Clear","Dry","Dark","-3.1","16.6","3200","57232","17.8","42%","22.5","Heating DOWN","Opened","7.496","230","Safe","Calm","0.0","67","11.5","2.8","1005.1","1017.0"
"2026-09-23","21:58:03","Clear","Dry","Dark","-3.2","16.6","3328","57232","17.8","41%","22.5","Heating DOWN","Opened","7.484","230","Safe","Calm","0.0","67","11.5","2.7","1005.2","1017.0"
"2026-09-23","21:58:13","Clear","Dry","Dark","-3.2","16.6","3200","57232","17.8","40%","22.5","Heating DOWN","Opened","7.478","230","Safe","Calm","0.0","67","11.5","2.7","1005.2","1017.0"
"2026-09-23","21:58:23","Clear","Dry","Dark","-3.4","16.6","3200","57232","17.8","39%","22.5","Heating DOWN","Opened","7.470","230","Safe","Calm","0.0","67","11.5","2.5","1005.2","1017.0"
"2026-09-23","21:58:33","Clear","Dry","Dark","-3.2","16.6","3200","57232","17.8","38%","22.6","Heating DOWN","Opened","7.460","230","Safe","Calm","0.0","67","11.5","2.6","1005.1","1017.0"
"2026-09-23","21:58:43","Clear","Dry","Dark","-3.3","16.6","3200","57232","17.8","36%","22.6","Heating DOWN","Opened","7.594","230","Safe","Calm","0.0","67","11.5","2.6","1005.1","1017.0"
"2026-09-23","21:58:52","Clear","Dry","Dark","-3.3","16.6","3200","57232","17.8","34%","22.5","","Opened","7.330","230","Safe","Calm","0.0","67","11.5","2.6","1005.1","1017.0"
"2026-09-23","21:59:02","Clear","Dry","Dark","-3.3","16.6","3200","57232","17.8","34%","22.5","Heating DOWN","Opened","7.386","230","Safe","Calm","0.0","67","11.5","2.6","1005.2","1017.0"
"2026-09-23","21:59:12","Clear","Dry","Dark","-3.4","16.6","3328","57232","17.8","33%","22.4","","Opened","7.376","230","Safe","Calm","0.0","67","11.5","2.5","1005.1","1017.0"
"2026-09-23","21:59:23","Clear","Dry","Dark","-3.2","16.6","3328","57232","17.8","33%","22.4","Heating DOWN","Opened","7.438","230","Safe","Calm","0.0","67","11.5","2.6","1005.2","1017.0"
"2026-09-23","21:59:32","Clear","Dry","Dark","-3.2","16.6","3200","57232","17.8","32%","22.3","","Opened","7.314","230","Safe","Calm","0.0","67","11.5","2.7","1005.1","1017.0"
"2026-09-23","21:59:43","Clear","Dry","Dark","-3.4","16.6","3200","57232","17.8","32%","22.3","","Opened","7.504","230","Safe","Calm","0.0","67","11.5","2.5","1005.2","1017.0"
"2026-09-23","21:59:52","Clear","Dry","Dark","-3.3","16.6","3200","57232","17.8","32%","22.2","","Opened","7.328","230","Safe","Calm","0.0","67","11.5","2.5","1005.1","1017.0"
"2026-09-23","22:00:02","Clear","Dry","Dark","-3.3","16.6","3200","57232","17.8","32%","22.2","","Opened","7.273","230","Safe","Calm","0.0","67","11.5","2.6","1005.2","1017.1"
"2026-09-23","22:00:12","Clear","Dry","Dark","-3.3","16.6","3200","57232","17.8","32%","22.2","","Opened","7.333","230","Safe","Calm","0.0","67","11.5","2.6","1005.2","1017.1"
"2026-09-23","22:00:22","Clear","Dry","Dark","-3.3","16.5","3200","57232","17.8","32%","22.2","","Opened","7.282","230","Safe","Calm","0.0","67","11.5","2.6","1005.1","1017.0"
"2026-09-23","22:00:32","Clear","Dry","Dark","-3.2","16.5","3200","57232","17.8","32%","22.1","","Opened","7.345","230","Safe","Calm","0.0","67","11.5","2.6","1005.2","1017.0"
"2026-09-23","22:00:43","Clear","Dry","Dark","-3.3","16.6","3200","57232","17.8","32%","22.0","","Opened","7.435","230","Safe","Calm","0.0","67","11.5","2.5","1005.2","1017.0"
"2026-09-23","22:00:52","Clear","Dry","Dark","-3.1","16.5","3200","57232","17.8","32%","21.9","","Opened","7.378","230","Safe","Calm","0.0","67","11.5","2.7","1005.1","1017.0"
"2026-09-23","22:01:02","Clear","Dry","Dark","-3.3","16.6","3200","57232","17.8","32%","21.9","","Opened","7.314","230","Safe","Calm","0.0","67","11.5","2.5","1005.1","1017.0"
"2026-09-23","22:01:12","Clear","Dry","Dark","-3.3","16.6","3200","57232","17.8","32%","21.9","","Opened","7.388","230","Safe","Calm","0.0","67","11.5","2.6","1005.1","1017.0"
"2026-09-23","22:01:22","Clear","Dry","Dark","-3.3","16.5","3200","57232","17.8","32%","21.9","","Opened","7.334","230","Safe","Calm","0.0","67","11.5","2.6","1005.3","1017.1"
"2026-09-23","22:01:33","Clear","Dry","Dark","-3.3","16.5","3200","57232","17.8","32%","21.9","","Opened","7.397","230","Safe","Calm","0.0","67","11.5","2.5","1005.2","1017.0"
"2026-09-23","22:01:43","Clear","Dry","Dark","-3.3","16.5","3200","57232","17.8","32%","21.8","","Opened","7.484","230","Safe","Calm","0.0","67","11.5","2.5","1005.1","1017.0"
"2026-09-23","22:01:52","Clear","Dry","Dark","-3.3","16.5","3200","57232","17.8","32%","21.8","","Opened","7.281","230","Safe","Calm","0.0","67","11.5","2.6","1005.1","1017.0"
"2026-09-23","22:02:02","Clear","Dry","Dark","-3.3","16.5","3200","57232","17.8","32%","21.8","","Opened","7.362","230","Safe","Calm","0.0","67","11.5","2.6","1005.3","1017.1"
"2026-09-23","22:02:13","Clear","Dry","Dark","-3.2","16.5","3200","57232","17.8","32%","21.7","Heating UP","Opened","7.415","230","Safe","Calm","0.0","67","11.5","2.7","1005.2","1017.0"
"2026-09-23","22:02:23","Clear","Dry","Dark","-3.5","16.5","3328","57232","17.8","33%","21.7","Heating UP","Opened","7.409","230","Safe","Calm","0.0","67","11.5","2.3","1005.2","1017.0"
"2026-09-23","22:02:33","Clear","Dry","Dark","-3.3","16.5","3200","57232","17.8","34%","21.7","Heating UP","Opened","7.393","230","Safe","Calm","0.0","67","11.5","2.6","1005.1","1017.0"
"2026-09-23","22:02:43","Clear","Dry","Dark","-3.3","16.5","3200","57232","17.8","35%","21.7","Heating UP","Opened","7.639","230","Safe","Calm","0.0","67","11.5","2.6","1005.2","1017.0"
"2026-09-23","22:02:53","Clear","Dry","Dark","-3.2","16.5","3200","57232","17.8","36%","21.6","Heating UP","Opened","7.483","230","Safe","Calm","0.0","67","11.6","2.6","1005.2","1017.0"
"2026-09-23","22:03:02","Clear","Dry","Dark","-3.3","16.5","3328","57232","17.8","37%","21.7","","Opened","7.364","230","Safe","Calm","0.0","67","11.6","2.5","1005.1","1017.0"
"2026-09-23","22:03:13","Clear","Dry","Dark","-3.3","16.5","3328","57232","17.8","37%","21.6","Heating UP","Opened","7.407","230","Safe","Calm","0.0","67","11.5","2.5","1005.1","1017.0"
"2026-09-23","22:03:22","Clear","Dry","Dark","-3.3","16.5","3200","57232","17.8","38%","21.7","","Opened","7.285","230","Safe","Calm","0.0","67","11.5","2.5","1005.1","1017.0"
"2026-09-23","22:03:33","Clear","Dry","Dark","-3.3","16.5","3200","57232","17.7","38%","21.8","","Opened","7.367","230","Safe","Calm","0.0","67","11.5","2.5","1005.2","1017.1"
"2026-09-23","22:03:43","Clear","Dry","Dark","-3.4","16.5","3200","57232","17.8","38%","21.8","","Opened","7.446","230","Safe","Calm","0.0","67","11.5","2.5","1005.1","1017.0"
"2026-09-23","22:03:53","Clear","Dry","Dark","-3.2","16.5","3200","57232","17.8","38%","21.8","","Opened","7.391","230","Safe","Calm","0.0","67","11.5","2.6","1005.1","1017.0"
"2026-09-23","22:04:02","Clear","Dry","Dark","-3.4","16.5","3200","57232","17.8","38%","21.8","","Opened","7.324","230","Safe","Calm","0.0","67","11.5","2.4","1005.2","1017.1"
"2026-09-23","22:04:12","Clear","Dry","Dark","-3.3","16.5","3200","57232","17.8","38%","21.9","","Opened","7.261","230","Safe","Calm","0.0","67","11.5","2.6","1005.2","1017.1"
"2026-09-23","22:04:22","Clear","Dry","Dark","-3.4","16.5","3200","57232","17.8","38%","21.9","","Opened","7.343","230","Safe","Calm","0.0","67","11.5","2.5","1005.2","1017.1"
"2026-09-23","22:04:32","Clear","Dry","Dark","-3.2","16.5","3200","57232","17.8","38%","22.0","","Opened","7.291","230","Safe","Calm","0.0","67","11.5","2.6","1005.2","1017.1"
"2026-09-23","22:04:43","Clear","Dry","Dark","-3.2","16.5","3200","57232","17.8","38%","22.0","","Opened","7.508","230","Safe","Calm","0.0","67","11.5","2.6","1005.2","1017.1"
"2026-09-23","22:04:52","Clear","Dry","Dark","-3.4","16.4","3200","57232","17.8","38%","22.0","","Opened","7.307","230","Safe","Calm","0.0","67","11.5","2.5","1005.1","1017.0"
"2026-09-23","22:05:03","Clear","Dry","Dark","-3.3","16.4","3200","57232","17.8","38%","22.1","","Opened","7.392","230","Safe","Calm","0.0","67","11.5","2.5","1005.2","1017.1"
"2026-09-23","22:05:12","Clear","Dry","Dark","-3.4","16.5","3200","57232","17.8","38%","22.1","","Opened","7.312","230","Safe","Calm","0.0","67","11.5","2.4","1005.1","1017.0"
"2026-09-23","22:05:23","Clear","Dry","Dark","-3.2","16.4","3200","57232","17.7","38%","22.1","","Opened","7.390","230","Safe","Calm","0.0","67","11.5","2.6","1005.3","1017.1"
"2026-09-23","22:05:32","Clear","Dry","Dark","-3.2","16.5","3200","57232","17.7","38%","22.1","","Opened","7.321","230","Safe","Calm","0.0","67","11.5","2.6","1005.2","1017.1"
"2026-09-23","22:05:43","Clear","Dry","Dark","-3.3","16.5","3200","57232","17.8","38%","22.1","","Opened","7.538","230","Safe","Calm","0.0","67","11.5","2.5","1005.2","1017.1"
"2026-09-23","22:05:53","Clear","Dry","Dark","-3.2","16.5","3200","57232","17.8","38%","22.1","","Opened","7.336","230","Safe","Calm","0.0","67","11.5","2.6","1005.3","1017.1"
"2026-09-23","22:06:02","Clear","Dry","Dark","-3.2","16.5","3200","57232","17.7","38%","22.0","","Opened","7.287","230","Safe","Calm","0.0","67","11.5","2.6","1005.1","1017.0"
"2026-09-23","22:06:13","Clear","Dry","Dark","-3.2","16.5","3200","57232","17.8","38%","22.0","","Opened","7.329","230","Safe","Calm","0.0","67","11.5","2.6","1005.2","1017.1"
"2026-09-23","22:06:22","Clear","Dry","Dark","-3.3","16.5","3200","57232","17.7","38%","21.9","","Opened","7.280","230","Safe","Calm","0.0","67","11.5","2.6","1005.2","1017.1"
"2026-09-23","22:06:33","Clear","Dry","Dark","-3.3","16.5","3200","57232","17.7","38%","21.9","","Opened","7.348","230","Safe","Calm","0.0","67","11.5","2.5","1005.2","1017.1"
"2026-09-23","22:06:43","Clear","Dry","Dark","-3.3","16.5","3200","57232","17.7","38%","21.9","","Opened","7.433","230","Safe","Calm","0.0","67","11.5","2.5","1005.2","1017.1"
"2026-09-23","22:06:53","Clear","Dry","Dark","-3.3","16.5","3200","57232","17.8","38%","21.9","","Opened","7.349","230","Safe","Calm","0.0","67","11.5","2.6","1005.1","1017.0"
"2026-09-23","22:07:02","Clear","Dry","Dark","-3.2","16.5","3200","57232","17.8","38%","21.9","","Opened","7.283","230","Safe","Calm","0.0","67","11.5","2.6","1005.2","1017.1"
"2026-09-23","22:07:13","Clear","Dry","Dark","-3.3","16.5","3200","57232","17.7","38%","21.9","","Opened","7.353","230","Safe","Calm","0.0","67","11.5","2.5","1005.2","1017.1"
"2026-09-23","22:07:23","Clear","Dry","Dark","-3.2","16.5","3200","57232","17.7","38%","21.8","","Opened","7.301","230","Safe","Calm","0.0","67","11.5","2.6","1005.1","1017.0"
"2026-09-23","22:07:33","Clear","Dry","Dark","-3.2","16.5","3200","57232","17.7","38%","21.8","","Opened","7.354","230","Safe","Calm","0.0","67","11.5","2.6","1005.2","1017.1"
"2026-09-23","22:07:43","Clear","Dry","Dark","-3.2","16.5","3200","57232","17.7","38%","21.8","","Opened","7.433","230","Safe","Calm","0.0","67","11.5","2.6","1005.1","1017.0"
"2026-09-23","22:07:53","Clear","Dry","Dark","-3.2","16.5","3200","57232","17.7","38%","21.8","","Opened","7.370","230","Safe","Calm","0.0","67","11.5","2.6","1005.2","1017.1"
"2026-09-23","22:08:03","Clear","Dry","Dark","-3.2","16.5","3200","57232","17.7","38%","21.8","","Opened","7.320","230","Safe","Calm","0.0","67","11.5","2.6","1005.2","1017.1"
"2026-09-23","22:08:13","Clear","Dry","Dark","-3.2","16.5","3200","57232","17.7","38%","21.9","","Opened","7.381","230","Safe","Calm","0.0","67","11.5","2.6","1005.2","1017.1"
"2026-09-23","22:08:23","Clear","Dry","Dark","-3.2","16.5","3200","57232","17.7","38%","21.9","","Opened","7.327","230","Safe","Calm","0.0","67","11.5","2.6","1005.2","1017.1"
"2026-09-23","22:08:32","Clear","Dry","Dark","-3.3","16.5","3200","57232","17.7","38%","22.0","","Opened","7.281","230","Safe","Calm","0.0","67","11.5","2.5","1005.2","1017.1"
"2026-09-23","22:08:43","Clear","Dry","Dark","-3.2","16.5","3200","57232","17.7","38%","22.0","","Opened","7.466","230","Safe","Calm","0.0","67","11.5","2.5","1005.3","1017.1"
"2026-09-23","22:08:53","Clear","Dry","Dark","-3.1","16.5","3200","57232","17.7","38%","22.0","","Opened","7.280","230","Safe","Calm","0.0","67","11.5","2.7","1005.2","1017.1"
"2026-09-23","22:09:03","Clear","Dry","Dark","-3.3","16.5","3200","57232","17.7","38%","22.0","","Opened","7.356","230","Safe","Calm","0.0","67","11.5","2.5","1005.2","1017.1"
"2026-09-23","22:09:13","Clear","Dry","Dark","-3.2","16.5","3200","57232","17.7","38%","22.1","","Opened","7.285","230","Safe","Calm","0.0","67","11.5","2.6","1005.1","1017.0"
"2026-09-23","22:09:23","Clear","Dry","Dark","-3.3","16.5","3200","57232","17.7","38%","22.1","","Opened","7.364","230","Safe","Calm","0.0","67","11.5","2.5","1005.3","1017.2"
"2026-09-23","22:09:33","Clear","Dry","Dark","-3.2","16.5","3200","57232","17.7","38%","22.1","","Opened","7.302","230","Safe","Calm","0.0","67","11.5","2.6","1005.2","1017.1"
"2026-09-23","22:09:43","Clear","Dry","Dark","-3.2","16.5","3200","57232","17.7","38%","22.1","","Opened","7.510","230","Safe","Calm","0.0","67","11.5","2.6","1005.2","1017.1"
"2026-09-23","22:09:53","Clear","Dry","Dark","-3.2","16.5","3200","57232","17.7","38%","22.1","","Opened","7.310","230","Safe","Calm","0.0","67","11.5","2.6","1005.1","1017.0"
"2026-09-23","22:10:03","Clear","Dry","Dark","-3.1","16.5","3200","57232","17.7","38%","22.1","","Opened","7.370","230","Safe","Calm","0.0","67","11.5","2.7","1005.2","1017.1"
"2026-09-23","22:10:13","Clear","Dry","Dark","-3.2","16.5","3200","57232","17.7","38%","22.1","","Opened","7.305","230","Safe","Calm","0.0","67","11.5","2.6","1005.2","1017.1"
"2026-09-23","22:10:23","Clear","Dry","Dark","-3.2","16.5","3200","57232","17.7","38%","22.1","","Opened","7.379","230","Safe","Calm","0.0","67","11.5","2.6","1005.2","1017.1"
"2026-09-23","22:10:33","Clear","Dry","Dark","-3.1","16.5","3200","57232","17.7","38%","22.0","","Opened","7.330","230","Safe","Calm","0.0","67","11.5","2.7","1005.2","1017.1"
"2026-09-23","22:10:43","Clear","Dry","Dark","-3.2","16.5","3200","57232","17.7","38%","22.0","","Opened","7.412","230","Safe","Calm","0.0","67","11.5","2.6","1005.3","1017.1"
"2026-09-23","22:10:53","Clear","Dry","Dark","-3.2","16.5","3200","57232","17.7","38%","22.1","","Opened","7.345","230","Safe","Calm","0.0","67","11.5","2.6","1005.3","1017.1"
"2026-09-23","22:11:03","Clear","Dry","Dark","-3.2","16.5","3200","57232","17.7","38%","22.1","","Opened","7.287","230","Safe","Calm","0.0","67","11.5","2.6","1005.2","1017.1"
"2026-09-23","22:11:13","Clear","Dry","Dark","-3.1","16.6","3200","57232","17.7","38%","22.0","","Opened","7.360","230","Safe","Calm","0.0","67","11.5","2.7","1005.2","1017.1"
"2026-09-23","22:11:23","Clear","Dry","Dark","-3.1","16.5","3200","57232","17.7","38%","22.1","","Opened","7.301","230","Safe","Calm","0.0","67","11.6","2.7","1005.2","1017.1"
"2026-09-23","22:11:33","Clear","Dry","Dark","-3.2","16.5","3200","57232","17.7","38%","22.1","","Opened","7.382","230","Safe","Calm","0.0","67","11.5","2.6","1005.2","1017.1"
"2026-09-23","22:11:43","Clear","Dry","Dark","-3.1","16.6","3200","57232","17.7","38%","22.0","","Opened","7.468","230","Safe","Calm","0.0","67","11.5","2.7","1005.2","1017.1"
"2026-09-23","22:11:53","Clear","Dry","Dark","-3.2","16.5","3200","57232","17.7","38%","22.0","","Opened","7.264","230","Safe","Calm","0.0","67","11.5","2.6","1005.1","1017.0"
"2026-09-23","22:12:03","Clear","Dry","Dark","-3.1","16.5","3200","57232","17.7","38%","22.0","","Opened","7.343","230","Safe","Calm","0.0","67","11.5","2.6","1005.2","1017.1"
"2026-09-23","22:12:13","Clear","Dry","Dark","-3.2","16.6","3200","57232","17.7","38%","22.0","","Opened","7.275","230","Safe","Calm","0.0","67","11.5","2.6","1005.2","1017.1"
"2026-09-23","22:12:23","Clear","Dry","Dark","-3.2","16.6","3200","57232","17.7","38%","22.0","","Opened","7.337","230","Safe","Calm","0.0","67","11.5","2.6","1005.1","1017.0"
"2026-09-23","22:12:33","Clear","Dry","Dark","-3.1","16.6","3200","57232","17.7","38%","22.1","","Opened","7.278","230","Safe","Calm","0.0","67","11.5","2.6","1005.2","1017.1"
"2026-09-23","22:12:43","Clear","Dry","Dark","-3.2","16.6","3200","57232","17.7","38%","22.1","","Opened","7.493","230","Safe","Calm","0.0","67","11.5","2.6","1005.2","1017.1"
"2026-09-23","22:12:53","Clear","Dry","Dark","-3.2","16.6","3200","57232","17.7","38%","22.1","","Opened","7.304","230","Safe","Calm","0.0","67","11.5","2.6","1005.1","1017.0"
"2026-09-23","22:13:03","Clear","Dry","Dark","-3.2","16.6","3200","57232","17.8","38%","22.1","","Opened","7.371","230","Safe","Calm","0.0","67","11.6","2.7","1005.2","1017.1"
"2026-09-23","22:13:13","Clear","Dry","Dark","-3.2","16.6","3200","57232","17.7","38%","22.1","","Opened","7.300","230","Safe","Calm","0.0","67","11.6","2.6","1005.2","1017.1"
"2026-09-23","22:13:23","Clear","Dry","Dark","-3.0","16.6","3200","57232","17.7","38%","22.1","","Opened","7.376","230","Safe","Calm","0.0","67","11.5","2.8","1005.2","1017.1"
"2026-09-23","22:13:33","Clear","Dry","Dark","-3.2","16.6","3200","57232","17.7","38%","22.1","","Opened","7.324","230","Safe","Calm","0.0","67","11.6","2.6","1005.1","1017.0"
"2026-09-23","22:13:43","Clear","Dry","Dark","-3.3","16.6","3200","57232","17.8","38%","22.1","","Opened","7.427","230","Safe","Calm","0.0","67","11.6","2.5","1005.3","1017.1"
"2026-09-23","22:13:53","Clear","Dry","Dark","-3.3","16.6","3200","57232","17.8","38%","22.2","","Opened","7.359","230","Safe","Calm","0.0","67","11.6","2.5","1005.2","1017.1"
"2026-09-23","22:14:03","Clear","Dry","Dark","-3.1","16.6","3200","57232","17.7","38%","22.2","","Opened","7.298","230","Safe","Calm","0.0","67","11.5","2.7","1005.1","1017.0"
"2026-09-23","22:14:13","Clear","Dry","Dark","-3.1","16.6","3200","57232","17.7","38%","22.2","","Opened","7.355","230","Safe","Calm","0.0","67","11.5","2.7","1005.2","1017.1"
"2026-09-23","22:14:23","Clear","Dry","Dark","-3.0","16.6","3200","57232","17.7","38%","22.2","","Opened","7.304","230","Safe","Calm","0.0","67","11.5","2.8","1005.1","1017.0"
"2026-09-23","22:14:33","Clear","Dry","Dark","-3.2","16.6","3200","57232","17.8","38%","22.2","","Opened","7.381","230","Safe","Calm","0.0","67","11.5","2.6","1005.1","1017.0"
"2026-09-23","22:14:43","Clear","Dry","Dark","-3.2","16.6","3200","57232","17.7","38%","22.2","","Opened","7.464","230","Safe","Calm","0.0","67","11.5","2.6","1005.1","1017.0"
"2026-09-23","22:14:53","Clear","Dry","Dark","-3.2","16.6","3200","57232","17.7","38%","22.2","","Opened","7.276","230","Safe","Calm","0.0","67","11.5","2.6","1005.3","1017.1"
"2026-09-23","22:15:03","Clear","Dry","Dark","-3.2","16.6","3200","57232","17.8","38%","22.2","","Opened","7.340","230","Safe","Calm","0.0","67","11.5","2.7","1005.1","1017.0"
"2026-09-23","22:15:13","Clear","Dry","Dark","-3.1","16.6","3200","57232","17.8","38%","22.1","","Opened","7.279","230","Safe","Calm","0.0","67","11.5","2.7","1005.1","1017.0"
"2026-09-23","22:15:23","Clear","Dry","Dark","-3.2","16.6","3200","57232","17.8","38%","22.1","","Opened","7.353","230","Safe","Calm","0.0","67","11.5","2.6","1005.3","1017.1"
"2026-09-23","22:15:33","Clear","Dry","Dark","-3.4","16.6","3200","57232","17.8","38%","22.2","","Opened","7.312","230","Safe","Calm","0.0","67","11.5","2.4","1005.2","1017.1"
"2026-09-23","22:15:43","Clear","Dry","Dark","-3.2","16.6","3200","57232","17.8","38%","22.2","","Opened","7.528","230","Safe","Calm","0.0","67","11.5","2.6","1005.2","1017.0"
"2026-09-23","22:15:53","Clear","Dry","Dark","-3.2","16.6","3200","57232","17.8","38%","22.2","","Opened","7.332","230","Safe","Calm","0.0","67","11.5","2.6","1005.1","1017.0"
"2026-09-23","22:16:03","Clear","Dry","Dark","-3.2","16.6","3200","57232","17.8","38%","22.2","","Opened","7.271","230","Safe","Calm","0.0","67","11.5","2.7","1005.1","1017.0"
"2026-09-23","22:16:13","Clear","Dry","Dark","-3.3","16.6","3200","57232","17.8","38%","22.2","","Opened","7.346","230","Safe","Calm","0.0","67","11.5","2.5","1005.2","1017.1"
"2026-09-23","22:16:23","Clear","Dry","Dark","-3.2","16.6","3200","57232","17.8","38%","22.2","","Opened","7.286","230","Safe","Calm","0.0","67","11.5","2.6","1005.1","1017.0"
"2026-09-23","22:16:33","Clear","Dry","Dark","-3.2","16.6","3200","57232","17.8","38%","22.2","","Opened","7.362","230","Safe","Calm","0.0","67","11.5","2.6","1005.1","1017.0"
"2026-09-23","22:16:43","Clear","Dry","Dark","-3.3","16.6","3200","57232","17.8","38%","22.2","","Opened","7.440","230","Safe","Calm","0.0","67","11.5","2.6","1005.2","1017.0"
"2026-09-23","22:16:53","Clear","Dry","Dark","-3.3","16.6","3200","57232","17.8","38%","22.2","","Opened","7.380","230","Safe","Calm","0.0","67","11.5","2.5","1005.1","1017.0"
"2026-09-23","22:17:03","Clear","Dry","Dark","-3.2","16.6","3200","57232","17.8","38%","22.2","","Opened","7.318","230","Safe","Calm","0.0","67","11.5","2.6","1005.1","1017.0"
"2026-09-23","22:17:13","Clear","Dry","Dark","-3.4","16.6","3200","57232","17.8","38%","22.2","","Opened","7.375","230","Safe","Calm","0.0","67","11.5","2.5","1005.1","1017.0"
"2026-09-23","22:17:23","Clear","Dry","Dark","-3.4","16.6","3200","57232","17.8","38%","22.2","","Opened","7.308","230","Safe","Calm","0.0","67","11.5","2.4","1005.1","1017.0"
"2026-09-23","22:17:33","Clear","Dry","Dark","-3.2","16.6","3200","57232","17.8","38%","22.3","","Opened","7.375","230","Safe","Calm","0.0","67","11.5","2.6","1005.1","1017.0"
"2026-09-23","22:17:43","Clear","Dry","Dark","-3.3","16.6","3200","57232","17.8","38%","22.2","","Opened","7.461","230","Safe","Calm","0.0","67","11.5","2.6","1005.1","1017.0"
"2026-09-23","22:17:53","Clear","Dry","Dark","-3.2","16.6","3200","57232","17.8","38%","22.3","","Opened","7.394","230","Safe","Calm","0.0","67","11.5","2.6","1005.1","1017.0"
"2026-09-23","22:18:03","Clear","Dry","Dark","-3.2","16.6","3200","57232","17.8","38%","22.3","","Opened","7.349","230","Safe","Calm","0.0","67","11.5","2.6","1005.1","1017.0"
"2026-09-23","22:18:13","Clear","Dry","Dark","-3.2","16.6","3200","57232","17.8","38%","22.3","","Opened","7.284","230","Safe","Calm","0.0","67","11.5","2.6","1005.1","1017.0"
"2026-09-23","22:18:23","Clear","Dry","Dark","-3.3","16.6","3200","57232","17.8","38%","22.3","","Opened","7.358","230","Safe","Calm","0.0","67","11.5","2.6","1005.1","1017.0"
"2026-09-23","22:18:33","Clear","Dry","Dark","-3.4","16.6","3200","57232","17.8","38%","22.2","","Opened","7.297","230","Safe","Calm","0.0","67","11.5","2.4","1005.2","1017.0"
"2026-09-23","22:18:43","Clear","Dry","Dark","-3.3","16.6","3200","57232","17.8","38%","22.3","","Opened","7.509","230","Safe","Calm","0.0","67","11.5","2.5","1005.3","1017.1"
"2026-09-23","22:18:53","Clear","Dry","Dark","-3.2","16.6","3200","57232","17.8","38%","22.3","","Opened","7.328","230","Safe","Calm","0.0","67","11.5","2.6","1005.1","1017.0"
"2026-09-23","22:19:03","Clear","Dry","Dark","-3.2","16.6","3200","57232","17.8","38%","22.3","","Opened","7.395","230","Safe","Calm","0.0","67","11.5","2.6","1005.1","1017.0"
"2026-09-23","22:19:13","Clear","Dry","Dark","-3.2","16.6","3200","57232","17.8","38%","22.3","","Opened","7.333","230","Safe","Calm","0.0","67","11.5","2.7","1005.1","1017.0"
"2026-09-23","22:19:23","Clear","Dry","Dark","-3.2","16.6","3200","57232","17.8","38%","22.3","","Opened","7.285","230","Safe","Calm","0.0","67","11.5","2.6","1005.1","1017.0"
"2026-09-23","22:19:33","Clear","Dry","Dark","-3.1","16.6","3200","57232","17.8","38%","22.2","","Opened","7.360","230","Safe","Calm","0.0","67","11.5","2.7","1005.2","1017.0"
"2026-09-23","22:19:43","Clear","Dry","Dark","-3.1","16.6","3200","57232","17.8","38%","22.1","","Opened","7.445","230","Safe","Calm","0.0","66","11.5","2.7","1005.2","1017.0"
"2026-09-23","22:19:53","Clear","Dry","Dark","-3.2","16.6","3200","57232","17.8","38%","22.1","","Opened","7.383","230","Safe","Calm","0.0","66","11.5","2.6","1005.1","1017.0"
"2026-09-23","22:20:03","Clear","Dry","Dark","-3.2","16.6","3200","57232","17.8","38%","22.1","","Opened","7.330","230","Safe","Calm","0.0","66","11.5","2.6","1005.2","1017.0"
"2026-09-23","22:20:13","Clear","Dry","Dark","-3.2","16.6","3200","57232","17.8","38%","22.1","","Opened","7.376","230","Safe","Calm","0.0","66","11.5","2.7","1005.1","1017.0"
"2026-09-23","22:20:23","Clear","Dry","Dark","-3.0","16.6","3200","57232","17.8","38%","22.1","","Opened","7.314","230","Safe","Calm","0.0","67","11.5","2.8","1005.2","1017.1"
"2026-09-23","22:20:33","Clear","Dry","Dark","-3.2","16.6","3200","57232","17.8","38%","22.1","","Opened","7.391","230","Safe","Calm","0.0","67","11.5","2.6","1005.3","1017.1"
"2026-09-23","22:20:43","Clear","Dry","Dark","-3.2","16.6","3200","57232","17.8","38%","22.1","","Opened","7.465","230","Safe","Calm","0.0","67","11.5","2.6","1005.1","1017.0"
"2026-09-23","22:20:53","Clear","Dry","Dark","-3.2","16.6","3200","57232","17.8","38%","22.2","","Opened","7.275","230","Safe","Calm","0.0","67","11.5","2.6","1005.3","1017.1"
"2026-09-23","22:21:03","Clear","Dry","Dark","-3.2","16.6","3200","57232","17.8","38%","22.2","","Opened","7.346","230","Safe","Calm","0.0","67","11.5","2.6","1005.2","1017.0"
"2026-09-23","22:21:13","Clear","Dry","Dark","-3.0","16.6","3200","57232","17.8","38%","22.2","","Opened","7.272","230","Safe","Calm","0.0","67","11.5","2.8","1005.1","1017.0"
"2026-09-23","22:21:23","Clear","Dry","Dark","-3.4","16.6","3200","57232","17.8","38%","22.2","","Opened","7.339","230","Safe","Calm","0.0","66","11.5","2.4","1005.2","1017.0"
"2026-09-23","22:21:33","Clear","Dry","Dark","-3.4","16.6","3200","57232","17.8","38%","22.2","","Opened","7.287","230","Safe","Calm","0.0","66","11.5","2.5","1005.3","1017.1"
"2026-09-23","22:21:43","Clear","Dry","Dark","-3.2","16.6","3200","57232","17.8","38%","22.3","","Opened","7.496","230","Safe","Calm","0.0","66","11.5","2.6","1005.2","1017.0"
"2026-09-23","22:21:53","Clear","Dry","Dark","-3.0","16.6","3200","57232","17.8","38%","22.3","","Opened","7.303","230","Safe","Calm","0.0","67","11.5","2.8","1005.2","1017.0"
"2026-09-23","22:22:03","Clear","Dry","Dark","-3.2","16.6","3200","57232","17.8","38%","22.2","","Opened","7.387","230","Safe","Calm","0.0","67","11.5","2.6","1005.2","1017.0"
"2026-09-23","22:22:13","Clear","Dry","Dark","-3.3","16.6","3200","57232","17.8","38%","22.2","","Opened","7.321","230","Safe","Calm","0.0","67","11.5","2.6","1005.2","1017.0"
"2026-09-23","22:22:23","Clear","Dry","Dark","-3.3","16.6","3200","57232","17.8","38%","22.2","","Opened","7.388","230","Safe","Calm","0.0","67","11.5","2.6","1005.3","1017.1"
"2026-09-23","22:22:33","Clear","Dry","Dark","-3.3","16.6","3200","57232","17.8","38%","22.2","","Opened","7.334","230","Safe","Calm","0.0","67","11.5","2.6","1005.2","1017.0"
"2026-09-23","22:22:43","Clear","Dry","Dark","-3.2","16.6","3200","57232","17.8","38%","22.2","","Opened","7.425","230","Safe","Calm","0.0","67","11.5","2.7","1005.2","1017.0"
"2026-09-23","22:22:53","Clear","Dry","Dark","-3.2","16.6","3200","57232","17.8","38%","22.3","","Opened","7.353","230","Safe","Calm","0.0","67","11.5","2.6","1005.2","1017.0"
"2026-09-23","22:23:03","Clear","Dry","Dark","-3.1","16.6","3200","57232","17.8","38%","22.3","","Opened","7.307","230","Safe","Calm","0.0","67","11.5","2.7","1005.2","1017.0"
"2026-09-23","22:23:13","Clear","Dry","Dark","-3.1","16.6","3200","57232","17.8","38%","22.3","","Opened","7.358","230","Safe","Calm","0.0","67","11.5","2.7","1005.3","1017.2"
"2026-09-23","22:23:23","Clear","Dry","Dark","-3.2","16.6","3200","57232","17.8","38%","22.2","","Opened","7.303","230","Safe","Calm","0.0","67","11.5","2.7","1005.2","1017.0"
"2026-09-23","22:23:33","Clear","Dry","Dark","-3.0","16.6","3200","57232","17.8","38%","22.3","","Opened","7.359","230","Safe","Calm","0.0","67","11.5","2.8","1005.3","1017.1"
"2026-09-23","22:23:43","Clear","Dry","Dark","-3.2","16.6","3200","57232","17.8","38%","22.3","","Opened","7.447","230","Safe","Calm","0.0","67","11.5","2.6","1005.2","1017.1"
"2026-09-23","22:23:53","Clear","Dry","Dark","-3.2","16.6","3200","57232","17.8","38%","22.3","","Opened","7.382","230","Safe","Calm","0.0","67","11.5","2.6","1005.1","1017.0"
"2026-09-23","22:24:03","Clear","Dry","Dark","-3.1","16.6","3200","57232","17.8","38%","22.3","","Opened","7.318","230","Safe","Calm","0.0","67","11.5","2.7","1005.1","1017.0"
"2026-09-23","22:24:13","Clear","Dry","Dark","-3.2","16.6","3200","57232","17.8","38%","22.4","Heating DOWN","Opened","7.374","230","Safe","Calm","0.0","67","11.5","2.6","1005.2","1017.0"
"2026-09-23","22:24:23","Clear","Dry","Dark","-3.2","16.6","3328","57232","17.8","37%","22.4","Heating DOWN","Opened","7.502","230","Safe","Calm","0.0","67","11.5","2.6","1005.2","1017.0"
"2026-09-23","22:24:33","Clear","Dry","Dark","-3.2","16.6","3200","57232","17.8","36%","22.4","Heating DOWN","Opened","7.490","230","Safe","Calm","0.0","67","11.5","2.7","1005.3","1017.1"
"2026-09-23","22:24:43","Clear","Dry","Dark","-3.3","16.6","3200","57232","17.8","35%","22.4","Heating DOWN","Opened","7.621","230","Safe","Calm","0.0","67","11.5","2.5","1005.2","1017.0"
"2026-09-23","22:24:53","Clear","Dry","Dark","-3.2","16.6","3200","57232","17.8","34%","22.3","","Opened","7.367","230","Safe","Calm","0.0","67","11.5","2.6","1005.2","1017.0"
"2026-09-23","22:25:03","Clear","Dry","Dark","-3.3","16.6","3200","57232","17.8","34%","22.3","","Opened","7.309","230","Safe","Calm","0.0","67","11.5","2.6","1005.3","1017.1"
"2026-09-23","22:25:13","Clear","Dry","Dark","-3.4","16.6","3200","57232","17.8","34%","22.3","","Opened","7.368","230","Safe","Calm","0.0","67","11.5","2.4","1005.2","1017.0"
"2026-09-23","22:25:23","Clear","Dry","Dark","-3.2","16.6","3200","57232","17.8","34%","22.3","","Opened","7.318","230","Safe","Calm","0.0","66","11.5","2.6","1005.3","1017.1"
"2026-09-23","22:25:33","Clear","Dry","Dark","-3.1","16.6","3200","57232","17.8","34%","22.2","","Opened","7.393","230","Safe","Calm","0.0","67","11.5","2.8","1005.2","1017.0"
"2026-09-23","22:25:43","Clear","Dry","Dark","-3.2","16.6","3200","57232","17.8","34%","22.2","","Opened","7.480","230","Safe","Calm","0.0","67","11.5","2.7","1005.2","1017.0"
"2026-09-23","22:25:53","Clear","Dry","Dark","-3.1","16.6","3200","57232","17.8","34%","22.2","","Opened","7.292","230","Safe","Calm","0.0","66","11.5","2.8","1005.3","1017.2"
"2026-09-23","22:26:03","Clear","Dry","Dark","-3.0","16.6","3200","57232","17.8","34%","22.1","","Opened","7.333","230","Safe","Calm","0.0","66","11.5","2.8","1005.2","1017.1"
"2026-09-23","22:26:13","Clear","Dry","Dark","-3.2","16.6","3200","57232","17.8","34%","22.1","","Opened","7.260","230","Safe","Calm","0.0","67","11.5","2.7","1005.2","1017.0"
"2026-09-23","22:26:23","Clear","Dry","Dark","-3.2","16.6","3200","57232","17.8","34%","22.1","","Opened","7.328","230","Safe","Calm","0.0","67","11.5","2.7","1005.2","1017.0"
"2026-09-23","22:26:33","Clear","Dry","Dark","-3.3","16.6","3200","57232","17.8","34%","22.1","","Opened","7.388","230","Safe","Calm","0.0","66","11.5","2.5","1005.2","1017.0"
"2026-09-23","22:26:43","Clear","Dry","Dark","-3.3","16.6","3200","57232","17.8","34%","22.1","","Opened","7.474","230","Safe","Calm","0.0","66","11.5","2.6","1005.2","1017.0"
"2026-09-23","22:26:53","Clear","Dry","Dark","-3.2","16.6","3200","57232","17.8","34%","22.1","","Opened","7.395","230","Safe","Calm","0.0","66","11.4","2.6","1005.3","1017.1"
"2026-09-23","22:27:03","Clear","Dry","Dark","-3.0","16.6","3200","57232","17.8","34%","22.2","","Opened","7.332","230","Safe","Calm","0.0","66","11.5","2.8","1005.3","1017.1"
"2026-09-23","22:27:13","Clear","Dry","Dark","-3.3","16.6","3200","57232","17.8","34%","22.1","","Opened","7.273","230","Safe","Calm","0.0","66","11.5","2.6","1005.3","1017.2"
"2026-09-23","22:27:23","Clear","Dry","Dark","-3.2","16.6","3200","57232","17.8","34%","22.1","","Opened","7.332","230","Safe","Calm","0.0","66","11.4","2.6","1005.3","1017.1"
"2026-09-23","22:27:33","Clear","Dry","Dark","-3.3","16.6","3200","57232","17.8","34%","22.1","","Opened","7.264","230","Safe","Calm","0.0","66","11.5","2.6","1005.2","1017.0"
"2026-09-23","22:27:43","Clear","Dry","Dark","-3.2","16.6","3200","57232","17.8","34%","22.1","","Opened","7.467","230","Safe","Calm","0.0","66","11.5","2.6","1005.3","1017.1"
"2026-09-23","22:27:53","Clear","Dry","Dark","-3.0","16.6","3200","57232","17.8","34%","22.1","","Opened","7.393","230","Safe","Calm","0.0","66","11.4","2.8","1005.3","1017.2"
"2026-09-23","22:28:03","Clear","Dry","Dark","-3.1","16.7","3200","57232","17.8","34%","22.1","","Opened","7.337","230","Safe","Calm","0.0","66","11.5","2.8","1005.3","1017.1"
"2026-09-23","22:28:13","Clear","Dry","Dark","-3.3","16.7","3200","57232","17.8","34%","22.1","","Opened","7.267","230","Safe","Calm","0.0","66","11.5","2.6","1005.3","1017.2"
"2026-09-23","22:28:23","Clear","Dry","Dark","-3.1","16.6","3200","57232","17.9","34%","22.1","","Opened","7.345","230","Safe","Calm","0.0","66","11.5","2.8","1005.3","1017.1"
"2026-09-23","22:28:33","Clear","Dry","Dark","-3.1","16.7","3200","57232","17.8","34%","22.0","","Opened","7.294","230","Safe","Calm","0.0","66","11.4","2.7","1005.2","1017.0"
"2026-09-23","22:28:43","Clear","Dry","Dark","-3.4","16.6","3200","57232","17.8","34%","22.0","","Opened","7.507","230","Safe","Calm","0.0","66","11.5","2.5","1005.2","1017.0"
"2026-09-23","22:28:53","Clear","Dry","Dark","-3.0","16.7","3200","57232","17.8","34%","22.0","","Opened","7.310","230","Safe","Calm","0.0","66","11.4","2.9","1005.2","1017.0"
"2026-09-23","22:29:03","Clear","Dry","Dark","-3.3","16.6","3200","57232","17.8","34%","22.1","","Opened","7.363","230","Safe","Calm","0.0","66","11.4","2.6","1005.2","1017.0"
"2026-09-23","22:29:13","Clear","Dry","Dark","-3.0","16.6","3200","57232","17.8","34%","22.0","","Opened","7.302","230","Safe","Calm","0.0","66","11.4","2.8","1005.2","1017.0"
"2026-09-23","22:29:23","Clear","Dry","Dark","-3.0","16.7","3200","57232","17.8","34%","21.9","","Opened","7.379","230","Safe","Calm","0.0","66","11.4","2.9","1005.2","1017.0"
"2026-09-23","22:29:33","Clear","Dry","Dark","-3.0","16.7","3200","57232","17.8","34%","21.9","","Opened","7.326","230","Safe","Calm","0.0","66","11.4","2.9","1005.3","1017.1"
"2026-09-23","22:29:43","Clear","Dry","Dark","-3.3","16.7","3200","57232","17.9","34%","21.9","","Opened","7.513","230","Safe","Calm","0.0","66","11.5","2.6","1005.3","1017.1"
"2026-09-23","22:29:53","Clear","Dry","Dark","-3.2","16.7","3200","57232","17.9","34%","21.9","","Opened","7.331","230","Safe","Calm","0.0","66","11.4","2.6","1005.2","1017.0"
"2026-09-23","22:30:03","Clear","Dry","Dark","-3.3","16.7","3200","57232","17.9","34%","22.0","","Opened","7.387","230","Safe","Calm","0.0","66","11.4","2.6","1005.2","1017.0"
"2026-09-23","22:30:13","Clear","Dry","Dark","-3.2","16.7","3200","57232","17.9","34%","22.0","","Opened","7.320","230","Safe","Calm","0.0","66","11.4","2.7","1005.2","1017.0"
"2026-09-23","22:30:23","Clear","Dry","Dark","-3.1","16.7","3200","57232","17.9","34%","22.0","","Opened","7.388","230","Safe","Calm","0.0","66","11.4","2.8","1005.3","1017.1"
"2026-09-23","22:30:33","Clear","Dry","Dark","-3.3","16.7","3200","57232","17.9","34%","22.0","","Opened","7.329","230","Safe","Calm","0.0","66","11.4","2.6","1005.2","1017.0"
"2026-09-23","22:30:43","Clear","Dry","Dark","-3.1","16.7","3200","57232","17.9","34%","22.0","","Opened","7.423","230","Safe","Calm","0.0","66","11.4","2.8","1005.3","1017.1"
"2026-09-23","22:30:53","Clear","Dry","Dark","-3.3","16.7","3200","57232","17.9","34%","22.0","","Opened","7.360","230","Safe","Calm","0.0","66","11.4","2.6","1005.3","1017.1"
"2026-09-23","22:31:03","Clear","Dry","Dark","-3.5","16.7","3200","57232","17.9","34%","22.0","","Opened","7.303","230","Safe","Calm","0.0","66","11.4","2.4","1005.1","1017.0"
"2026-09-23","22:31:13","Clear","Dry","Dark","-3.3","16.6","3200","57232","17.9","34%","22.1","","Opened","7.366","230","Safe","Calm","0.0","66","11.4","2.6","1005.2","1017.0"
"2026-09-23","22:31:23","Clear","Dry","Dark","-3.4","16.6","3200","57232","17.9","34%","22.1","","Opened","7.308","230","Safe","Calm","0.0","66","11.4","2.5","1005.2","1017.0"
"2026-09-23","22:31:33","Clear","Dry","Dark","-3.3","16.6","3200","57232","17.9","34%","22.2","","Opened","7.395","230","Safe","Calm","0.0","66","11.4","2.6","1005.2","1017.0"
"2026-09-23","22:31:43","Clear","Dry","Dark","-3.3","16.6","3200","57232","17.9","34%","22.2","","Opened","7.481","230","Safe","Calm","0.0","66","11.4","2.6","1005.2","1017.0"
"2026-09-23","22:31:53","Clear","Dry","Dark","-3.2","16.6","3200","57232","17.9","34%","22.1","","Opened","7.273","230","Safe","Calm","0.0","66","11.4","2.7","1005.3","1017.2"
"2026-09-23","22:32:03","Clear","Dry","Dark","-3.2","16.6","3200","57232","17.9","34%","22.1","","Opened","7.340","230","Safe","Calm","0.0","66","11.5","2.7","1005.3","1017.1"
"2026-09-23","22:32:13","Clear","Dry","Dark","-3.3","16.6","3200","57232","17.9","34%","22.1","","Opened","7.278","230","Safe","Calm","0.0","66","11.4","2.6","1005.3","1017.1"
"2026-09-23","22:32:23","Clear","Dry","Dark","-3.2","16.6","3200","57232","17.9","34%","22.1","","Opened","7.349","230","Safe","Calm","0.0","66","11.4","2.7","1005.3","1017.1"
"2026-09-23","22:32:33","Clear","Dry","Dark","-3.3","16.6","3200","57232","17.9","34%","22.1","","Opened","7.301","230","Safe","Calm","0.0","66","11.4","2.6","1005.3","1017.2"
"2026-09-23","22:32:43","Clear","Dry","Dark","-3.1","16.6","3200","57232","17.9","34%","22.1","","Opened","7.514","230","Safe","Calm","0.0","66","11.4","2.9","1005.3","1017.1"
"2026-09-23","22:32:53","Clear","Dry","Dark","-3.4","16.6","3200","57232","17.9","34%","22.1","","Opened","7.322","230","Safe","Calm","0.0","66","11.4","2.5","1005.3","1017.1"
"2026-09-23","22:33:03","Clear","Dry","Dark","-3.1","16.6","3200","57232","17.9","34%","22.1","","Opened","7.268","230","Safe","Calm","0.0","66","11.4","2.8","1005.2","1017.0"
"2026-09-23","22:33:13","Clear","Dry","Dark","-3.3","16.6","3200","57232","17.9","34%","22.2","","Opened","7.328","230","Safe","Calm","0.0","66","11.4","2.6","1005.3","1017.1"
"2026-09-23","22:33:23","Clear","Dry","Dark","-3.3","16.6","3200","57232","17.9","34%","22.1","","Opened","7.287","230","Safe","Calm","0.0","66","11.4","2.6","1005.3","1017.1"
"2026-09-23","22:33:33","Clear","Dry","Dark","-3.3","16.6","3200","57232","17.9","34%","22.1","","Opened","7.357","230","Safe","Calm","0.0","66","11.4","2.6","1005.3","1017.2"
"2026-09-23","22:33:43","Clear","Dry","Dark","-3.3","16.6","3200","57232","17.9","34%","22.2","","Opened","7.442","230","Safe","Calm","0.0","66","11.4","2.6","1005.3","1017.1"
"2026-09-23","22:33:53","Clear","Dry","Dark","-3.1","16.6","3200","57232","17.9","34%","22.1","","Opened","7.380","230","Safe","Calm","0.0","66","11.4","2.9","1005.3","1017.1"
"2026-09-23","22:34:03","Clear","Dry","Dark","-3.2","16.6","3200","57232","17.9","34%","22.1","","Opened","7.327","230","Safe","Calm","0.0","66","11.4","2.7","1005.3","1017.1"
"2026-09-23","22:34:13","Clear","Dry","Dark","-3.3","16.6","3200","57232","17.9","34%","22.1","","Opened","7.383","230","Safe","Calm","0.0","66","11.4","2.6","1005.3","1017.2"
"2026-09-23","22:34:23","Clear","Dry","Dark","-3.2","16.6","3200","57232","17.9","34%","22.0","","Opened","7.328","230","Safe","Calm","0.0","66","11.4","2.7","1005.3","1017.2"
"2026-09-23","22:34:33","Clear","Dry","Dark","-3.4","16.6","3200","57232","17.9","34%","22.1","","Opened","7.280","230","Safe","Calm","0.0","66","11.4","2.6","1005.3","1017.2"
"2026-09-23","22:34:43","Clear","Dry","Dark","-3.3","16.6","3200","57232","17.9","34%","22.2","","Opened","7.493","230","Safe","Calm","0.0","66","11.4","2.6","1005.3","1017.2"
"2026-09-23","22:34:53","Clear","Dry","Dark","-3.4","16.6","3200","57232","17.9","34%","22.2","","Opened","7.297","230","Safe","Calm","0.0","66","11.4","2.5","1005.3","1017.1"
"2026-09-23","22:35:03","Clear","Dry","Dark","-3.2","16.6","3200","57232","17.9","34%","22.2","","Opened","7.371","230","Safe","Calm","0.0","65","11.4","2.7","1005.3","1017.1"
"2026-09-23","22:35:13","Clear","Dry","Dark","-3.2","16.6","3200","57232","17.9","34%","22.2","","Opened","7.298","230","Safe","Calm","0.0","66","11.4","2.7","1005.3","1017.1"
"2026-09-23","22:35:23","Clear","Dry","Dark","-3.3","16.6","3200","57232","17.9","34%","22.2","","Opened","7.380","230","Safe","Calm","0.0","66","11.4","2.6","1005.3","1017.1"
"2026-09-23","22:35:33","Clear","Dry","Dark","-3.2","16.6","3200","57232","17.9","34%","22.1","","Opened","7.324","230","Safe","Calm","0.0","65","11.4","2.7","1005.3","1017.1"
"2026-09-23","22:35:43","Clear","Dry","Dark","-3.3","16.6","3200","57232","17.9","34%","22.1","","Opened","7.408","230","Safe","Calm","0.0","66","11.4","2.6","1005.3","1017.2"
"2026-09-23","22:35:53","Clear","Dry","Dark","-3.2","16.6","3200","57232","17.9","34%","22.2","","Opened","7.347","230","Safe","Calm","0.0","65","11.4","2.7","1005.4","1017.2"
"2026-09-23","22:36:03","Clear","Dry","Dark","-3.3","16.6","3200","57232","17.9","34%","22.2","","Opened","7.291","230","Safe","Calm","0.0","65","11.4","2.6","1005.3","1017.2"
"2026-09-23","22:36:13","Clear","Dry","Dark","-3.2","16.6","3200","57232","17.9","34%","22.2","","Opened","7.364","230","Safe","Calm","0.0","65","11.4","2.7","1005.4","1017.2"
"2026-09-23","22:36:23","Clear","Dry","Dark","-3.2","16.6","3200","57232","17.9","34%","22.1","","Opened","7.306","230","Safe","Calm","0.0","65","11.4","2.7","1005.4","1017.2"
"2026-09-23","22:36:33","Clear","Dry","Dark","-3.2","16.6","3200","57232","17.9","34%","22.1","","Opened","7.378","230","Safe","Calm","0.0","65","11.4","2.7","1005.3","1017.1"
"2026-09-23","22:36:43","Clear","Dry","Dark","-3.3","16.6","3200","57232","17.9","34%","22.1","","Opened","7.473","230","Safe","Calm","0.0","65","11.3","2.6","1005.4","1017.2"
"2026-09-23","22:36:53","Clear","Dry","Dark","-3.2","16.6","3200","57232","17.9","34%","22.1","","Opened","7.271","230","Safe","Calm","0.0","65","11.4","2.8","1005.3","1017.2"
"2026-09-23","22:37:03","Clear","Dry","Dark","-3.2","16.6","3200","57232","17.9","34%","22.1","","Opened","7.346","230","Safe","Calm","0.0","65","11.3","2.7","1005.3","1017.2"
"2026-09-23","22:37:13","Clear","Dry","Dark","-3.2","16.6","3200","57232","17.9","34%","22.1","","Opened","7.289","230","Safe","Calm","0.0","65","11.4","2.7","1005.3","1017.1"
"2026-09-23","22:37:23","Clear","Dry","Dark","-3.3","16.6","3200","57232","17.9","34%","22.1","","Opened","7.363","230","Safe","Calm","0.0","65","11.4","2.7","1005.3","1017.1"
"2026-09-23","22:37:33","Clear","Dry","Dark","-3.2","16.6","3200","57232","18.0","34%","22.2","","Opened","7.300","230","Safe","Calm","0.0","65","11.4","2.8","1005.3","1017.2"
"2026-09-23","22:37:43","Clear","Dry","Dark","-3.3","16.6","3200","57232","17.9","34%","22.2","","Opened","7.502","230","Safe","Calm","0.0","65","11.4","2.7","1005.3","1017.2"
"2026-09-23","22:37:53","Clear","Dry","Dark","-3.2","16.6","3200","57232","17.9","34%","22.2","","Opened","7.322","230","Safe","Calm","0.0","65","11.4","2.7","1005.2","1017.0"
"2026-09-23","22:38:03","Clear","Dry","Dark","-3.2","16.6","3200","57232","17.9","34%","22.2","","Opened","7.393","230","Safe","Calm","0.0","65","11.4","2.7","1005.3","1017.1"
"2026-09-23","22:38:13","Clear","Dry","Dark","-3.2","16.6","3200","57232","17.9","34%","22.1","","Opened","7.332","230","Safe","Calm","0.0","65","11.4","2.7","1005.3","1017.2"
"2026-09-23","22:38:23","Clear","Dry","Dark","-3.1","16.6","3200","57232","17.9","34%","22.1","","Opened","7.390","230","Safe","Calm","0.0","65","11.4","2.9","1005.3","1017.2"
"2026-09-23","22:38:33","Clear","Dry","Dark","-3.3","16.6","3200","57232","17.9","34%","22.2","","Opened","7.331","230","Safe","Calm","0.0","65","11.3","2.6","1005.3","1017.2"
"2026-09-23","22:38:43","Clear","Dry","Dark","-3.3","16.6","3200","57232","18.0","34%","22.2","","Opened","7.407","230","Safe","Calm","0.0","65","11.4","2.7","1005.4","1017.2"
"2026-09-23","22:38:53","Clear","Dry","Dark","-3.1","16.6","3200","57232","18.0","34%","22.2","","Opened","7.351","230","Safe","Calm","0.0","65","11.4","2.8","1005.3","1017.2"
"2026-09-23","22:39:03","Clear","Dry","Dark","-3.2","16.6","3200","57232","17.9","34%","22.2","","Opened","7.288","230","Safe","Calm","0.0","65","11.3","2.7","1005.3","1017.2"
"2026-09-23","22:39:13","Clear","Dry","Dark","-3.2","16.6","3200","57232","17.9","34%","22.2","","Opened","7.359","230","Safe","Calm","0.0","65","11.3","2.7","1005.3","1017.2"
"2026-09-23","22:39:23","Clear","Dry","Dark","-3.2","16.6","3200","57232","17.9","34%","22.2","","Opened","7.299","230","Safe","Calm","0.0","65","11.3","2.8","1005.3","1017.1"
"2026-09-23","22:39:33","Clear","Dry","Dark","-3.0","16.6","3200","57232","17.9","34%","22.2","","Opened","7.378","230","Safe","Calm","0.0","65","11.3","2.9","1005.3","1017.1"
"2026-09-23","22:39:43","Clear","Dry","Dark","-3.2","16.6","3200","57232","17.9","34%","22.1","","Opened","7.474","230","Safe","Calm","0.0","65","11.3","2.7","1005.3","1017.2"
"2026-09-23","22:39:53","Clear","Dry","Dark","-3.1","16.6","3200","57232","17.9","34%","22.2","","Opened","7.391","230","Safe","Calm","0.0","65","11.3","2.8","1005.3","1017.2"
"2026-09-23","22:40:03","Clear","Dry","Dark","-3.1","16.6","3200","57232","17.9","34%","22.1","","Opened","7.340","230","Safe","Calm","0.0","65","11.3","2.8","1005.3","1017.2"
"2026-09-23","22:40:13","Clear","Dry","Dark","-3.2","16.6","3200","57232","17.9","34%","22.1","","Opened","7.276","230","Safe","Calm","0.0","65","11.3","2.7","1005.4","1017.3"
"2026-09-23","22:40:23","Clear","Dry","Dark","-3.1","16.6","3200","57232","17.9","34%","22.1","","Opened","7.349","230","Safe","Calm","0.0","65","11.3","2.8","1005.4","1017.2"
"2026-09-23","22:40:33","Clear","Dry","Dark","-3.1","16.6","3200","57232","17.9","34%","22.1","","Opened","7.296","230","Safe","Calm","0.0","65","11.3","2.8","1005.3","1017.1"
"2026-09-23","22:40:43","Clear","Dry","Dark","-3.4","16.6","3200","57232","18.0","34%","22.2","","Opened","7.522","230","Safe","Calm","0.0","65","11.4","2.5","1005.3","1017.2"
"2026-09-23","22:40:53","Clear","Dry","Dark","-3.3","16.6","3200","57232","17.9","34%","22.2","","Opened","7.326","230","Safe","Calm","0.0","65","11.3","2.6","1005.3","1017.2"
"2026-09-23","22:41:03","Clear","Dry","Dark","-3.3","16.6","3200","57232","17.9","34%","22.3","","Opened","7.294","230","Safe","Calm","0.0","65","11.3","2.6","1005.4","1017.2"
"2026-09-23","22:41:13","Clear","Dry","Dark","-3.3","16.6","3200","57232","17.9","34%","22.3","","Opened","7.360","230","Safe","Calm","0.0","65","11.3","2.7","1005.4","1017.2"
"2026-09-23","22:41:23","Clear","Dry","Dark","-3.3","16.6","3200","57232","17.9","34%","22.3","","Opened","7.299","230","Safe","Calm","0.0","65","11.3","2.6","1005.3","1017.2"
"2026-09-23","22:41:33","Clear","Dry","Dark","-3.1","16.5","3200","57232","17.9","34%","22.3","","Opened","7.371","230","Safe","Calm","0.0","65","11.3","2.8","1005.3","1017.2"
"2026-09-23","22:41:43","Clear","Dry","Dark","-3.3","16.5","3200","57232","17.9","34%","22.4","","Opened","7.459","230","Safe","Calm","0.0","65","11.3","2.7","1005.3","1017.2"
"2026-09-23","22:41:53","Clear","Dry","Dark","-3.2","16.6","3200","57232","17.9","34%","22.3","","Opened","7.394","230","Safe","Calm","0.0","65","11.3","2.7","1005.3","1017.2"
"2026-09-23","22:42:03","Clear","Dry","Dark","-3.2","16.6","3200","57232","18.0","34%","22.3","","Opened","7.339","230","Safe","Calm","0.0","65","11.3","2.8","1005.4","1017.2"
"2026-09-23","22:42:13","Clear","Dry","Dark","-3.1","16.6","3200","57232","18.0","34%","22.3","","Opened","7.269","230","Safe","Calm","0.0","65","11.4","2.8","1005.4","1017.2"
"2026-09-23","22:42:23","Clear","Dry","Dark","-3.1","16.6","3200","57232","18.0","34%","22.3","","Opened","7.353","230","Safe","Calm","0.0","65","11.4","2.8","1005.4","1017.2"
"2026-09-23","22:42:33","Clear","Dry","Dark","-3.1","16.6","3200","57232","17.9","34%","22.3","","Opened","7.295","230","Safe","Calm","0.0","65","11.3","2.8","1005.3","1017.2"
"2026-09-23","22:42:43","Clear","Dry","Dark","-3.4","16.6","3200","57232","17.9","34%","22.3","","Opened","7.503","230","Safe","Calm","0.0","65","11.3","2.6","1005.4","1017.2"
"2026-09-23","22:42:53","Clear","Dry","Dark","-3.3","16.6","3200","57232","17.9","34%","22.4","","Opened","7.321","230","Safe","Calm","0.0","65","11.3","2.7","1005.4","1017.2"
"2026-09-23","22:43:03","Clear","Dry","Dark","-3.1","16.6","3200","57232","18.0","34%","22.4","","Opened","7.394","230","Safe","Calm","0.0","65","11.3","2.9","1005.3","1017.2"
"2026-09-23","22:43:13","Clear","Dry","Dark","-3.1","16.6","3200","57232","17.9","34%","22.3","","Opened","7.327","230","Safe","Calm","0.0","65","11.3","2.9","1005.4","1017.2"
"2026-09-23","22:43:23","Clear","Dry","Dark","-3.3","16.6","3200","57232","17.9","34%","22.4","","Opened","7.396","230","Safe","Calm","0.0","65","11.3","2.7","1005.3","1017.2"
"2026-09-23","22:43:33","Clear","Dry","Dark","-3.4","16.6","3200","57232","18.0","34%","22.4","","Opened","7.337","230","Safe","Calm","0.0","65","11.3","2.6","1005.4","1017.2"
"2026-09-23","22:43:43","Clear","Dry","Dark","-3.1","16.6","3200","57232","18.0","34%","22.4","","Opened","7.537","230","Safe","Calm","0.0","65","11.3","2.9","1005.3","1017.2"
"2026-09-23","22:43:53","Clear","Dry","Dark","-3.4","16.6","3200","57232","18.0","34%","22.5","","Opened","7.358","230","Safe","Calm","0.0","65","11.3","2.6","1005.4","1017.2"
"2026-09-23","22:44:03","Clear","Dry","Dark","-3.3","16.5","3200","57232","18.0","34%","22.5","","Opened","7.302","230","Safe","Calm","0.0","65","11.3","2.7","1005.3","1017.2"
"2026-09-23","22:44:13","Clear","Dry","Dark","-3.3","16.5","3200","57232","18.0","34%","22.5","","Opened","7.369","230","Safe","Calm","0.0","65","11.3","2.6","1005.4","1017.2"
"2026-09-23","22:44:23","Clear","Dry","Dark","-3.4","16.5","3200","57232","18.0","34%","22.6","Heating DOWN","Opened","7.428","230","Safe","Calm","0.0","65","11.3","2.5","1005.4","1017.2"
"2026-09-23","22:44:33","Clear","Dry","Dark","-3.3","16.5","3328","57232","18.0","33%","22.6","Heating DOWN","Opened","7.431","230","Safe","Calm","0.0","65","11.3","2.6","1005.3","1017.2"
"2026-09-23","22:44:43","Clear","Dry","Dark","-3.3","16.5","3200","57232","18.0","32%","22.6","Heating DOWN","Opened","7.555","230","Safe","Calm","0.0","65","11.4","2.6","1005.4","1017.3"
"2026-09-23","22:44:53","Clear","Dry","Dark","-3.2","16.5","3200","57232","17.9","31%","22.6","Heating DOWN","Opened","7.412","230","Safe","Calm","0.0","65","11.3","2.8","1005.4","1017.2"
"2026-09-23","22:45:03","Clear","Dry","Dark","-3.4","16.5","3200","57232","18.0","30%","22.5","","Opened","7.273","230","Safe","Calm","0.0","65","11.3","2.6","1005.4","1017.3"
"2026-09-23","22:45:13","Clear","Dry","Dark","-3.3","16.5","3200","57232","18.0","30%","22.5","","Opened","7.327","230","Safe","Calm","0.0","65","11.3","2.6","1005.3","1017.2"
"2026-09-23","22:45:23","Clear","Dry","Dark","-3.3","16.5","3200","57232","18.0","30%","22.5","","Opened","7.400","230","Safe","Calm","0.0","65","11.3","2.6","1005.3","1017.2"
"2026-09-23","22:45:33","Clear","Dry","Dark","-3.2","16.5","3200","57232","17.9","30%","22.5","Heating DOWN","Opened","7.480","230","Safe","Calm","0.0","65","11.3","2.7","1005.3","1017.2"
"2026-09-23","22:45:43","Clear","Dry","Dark","-3.3","16.5","3328","57232","17.9","29%","22.4","","Opened","7.496","230","Safe","Calm","0.0","65","11.3","2.6","1005.4","1017.2"
"2026-09-23","22:45:53","Clear","Dry","Dark","-3.1","16.5","3328","57232","17.9","29%","22.4","","Opened","7.308","230","Safe","Calm","0.0","65","11.3","2.8","1005.4","1017.3"
"2026-09-23","22:46:03","Clear","Dry","Dark","-3.1","16.5","3328","57232","17.9","29%","22.3","","Opened","7.383","230","Safe","Calm","0.0","65","11.3","2.8","1005.3","1017.2"
"2026-09-23","22:46:13","Clear","Dry","Dark","-3.3","16.5","3328","57232","17.9","29%","22.2","","Opened","7.305","230","Safe","Calm","0.0","65","11.3","2.7","1005.4","1017.3"
"2026-09-23","22:46:23","Clear","Dry","Dark","-3.1","16.5","3328","57232","17.9","29%","22.2","","Opened","7.396","230","Safe","Calm","0.0","65","11.3","2.9","1005.3","1017.2"
"2026-09-23","22:46:33","Clear","Dry","Dark","-3.2","16.5","3328","57232","17.9","29%","22.1","","Opened","7.337","230","Safe","Calm","0.0","65","11.3","2.7","1005.3","1017.2"
"2026-09-23","22:46:43","Clear","Dry","Dark","-3.3","16.5","3328","57232","18.0","29%","22.0","","Opened","7.427","230","Safe","Calm","0.0","65","11.4","2.7","1005.4","1017.2"
"2026-09-23","22:46:53","Clear","Dry","Dark","-3.2","16.5","3328","57232","17.9","29%","22.0","","Opened","7.372","230","Safe","Calm","0.0","65","11.3","2.7","1005.4","1017.2"
"2026-09-23","22:47:03","Clear","Dry","Dark","-3.2","16.5","3328","57232","18.0","29%","22.0","","Opened","7.307","230","Safe","Calm","0.0","65","11.4","2.7","1005.3","1017.2"
"2026-09-23","22:47:13","Clear","Dry","Dark","-3.2","16.6","3328","57232","17.9","29%","22.0","","Opened","7.369","230","Safe","Calm","0.0","65","11.4","2.7","1005.4","1017.2"
"2026-09-23","22:47:23","Clear","Dry","Dark","-3.2","16.6","3328","57232","17.9","29%","21.9","","Opened","7.303","230","Safe","Calm","0.0","65","11.3","2.7","1005.3","1017.2"
"2026-09-23","22:47:33","Clear","Dry","Dark","-3.2","16.6","3328","57232","17.9","29%","21.9","","Opened","7.371","230","Safe","Calm","0.0","65","11.4","2.7","1005.4","1017.2"
"2026-09-23","22:47:43","Clear","Dry","Dark","-3.2","16.6","3328","57232","18.0","29%","21.9","Heating UP","Opened","7.576","230","Safe","Calm","0.0","65","11.4","2.8","1005.4","1017.2"
"2026-09-23","22:47:53","Clear","Dry","Dark","-3.1","16.6","3200","57232","18.0","30%","21.8","Heating UP","Opened","7.422","230","Safe","Calm","0.0","65","11.4","2.8","1005.4","1017.2"
"2026-09-23","22:48:03","Clear","Dry","Dark","-3.1","16.6","3200","57232","17.9","31%","21.8","Heating UP","Opened","7.413","230","Safe","Calm","0.0","65","11.4","2.8","1005.4","1017.2"
"2026-09-23","22:48:13","Clear","Dry","Dark","-3.1","16.6","3200","57232","17.9","32%","21.8","Heating UP","Opened","7.508","230","Safe","Calm","0.0","65","11.4","2.8","1005.4","1017.2"
"2026-09-23","22:48:23","Clear","Dry","Dark","-3.3","16.6","3328","57232","18.0","33%","21.8","Heating UP","Opened","7.500","230","Safe","Calm","0.0","65","11.4","2.6","1005.4","1017.2"
"2026-09-23","22:48:33","Clear","Dry","Dark","-3.2","16.6","3200","57232","18.0","34%","21.8","Heating UP","Opened","7.474","230","Safe","Calm","0.0","65","11.4","2.7","1005.4","1017.2"
"2026-09-23","22:48:43","Clear","Dry","Dark","-3.0","16.6","3200","57232","17.9","35%","21.8","Heating UP","Opened","7.612","230","Safe","Calm","0.0","65","11.4","2.9","1005.4","1017.2"
"2026-09-23","22:48:53","Clear","Dry","Dark","-3.0","16.6","3200","57232","17.9","36%","21.8","Heating UP","Opened","7.466","230","Safe","Calm","0.0","65","11.4","2.9","1005.3","1017.2"
"2026-09-23","22:49:03","Clear","Dry","Dark","-3.0","16.6","3328","57232","17.9","37%","21.9","","Opened","7.343","230","Safe","Calm","0.0","65","11.4","2.9","1005.3","1017.2"
"2026-09-23","22:49:13","Clear","Dry","Dark","-3.0","16.6","3328","57232","17.9","37%","21.9","","Opened","7.287","230","Safe","Calm","0.0","65","11.4","2.9","1005.4","1017.2"
"2026-09-23","22:49:23","Clear","Dry","Dark","-3.0","16.7","3328","57232","17.9","37%","21.9","","Opened","7.367","230","Safe","Calm","0.0","65","11.4","2.9","1005.3","1017.2"
"2026-09-23","22:49:33","Clear","Dry","Dark","-3.1","16.7","3328","57232","17.9","37%","21.9","","Opened","7.311","230","Safe","Calm","0.0","65","11.4","2.8","1005.3","1017.2"
"2026-09-23","22:49:43","Clear","Dry","Dark","-3.2","16.7","3328","57232","17.9","37%","22.0","","Opened","7.524","230","Safe","Calm","0.0","65","11.4","2.7","1005.4","1017.3"
"2026-09-23","22:49:53","Clear","Dry","Dark","-3.0","16.6","3328","57232","17.9","37%","22.0","","Opened","7.330","230","Safe","Calm","0.0","65","11.3","2.9","1005.4","1017.2"
"2026-09-23","22:50:03","Clear","Dry","Dark","-3.1","16.7","3328","57232","17.9","37%","22.0","","Opened","7.272","230","Safe","Calm","0.0","65","11.4","2.8","1005.3","1017.2"
"2026-09-23","22:50:13","Clear","Dry","Dark","-3.0","16.7","3328","57232","17.9","37%","22.1","","Opened","7.343","230","Safe","Calm","0.0","65","11.3","2.9","1005.3","1017.2"
"2026-09-23","22:50:23","Clear","Dry","Dark","-3.3","16.7","3328","57232","17.9","37%","22.1","","Opened","7.290","230","Safe","Calm","0.0","65","11.4","2.6","1005.4","1017.2"
"2026-09-23","22:50:33","Clear","Dry","Dark","-3.1","16.7","3328","57232","17.9","37%","22.2","","Opened","7.369","230","Safe","Calm","0.0","65","11.4","2.8","1005.3","1017.2"
"2026-09-23","22:50:43","Clear","Dry","Dark","-3.3","16.6","3328","57232","17.9","37%","22.3","","Opened","7.458","230","Safe","Calm","0.0","65","11.4","2.6","1005.4","1017.2"
"2026-09-23","22:50:53","Clear","Dry","Dark","-3.0","16.6","3328","57232","17.9","37%","22.4","","Opened","7.391","230","Safe","Calm","0.0","65","11.3","2.9","1005.4","1017.2"
"2026-09-23","22:51:03","Clear","Dry","Dark","-3.1","16.6","3328","57232","17.9","37%","22.4","","Opened","7.330","230","Safe","Calm","0.0","65","11.4","2.8","1005.4","1017.2"
"2026-09-23","22:51:13","Clear","Dry","Dark","-3.1","16.6","3328","57232","17.9","37%","22.5","Heating DOWN","Opened","7.390","230","Safe","Calm","0.0","65","11.4","2.9","1005.4","1017.2"
"2026-09-23","22:51:23","Clear","Dry","Dark","-3.0","16.6","3200","57232","17.9","36%","22.5","Heating DOWN","Opened","7.501","230","Safe","Calm","0.0","65","11.4","2.9","1005.4","1017.2"
"2026-09-23","22:51:33","Clear","Dry","Dark","-3.3","16.7","3200","57232","17.9","35%","22.5","Heating DOWN","Opened","7.491","230","Safe","Calm","0.0","65","11.4","2.7","1005.4","1017.2"
"2026-09-23","22:51:43","Clear","Dry","Dark","-3.1","16.6","3200","57232","17.9","34%","22.6","Heating DOWN","Opened","7.624","230","Safe","Calm","0.0","65","11.3","2.8","1005.4","1017.2"
"2026-09-23","22:51:53","Clear","Dry","Dark","-3.3","16.6","3328","57232","17.9","33%","22.5","","Opened","7.360","230","Safe","Calm","0.0","65","11.4","2.6","1005.3","1017.2"
"2026-09-23","22:52:03","Clear","Dry","Dark","-3.3","16.7","3328","57232","18.0","33%","22.5","","Opened","7.299","230","Safe","Calm","0.0","65","11.4","2.7","1005.4","1017.2"
"2026-09-23","22:52:13","Clear","Dry","Dark","-3.1","16.6","3328","57232","17.9","33%","22.6","Heating DOWN","Opened","7.472","230","Safe","Calm","0.0","65","11.4","2.8","1005.4","1017.3"
"2026-09-23","22:52:23","Clear","Dry","Dark","-3.1","16.6","3200","57232","18.0","32%","22.5","","Opened","7.347","230","Safe","Calm","0.0","65","11.4","2.8","1005.4","1017.3"
"2026-09-23","22:52:33","Clear","Dry","Dark","-3.0","16.7","3200","57232","17.9","32%","22.5","Heating DOWN","Opened","7.405","230","Safe","Calm","0.0","65","11.4","2.9","1005.4","1017.2"
"2026-09-23","22:52:43","Clear","Dry","Dark","-2.9","16.7","3200","57232","17.9","31%","22.5","Heating DOWN","Opened","7.549","230","Safe","Calm","0.0","65","11.4","3.0","1005.4","1017.3"
"2026-09-23","22:52:53","Clear","Dry","Dark","-3.3","16.7","3200","57232","18.0","30%","22.4","","Opened","7.282","230","Safe","Calm","0.0","65","11.4","2.6","1005.4","1017.2"
"2026-09-23","22:53:03","Clear","Dry","Dark","-3.1","16.7","3200","57232","17.9","30%","22.4","","Opened","7.353","230","Safe","Calm","0.0","65","11.3","2.9","1005.4","1017.2"
"2026-09-23","22:53:13","Clear","Dry","Dark","-3.0","16.7","3200","57232","17.9","30%","22.4","","Opened","7.280","230","Safe","Calm","0.0","65","11.3","2.9","1005.4","1017.2"
"2026-09-23","22:53:23","Clear","Dry","Dark","-3.1","16.6","3200","57232","17.9","30%","22.4","","Opened","7.361","230","Safe","Calm","0.0","65","11.3","2.8","1005.3","1017.2"
"2026-09-23","22:53:33","Clear","Dry","Dark","-3.0","16.7","3200","57232","17.9","30%","22.3","","Opened","7.306","230","Safe","Calm","0.0","65","11.3","2.9","1005.4","1017.3"
"2026-09-23","22:53:43","Clear","Dry","Dark","-3.2","16.7","3200","57232","17.9","30%","22.3","","Opened","7.510","230","Safe","Calm","0.0","65","11.3","2.8","1005.4","1017.2"
"2026-09-23","22:53:53","Clear","Dry","Dark","-3.1","16.6","3200","57232","17.9","30%","22.3","","Opened","7.330","230","Safe","Calm","0.0","65","11.3","2.8","1005.4","1017.3"
"2026-09-23","22:54:03","Clear","Dry","Dark","-3.2","16.7","3200","57232","17.9","30%","22.2","","Opened","7.279","230","Safe","Calm","0.0","65","11.3","2.7","1005.4","1017.3"
"2026-09-23","22:54:13","Clear","Dry","Dark","-3.0","16.7","3200","57232","17.9","30%","22.2","","Opened","7.344","230","Safe","Calm","0.0","65","11.3","2.9","1005.4","1017.3"
"2026-09-23","22:54:23","Clear","Dry","Dark","-2.9","16.7","3200","57232","18.0","30%","22.1","","Opened","7.303","230","Safe","Calm","0.0","65","11.4","3.1","1005.4","1017.2"
"2026-09-23","22:54:33","Clear","Dry","Dark","-3.1","16.7","3200","57232","18.0","30%","22.1","","Opened","7.368","230","Safe","Calm","0.0","65","11.4","2.8","1005.4","1017.3"
"2026-09-23","22:54:43","Clear","Dry","Dark","-3.1","16.7","3200","57232","18.0","30%","22.0","","Opened","7.459","230","Safe","Calm","0.0","65","11.4","2.8","1005.4","1017.2"
"2026-09-23","22:54:53","Clear","Dry","Dark","-3.1","16.7","3200","57232","17.9","30%","21.9","","Opened","7.388","230","Safe","Calm","0.0","65","11.3","2.8","1005.4","1017.2"
"2026-09-23","22:55:03","Clear","Dry","Dark","-3.1","16.7","3200","57232","17.9","30%","21.9","","Opened","7.334","230","Safe","Calm","0.0","65","11.3","2.8","1005.4","1017.3"
"2026-09-23","22:55:13","Clear","Dry","Dark","-3.0","16.7","3200","57232","17.9","30%","21.9","","Opened","7.272","230","Safe","Calm","0.0","65","11.3","2.9","1005.4","1017.3"
"2026-09-23","22:55:23","Clear","Dry","Dark","-3.1","16.7","3200","57232","17.9","30%","21.9","","Opened","7.351","230","Safe","Calm","0.0","65","11.3","2.8","1005.4","1017.3"
"2026-09-23","22:55:33","Clear","Dry","Dark","-3.0","16.7","3200","57232","17.9","30%","21.9","","Opened","7.298","230","Safe","Calm","0.0","65","11.3","2.9","1005.4","1017.2"
"2026-09-23","22:55:43","Clear","Dry","Dark","-3.2","16.7","3200","57232","17.9","30%","21.9","","Opened","7.511","230","Safe","Calm","0.0","65","11.3","2.7","1005.4","1017.2"
"2026-09-23","22:55:53","Clear","Dry","Dark","-3.1","16.6","3200","57232","17.9","30%","21.9","","Opened","7.323","230","Safe","Calm","0.0","65","11.3","2.8","1005.4","1017.3"
"2026-09-23","22:56:03","Clear","Dry","Dark","-3.1","16.7","3200","57232","17.9","30%","21.9","","Opened","7.384","230","Safe","Calm","0.0","65","11.3","2.8","1005.4","1017.3"
"2026-09-23","22:56:13","Clear","Dry","Dark","-3.0","16.6","3200","57232","17.9","30%","21.8","Heating UP","Opened","7.425","230","Safe","Calm","0.0","65","11.3","2.9","1005.5","1017.4"
"2026-09-23","22:56:23","Clear","Dry","Dark","-3.0","16.7","3200","57232","17.9","31%","21.8","Heating UP","Opened","7.417","230","Safe","Calm","0.0","65","11.3","2.9","1005.4","1017.3"
"2026-09-23","22:56:33","Clear","Dry","Dark","-3.0","16.6","3200","57232","17.9","32%","21.8","Heating UP","Opened","7.416","230","Safe","Calm","0.0","65","11.3","2.9","1005.4","1017.3"
"2026-09-23","22:56:43","Clear","Dry","Dark","-3.1","16.7","3328","57232","17.9","33%","21.7","Heating UP","Opened","7.542","230","Safe","Calm","0.0","65","11.3","2.8","1005.4","1017.2"
"2026-09-23","22:56:53","Clear","Dry","Dark","-3.0","16.7","3200","57232","17.9","34%","21.7","Heating UP","Opened","7.397","230","Safe","Calm","0.0","65","11.3","2.9","1005.4","1017.3"
"2026-09-23","22:57:03","Clear","Dry","Dark","-3.0","16.7","3200","57232","17.9","35%","21.7","Heating UP","Opened","7.395","230","Safe","Calm","0.0","65","11.3","2.9","1005.4","1017.3"
"2026-09-23","22:57:13","Clear","Dry","Dark","-3.1","16.7","3200","57232","17.9","36%","21.7","Heating UP","Opened","7.514","230","Safe","Calm","0.0","65","11.3","2.8","1005.4","1017.2"
"2026-09-23","22:57:23","Clear","Dry","Dark","-3.0","16.7","3328","57232","17.9","37%","21.8","","Opened","7.391","230","Safe","Calm","0.0","65","11.4","2.9","1005.4","1017.3"
"2026-09-23","22:57:33","Clear","Dry","Dark","-3.0","16.7","3328","57232","17.9","37%","21.8","Heating UP","Opened","7.437","230","Safe","Calm","0.0","65","11.4","2.9","1005.4","1017.3"
"2026-09-23","22:57:43","Clear","Dry","Dark","-3.2","16.7","3200","57232","17.9","38%","21.9","","Opened","7.447","230","Safe","Calm","0.0","65","11.4","2.7","1005.4","1017.3"
"2026-09-23","22:57:53","Clear","Dry","Dark","-3.1","16.7","3200","57232","17.9","38%","21.9","","Opened","7.376","230","Safe","Calm","0.0","65","11.4","2.8","1005.4","1017.3"
"2026-09-23","22:58:03","Clear","Dry","Dark","-3.2","16.6","3200","57232","17.9","38%","22.0","","Opened","7.323","230","Safe","Calm","0.0","66","11.4","2.7","1005.4","1017.3"
"2026-09-23","22:58:13","Clear","Dry","Dark","-3.0","16.7","3200","57232","17.9","38%","22.0","","Opened","7.256","230","Safe","Calm","0.0","66","11.4","2.9","1005.4","1017.3"
"2026-09-23","22:58:23","Clear","Dry","Dark","-3.0","16.7","3200","57232","17.9","38%","22.1","","Opened","7.320","230","Safe","Calm","0.0","66","11.4","2.9","1005.4","1017.3"
"2026-09-23","22:58:33","Clear","Dry","Dark","-3.0","16.7","3200","57232","17.9","38%","22.1","","Opened","7.396","230","Safe","Calm","0.0","66","11.4","2.9","1005.4","1017.2"
"2026-09-23","22:58:43","Clear","Dry","Dark","-3.0","16.7","3200","57232","17.9","38%","22.1","","Opened","7.484","230","Safe","Calm","0.0","66","11.4","2.9","1005.5","1017.4"
"2026-09-23","22:58:53","Clear","Dry","Dark","-3.0","16.7","3200","57232","17.9","38%","22.1","","Opened","7.296","230","Safe","Calm","0.0","66","11.3","2.9","1005.5","1017.4"
"2026-09-23","22:59:03","Clear","Dry","Dark","-2.9","16.7","3200","57232","17.9","38%","22.2","","Opened","7.362","230","Safe","Calm","0.0","66","11.4","3.0","1005.4","1017.3"
"2026-09-23","22:59:13","Clear","Dry","Dark","-2.8","16.7","3200","57232","17.9","38%","22.1","","Opened","7.311","230","Safe","Calm","0.0","66","11.4","3.1","1005.5","1017.4"
"2026-09-23","22:59:23","Clear","Dry","Dark","-3.0","16.7","3200","57232","17.9","38%","22.1","","Opened","7.391","230","Safe","Calm","0.0","66","11.4","2.9","1005.4","1017.3"
"2026-09-23","22:59:33","Clear","Dry","Dark","-3.0","16.8","3200","57232","17.9","38%","22.1","","Opened","7.336","230","Safe","Calm","0.0","66","11.4","2.9","1005.4","1017.3"
"2026-09-23","22:59:43","Clear","Dry","Dark","-2.9","16.8","3200","57232","17.9","38%","22.1","","Opened","7.419","230","Safe","Calm","0.0","66","11.4","3.0","1005.4","1017.3"
"2026-09-23","22:59:53","Clear","Dry","Dark","-3.0","16.8","3200","57232","17.9","38%","22.2","","Opened","7.358","230","Safe","Calm","0.0","66","11.4","2.9","1005.4","1017.2"
"2026-09-23","23:00:03","Clear","Dry","Dark","-3.0","16.8","3200","57232","17.9","38%","22.2","","Opened","7.301","230","Safe","Calm","0.0","66","11.4","2.9","1005.4","1017.3"
"2026-09-23","23:00:13","Clear","Dry","Dark","-3.1","16.8","3200","57232","17.9","38%","22.3","","Opened","7.365","230","Safe","Calm","0.0","66","11.4","2.8","1005.5","1017.4"
"2026-09-23","23:00:23","Clear","Dry","Dark","-3.1","16.7","3200","57232","17.9","38%","22.4","","Opened","7.316","230","Safe","Calm","0.0","66","11.4","2.8","1005.4","1017.3"
"2026-09-23","23:00:33","Clear","Dry","Dark","-3.0","16.7","3200","57232","17.9","38%","22.5","Heating DOWN","Opened","7.513","230","Safe","Calm","0.0","66","11.4","2.9","1005.5","1017.4"
"2026-09-23","23:00:43","Clear","Dry","Dark","-3.1","16.7","3328","57232","17.9","37%","22.5","Heating DOWN","Opened","7.641","230","Safe","Calm","0.0","66","11.4","2.8","1005.5","1017.4"
"2026-09-23","23:00:53","Clear","Dry","Dark","-2.9","16.7","3200","57232","17.9","36%","22.5","Heating DOWN","Opened","7.506","230","Safe","Calm","0.0","66","11.4","3.0","1005.5","1017.4"
"2026-09-23","23:01:03","Clear","Dry","Dark","-3.1","16.7","3200","57232","17.9","35%","22.6","Heating DOWN","Opened","7.499","230","Safe","Calm","0.0","66","11.4","2.8","1005.5","1017.4"
"2026-09-23","23:01:13","Clear","Dry","Dark","-3.0","16.7","3200","57232","17.9","34%","22.6","Heating DOWN","Opened","7.481","230","Safe","Calm","0.0","66","11.4","2.9","1005.4","1017.3"
"2026-09-23","23:01:23","Clear","Dry","Dark","-3.0","16.7","3200","57232","17.9","32%","22.6","Heating DOWN","Opened","7.477","230","Safe","Calm","0.0","66","11.4","2.9","1005.4","1017.3"
"2026-09-23","23:01:33","Clear","Dry","Dark","-3.0","16.7","3200","57232","17.9","30%","22.6","Heating DOWN","Opened","7.468","230","Safe","Calm","0.0","66","11.4","2.9","1005.5","1017.4"
"2026-09-23","23:01:43","Clear","Dry","Dark","-2.9","16.7","3200","57232","17.9","28%","22.6","Heating DOWN","Opened","7.609","230","Safe","Calm","0.0","66","11.4","2.9","1005.5","1017.4"
"2026-09-23","23:01:53","Clear","Dry","Dark","-3.0","16.7","3200","57232","17.9","26%","22.6","","Opened","7.344","230","Safe","Calm","0.0","66","11.4","2.9","1005.5","1017.4"
"2026-09-23","23:02:03","Clear","Dry","Dark","-3.0","16.7","3200","57232","17.9","26%","22.5","","Opened","7.291","230","Safe","Calm","0.0","66","11.4","2.9","1005.6","1017.4"
"2026-09-23","23:02:13","Clear","Dry","Dark","-3.0","16.7","3200","57232","17.9","26%","22.4","","Opened","7.350","230","Safe","Calm","0.0","66","11.4","3.0","1005.5","1017.4"
"2026-09-23","23:02:23","Clear","Dry","Dark","-2.9","16.7","3200","57232","17.9","26%","22.3","","Opened","7.299","230","Safe","Calm","0.0","66","11.4","3.0","1005.5","1017.4"
"2026-09-23","23:02:33","Clear","Dry","Dark","-3.0","16.7","3200","57232","17.9","26%","22.2","","Opened","7.380","230","Safe","Calm","0.0","66","11.4","2.9","1005.5","1017.4"
"2026-09-23","23:02:43","Clear","Dry","Dark","-3.0","16.7","3200","57232","17.9","26%","22.1","","Opened","7.466","230","Safe","Calm","0.0","66","11.4","2.9","1005.5","1017.4"
"2026-09-23","23:02:53","Clear","Dry","Dark","-2.9","16.7","3200","57232","17.9","26%","22.1","","Opened","7.380","230","Safe","Calm","0.0","66","11.4","3.0","1005.5","1017.4"
"2026-09-23","23:03:03","Clear","Dry","Dark","-3.1","16.7","3200","57232","17.9","26%","21.9","","Opened","7.330","230","Safe","Calm","0.0","66","11.4","2.8","1005.5","1017.4"
"2026-09-23","23:03:13","Clear","Dry","Dark","-3.0","16.7","3200","57232","17.9","26%","21.9","","Opened","7.274","230","Safe","Calm","0.0","66","11.4","2.9","1005.5","1017.4"
"2026-09-23","23:03:23","Clear","Dry","Dark","-3.1","16.7","3200","57232","17.9","26%","21.9","","Opened","7.360","230","Safe","Calm","0.0","66","11.4","2.8","1005.5","1017.4"
"2026-09-23","23:03:33","Clear","Dry","Dark","-3.0","16.7","3200","57232","17.9","26%","21.9","","Opened","7.306","230","Safe","Calm","0.0","66","11.4","2.9","1005.5","1017.4"
"2026-09-23","23:03:43","Clear","Dry","Dark","-3.1","16.7","3200","57232","17.9","26%","21.9","","Opened","7.517","230","Safe","Calm","0.0","66","11.4","2.8","1005.6","1017.4"
"2026-09-23","23:03:53","Clear","Dry","Dark","-3.0","16.7","3200","57232","17.9","26%","21.8","Heating UP","Opened","7.450","230","Safe","Calm","0.0","66","11.4","2.9","1005.5","1017.4"
"2026-09-23","23:04:03","Clear","Dry","Dark","-3.0","16.7","3200","57232","17.9","27%","21.9","","Opened","7.330","230","Safe","Calm","0.0","66","11.4","2.9","1005.5","1017.4"
"2026-09-23","23:04:13","Clear","Dry","Dark","-2.8","16.7","3200","57232","17.9","27%","21.8","Heating UP","Opened","7.379","230","Safe","Calm","0.0","66","11.4","3.1","1005.5","1017.4"
"2026-09-23","23:04:23","Clear","Dry","Dark","-2.9","16.7","3200","57232","17.9","28%","21.8","Heating UP","Opened","7.500","230","Safe","Calm","0.0","66","11.4","3.0","1005.5","1017.4"
"2026-09-23","23:04:33","Clear","Dry","Dark","-3.0","16.7","3328","57232","17.9","29%","21.8","Heating UP","Opened","7.493","230","Safe","Calm","0.0","66","11.4","2.9","1005.5","1017.4"
"2026-09-23","23:04:43","Clear","Dry","Dark","-3.0","16.7","3200","57232","17.9","30%","21.8","Heating UP","Opened","7.630","230","Safe","Calm","0.0","66","11.4","2.9","1005.5","1017.4"
"2026-09-23","23:04:53","Clear","Dry","Dark","-3.0","16.7","3200","57232","17.9","31%","21.8","Heating UP","Opened","7.488","230","Safe","Calm","0.0","66","11.4","2.9","1005.5","1017.4"
"2026-09-23","23:05:03","Clear","Dry","Dark","-3.0","16.6","3200","57232","18.0","32%","21.8","Heating UP","Opened","7.474","230","Safe","Calm","0.0","66","11.4","2.9","1005.5","1017.4"
"2026-09-23","23:05:13","Clear","Dry","Dark","-3.0","16.7","3328","57232","18.0","33%","21.9","","Opened","7.326","230","Safe","Calm","0.0","66","11.4","2.9","1005.6","1017.4"
"2026-09-23","23:05:23","Clear","Dry","Dark","-3.1","16.6","3328","57232","17.9","33%","22.0","","Opened","7.276","230","Safe","Calm","0.0","66","11.4","2.9","1005.6","1017.4"
"2026-09-23","23:05:33","Clear","Dry","Dark","-2.9","16.6","3328","57232","18.0","33%","22.0","","Opened","7.354","230","Safe","Calm","0.0","66","11.4","3.0","1005.6","1017.4"
"2026-09-23","23:05:43","Clear","Dry","Dark","-3.0","16.6","3328","57232","18.0","33%","22.0","","Opened","7.445","230","Safe","Calm","0.0","66","11.5","3.0","1005.5","1017.4"
"2026-09-23","23:05:53","Clear","Dry","Dark","-3.1","16.7","3328","57232","18.0","33%","22.0","","Opened","7.373","230","Safe","Calm","0.0","66","11.5","2.9","1005.5","1017.4"
"2026-09-23","23:06:03","Clear","Dry","Dark","-2.9","16.7","3328","57232","18.0","33%","22.0","","Opened","7.335","230","Safe","Calm","0.0","66","11.5","3.1","1005.6","1017.4"
"2026-09-23","23:06:13","Clear","Dry","Dark","-3.0","16.6","3328","57232","18.0","33%","22.1","","Opened","7.266","230","Safe","Calm","0.0","66","11.5","2.9","1005.6","1017.5"
"2026-09-23","23:06:23","Clear","Dry","Dark","-3.0","16.7","3328","57232","18.0","33%","22.1","","Opened","7.351","230","Safe","Calm","0.0","66","11.4","2.9","1005.5","1017.4"
"2026-09-23","23:06:33","Clear","Dry","Dark","-2.9","16.7","3328","57232","18.0","33%","22.1","","Opened","7.301","230","Safe","Calm","0.0","66","11.5","3.1","1005.5","1017.4"
"2026-09-23","23:06:43","Clear","Dry","Dark","-2.9","16.7","3328","57232","18.0","33%","22.1","","Opened","7.511","230","Safe","Calm","0.0","66","11.5","3.0","1005.5","1017.4"
"2026-09-23","23:06:53","Clear","Dry","Dark","-2.9","16.7","3328","57232","18.0","33%","22.2","","Opened","7.318","230","Safe","Calm","0.0","66","11.5","3.1","1005.5","1017.4"
"2026-09-23","23:07:03","Clear","Dry","Dark","-2.9","16.7","3328","57232","18.0","33%","22.1","","Opened","7.389","230","Safe","Calm","0.0","66","11.5","3.1","1005.6","1017.4"
"2026-09-23","23:07:13","Clear","Dry","Dark","-3.0","16.7","3328","57232","18.0","33%","22.1","","Opened","7.338","230","Safe","Calm","0.0","66","11.5","3.0","1005.6","1017.5"
"2026-09-23","23:07:23","Clear","Dry","Dark","-2.8","16.7","3328","57232","18.0","33%","22.1","","Opened","7.285","230","Safe","Calm","0.0","66","11.5","3.2","1005.5","1017.4"
"2026-09-23","23:07:33","Clear","Dry","Dark","-2.8","16.7","3328","57232","18.0","33%","22.1","","Opened","7.344","230","Safe","Calm","0.0","66","11.5","3.2","1005.6","1017.4"
"2026-09-23","23:07:43","Clear","Dry","Dark","-3.0","16.7","3328","57232","18.0","33%","22.1","","Opened","7.435","230","Safe","Calm","0.0","66","11.5","3.0","1005.6","1017.4"
"2026-09-23","23:07:53","Clear","Dry","Dark","-3.0","16.7","3328","57232","18.0","33%","22.1","","Opened","7.373","230","Safe","Calm","0.0","66","11.5","3.0","1005.6","1017.4"
"2026-09-23","23:08:03","Clear","Dry","Dark","-2.7","16.8","3328","57232","18.0","33%","22.1","","Opened","7.322","230","Safe","Calm","0.0","66","11.5","3.3","1005.6","1017.4"
"2026-09-23","23:08:13","Clear","Dry","Dark","-2.9","16.8","3328","57232","18.1","33%","22.1","","Opened","7.385","230","Safe","Calm","0.0","66","11.5","3.1","1005.5","1017.4"
"2026-09-23","23:08:23","Clear","Dry","Dark","-2.9","16.8","3328","57232","18.1","33%","22.0","Heating UP","Opened","7.453","230","Safe","Calm","0.0","66","11.6","3.1","1005.6","1017.4"
"2026-09-23","23:08:33","Clear","Dry","Dark","-3.0","16.8","3200","57232","18.1","34%","22.1","","Opened","7.334","230","Safe","Calm","0.0","66","11.5","3.0","1005.6","1017.4"
"2026-09-23","23:08:43","Clear","Dry","Dark","-2.8","16.8","3200","57232","18.1","34%","22.1","","Opened","7.411","230","Safe","Calm","0.0","66","11.5","3.2","1005.6","1017.5"
"2026-09-23","23:08:53","Clear","Dry","Dark","-2.8","16.8","3200","57232","18.1","34%","22.1","","Opened","7.363","230","Safe","Calm","0.0","66","11.5","3.3","1005.5","1017.4"
"2026-09-23","23:09:03","Clear","Dry","Dark","-3.1","16.8","3200","57232","18.1","34%","22.1","","Opened","7.311","230","Safe","Calm","0.0","66","11.5","2.9","1005.6","1017.4"
"2026-09-23","23:09:13","Clear","Dry","Dark","-3.0","16.8","3200","57232","18.1","34%","22.1","","Opened","7.375","230","Safe","Calm","0.0","66","11.5","3.0","1005.6","1017.4"
"2026-09-23","23:09:23","Clear","Dry","Dark","-3.0","16.8","3200","57232","18.1","34%","22.2","","Opened","7.318","230","Safe","Calm","0.0","66","11.6","3.1","1005.6","1017.4"
"2026-09-23","23:09:33","Clear","Dry","Dark","-2.9","16.8","3200","57232","18.1","34%","22.2","","Opened","7.394","230","Safe","Calm","0.0","66","11.6","3.1","1005.6","1017.4"
"2026-09-23","23:09:43","Clear","Dry","Dark","-3.0","16.8","3200","57232","18.1","34%","22.2","","Opened","7.483","230","Safe","Calm","0.0","66","11.6","3.0","1005.6","1017.4"
"2026-09-23","23:09:53","Clear","Dry","Dark","-2.9","16.8","3200","57232","18.1","34%","22.2","","Opened","7.289","230","Safe","Calm","0.0","66","11.6","3.1","1005.6","1017.4"
"2026-09-23","23:10:03","Clear","Dry","Dark","-2.9","16.8","3200","57232","18.1","34%","22.2","","Opened","7.377","230","Safe","Calm","0.0","66","11.6","3.1","1005.6","1017.4"
"2026-09-23","23:10:13","Clear","Dry","Dark","-3.1","16.8","3200","57232","18.1","34%","22.2","","Opened","7.309","230","Safe","Calm","0.0","66","11.6","3.0","1005.6","1017.4"
"2026-09-23","23:10:23","Clear","Dry","Dark","-2.9","16.9","3200","57232","18.1","34%","22.2","","Opened","7.381","230","Safe","Calm","0.0","66","11.6","3.2","1005.6","1017.4"
"2026-09-23","23:10:33","Clear","Dry","Dark","-3.2","16.9","3200","57232","18.2","34%","22.2","","Opened","7.341","230","Safe","Calm","0.0","66","11.6","2.9","1005.6","1017.4"
"2026-09-23","23:10:43","Clear","Dry","Dark","-3.0","16.8","3200","57232","18.1","34%","22.3","","Opened","7.430","230","Safe","Calm","0.0","66","11.6","3.1","1005.6","1017.4"
"2026-09-23","23:10:53","Clear","Dry","Dark","-2.9","16.9","3200","57232","18.1","34%","22.3","","Opened","7.370","230","Safe","Calm","0.0","66","11.6","3.1","1005.6","1017.5"
"2026-09-23","23:11:03","Clear","Dry","Dark","-3.0","16.9","3200","57232","18.2","34%","22.3","","Opened","7.333","230","Safe","Calm","0.0","66","11.6","3.1","1005.6","1017.5"
"2026-09-23","23:11:13","Clear","Dry","Dark","-3.0","16.9","3200","57232","18.2","34%","22.3","","Opened","7.275","230","Safe","Calm","0.0","66","11.6","3.1","1005.7","1017.5"
"2026-09-23","23:11:23","Clear","Dry","Dark","-3.1","16.9","3200","57232","18.2","34%","22.2","","Opened","7.346","230","Safe","Calm","0.0","66","11.6","3.0","1005.6","1017.4"
"2026-09-23","23:11:33","Clear","Dry","Dark","-3.1","16.9","3200","57232","18.2","34%","22.2","","Opened","7.294","230","Safe","Calm","0.0","66","11.6","2.9","1005.5","1017.4"
"2026-09-23","23:11:43","Clear","Dry","Dark","-3.1","16.9","3200","57232","18.2","34%","22.3","","Opened","7.489","230","Safe","Calm","0.0","66","11.6","3.0","1005.6","1017.4"
"2026-09-23","23:11:53","Clear","Dry","Dark","-3.0","16.8","3200","57232","18.2","34%","22.3","","Opened","7.304","230","Safe","Calm","0.0","66","11.6","3.1","1005.6","1017.5"
"2026-09-23","23:12:03","Clear","Dry","Dark","-3.1","16.8","3200","57232","18.2","34%","22.3","","Opened","7.276","230","Safe","Calm","0.0","66","11.6","3.0","1005.6","1017.4"
"2026-09-23","23:12:13","Clear","Dry","Dark","-3.1","16.8","3200","57232","18.2","34%","22.3","","Opened","7.324","230","Safe","Calm","0.0","66","11.6","2.9","1005.6","1017.4"
"2026-09-23","23:12:23","Clear","Dry","Dark","-3.2","16.8","3200","57232","18.2","34%","22.3","","Opened","7.278","230","Safe","Calm","0.0","66","11.6","2.8","1005.6","1017.4"
"2026-09-23","23:12:33","Clear","Dry","Dark","-3.1","16.8","3200","57232","18.2","34%","22.4","","Opened","7.352","230","Safe","Calm","0.0","65","11.6","2.9","1005.5","1017.4"
"2026-09-23","23:12:43","Clear","Dry","Dark","-3.2","16.8","3200","57232","18.2","34%","22.5","","Opened","7.449","230","Safe","Calm","0.0","65","11.6","2.9","1005.5","1017.3"
"2026-09-23","23:12:53","Clear","Dry","Dark","-3.2","16.8","3200","57232","18.2","34%","22.5","","Opened","7.388","230","Safe","Calm","0.0","65","11.6","2.9","1005.6","1017.4"
"2026-09-23","23:13:03","Clear","Dry","Dark","-3.2","16.8","3200","57232","18.2","34%","22.6","","Opened","7.330","230","Safe","Calm","0.0","65","11.6","2.8","1005.6","1017.4"
"2026-09-23","23:13:13","Clear","Dry","Dark","-3.2","16.8","3200","57232","18.2","34%","22.5","","Opened","7.269","230","Safe","Calm","0.0","65","11.6","2.9","1005.5","1017.3"
"2026-09-23","23:13:23","Clear","Dry","Dark","-3.3","16.7","3200","57232","18.2","34%","22.6","","Opened","7.339","230","Safe","Calm","0.0","65","11.6","2.8","1005.5","1017.3"
"2026-09-23","23:13:33","Clear","Dry","Dark","-3.2","16.7","3200","57232","18.2","34%","22.6","","Opened","7.294","230","Safe","Calm","0.0","65","11.6","2.8","1005.5","1017.4"
"2026-09-23","23:13:43","Clear","Dry","Dark","-3.1","16.7","3200","57232","18.2","34%","22.6","","Opened","7.506","230","Safe","Calm","0.0","65","11.6","2.9","1005.6","1017.4"
"2026-09-23","23:13:53","Clear","Dry","Dark","-3.2","16.7","3200","57232","18.2","34%","22.6","","Opened","7.312","230","Safe","Calm","0.0","65","11.6","2.9","1005.6","1017.4"
"2026-09-23","23:14:03","Clear","Dry","Dark","-3.2","16.7","3200","57232","18.2","34%","22.6","","Opened","7.389","230","Safe","Calm","0.0","65","11.6","2.8","1005.6","1017.5"
"2026-09-23","23:14:13","Clear","Dry","Dark","-3.3","16.7","3200","57232","18.2","34%","22.6","","Opened","7.331","230","Safe","Calm","0.0","65","11.6","2.8","1005.5","1017.3"
"2026-09-23","23:14:23","Clear","Dry","Dark","-3.2","16.7","3200","57232","18.2","34%","22.6","","Opened","7.281","230","Safe","Calm","0.0","65","11.6","2.9","1005.5","1017.3"
"2026-09-23","23:14:33","Clear","Dry","Dark","-3.3","16.7","3200","57232","18.2","34%","22.6","","Opened","7.358","230","Safe","Calm","0.0","65","11.6","2.8","1005.6","1017.5"
"2026-09-23","23:14:43","Clear","Dry","Dark","-3.4","16.7","3200","57232","18.2","34%","22.6","","Opened","7.438","230","Safe","Calm","0.0","65","11.5","2.7","1005.6","1017.4"
"2026-09-23","23:14:53","Clear","Dry","Dark","-3.1","16.7","3200","57232","18.2","34%","22.6","","Opened","7.397","230","Safe","Calm","0.0","65","11.5","2.9","1005.6","1017.5"
"2026-09-23","23:15:03","Clear","Dry","Dark","-3.4","16.7","3200","57232","18.2","34%","22.5","","Opened","7.335","230","Safe","Calm","0.0","65","11.6","2.7","1005.6","1017.4"
"2026-09-23","23:15:13","Clear","Dry","Dark","-3.2","16.7","3200","57232","18.2","34%","22.5","","Opened","7.261","230","Safe","Calm","0.0","65","11.5","2.9","1005.5","1017.4"
"2026-09-23","23:15:23","Clear","Dry","Dark","-3.2","16.7","3200","57232","18.2","34%","22.5","","Opened","7.342","230","Safe","Calm","0.0","65","11.6","2.9","1005.6","1017.4"
"2026-09-23","23:15:33","Clear","Dry","Dark","-3.2","16.7","3200","57232","18.1","34%","22.4","","Opened","7.286","230","Safe","Calm","0.0","65","11.5","2.9","1005.6","1017.4"
"2026-09-23","23:15:43","Clear","Dry","Dark","-3.2","16.7","3200","57232","18.1","34%","22.4","","Opened","7.492","230","Safe","Calm","0.0","65","11.5","2.8","1005.6","1017.5"
"2026-09-23","23:15:53","Clear","Dry","Dark","-3.3","16.7","3200","57232","18.1","34%","22.4","","Opened","7.313","230","Safe","Calm","0.0","65","11.5","2.7","1005.6","1017.4"
"2026-09-23","23:16:03","Clear","Dry","Dark","-3.1","16.7","3200","57232","18.1","34%","22.4","","Opened","7.379","230","Safe","Calm","0.0","65","11.5","2.9","1005.6","1017.5"
"2026-09-23","23:16:13","Clear","Dry","Dark","-3.4","16.7","3200","57232","18.1","34%","22.4","","Opened","7.301","230","Safe","Calm","0.0","65","11.5","2.7","1005.6","1017.4"
"2026-09-23","23:16:23","Clear","Dry","Dark","-3.3","16.7","3200","57232","18.1","34%","22.4","","Opened","7.379","230","Safe","Calm","0.0","65","11.5","2.7","1005.6","1017.4"
"2026-09-23","23:16:33","Clear","Dry","Dark","-3.2","16.7","3200","57232","18.1","34%","22.4","","Opened","7.340","230","Safe","Calm","0.0","65","11.5","2.8","1005.6","1017.4"
"2026-09-23","23:16:43","Clear","Dry","Dark","-3.4","16.7","3200","57232","18.1","34%","22.4","","Opened","7.413","230","Safe","Calm","0.0","65","11.5","2.6","1005.6","1017.5"
"2026-09-23","23:16:53","Clear","Dry","Dark","-3.2","16.7","3200","57232","18.1","34%","22.4","","Opened","7.360","230","Safe","Calm","0.0","65","11.5","2.8","1005.6","1017.4"
"2026-09-23","23:17:03","Clear","Dry","Dark","-3.2","16.7","3200","57232","18.1","34%","22.4","","Opened","7.304","230","Safe","Calm","0.0","65","11.5","2.9","1005.6","1017.4"
"2026-09-23","23:17:13","Clear","Dry","Dark","-3.3","16.6","3200","57232","18.1","34%","22.4","","Opened","7.376","230","Safe","Calm","0.0","65","11.5","2.7","1005.6","1017.4"
"2026-09-23","23:17:23","Clear","Dry","Dark","-3.4","16.7","3200","57232","18.1","34%","22.5","","Opened","7.319","230","Safe","Calm","0.0","65","11.5","2.7","1005.6","1017.5"
"2026-09-23","23:17:33","Clear","Dry","Dark","-3.1","16.6","3200","57232","18.1","34%","22.5","","Opened","7.262","230","Safe","Calm","0.0","65","11.5","2.9","1005.6","1017.4"
"2026-09-23","23:17:43","Clear","Dry","Dark","-3.4","16.6","3200","57232","18.1","34%","22.6","","Opened","7.477","230","Safe","Calm","0.0","65","11.5","2.7","1005.6","1017.4"
"2026-09-23","23:17:53","Clear","Dry","Dark","-3.2","16.6","3200","57232","18.1","34%","22.6","","Opened","7.287","230","Safe","Calm","0.0","65","11.4","2.8","1005.4","1017.3"
"2026-09-23","23:18:03","Clear","Dry","Dark","-3.2","16.6","3200","57232","18.1","34%","22.6","","Opened","7.352","230","Safe","Calm","0.0","65","11.5","2.8","1005.6","1017.4"
"2026-09-23","23:18:13","Clear","Dry","Dark","-3.1","16.6","3200","57232","18.1","34%","22.5","","Opened","7.291","230","Safe","Calm","0.0","65","11.5","3.0","1005.6","1017.4"
"2026-09-23","23:18:23","Clear","Dry","Dark","-3.2","16.6","3200","57232","18.1","34%","22.5","","Opened","7.369","230","Safe","Calm","0.0","65","11.5","2.8","1005.6","1017.4"
"2026-09-23","23:18:33","Clear","Wet","Dark","-2.8","16.6","3199","57232","18.1","34%","22.4","","Opened","7.305","230","Safe","Calm","0.0","65","11.5","3.2","1005.6","1017.5"
"2026-09-23","23:18:43","Clear","Dry","Dark","-3.3","16.6","3200","57232","18.1","34%","22.4","","Opened","7.516","230","Safe","Calm","0.0","66","11.5","2.7","1005.6","1017.5"
"2026-09-23","23:18:53","Clear","Dry","Dark","-3.3","16.6","3200","57232","18.0","34%","22.4","","Opened","7.334","230","Safe","Calm","0.0","66","11.5","2.7","1005.6","1017.4"
"2026-09-23","23:19:03","Clear","Dry","Dark","-3.1","16.6","3200","57232","18.0","34%","22.4","","Opened","7.272","230","Safe","Calm","0.0","66","11.5","2.9","1005.6","1017.4"
"2026-09-23","23:19:13","Clear","Dry","Dark","-3.3","16.6","3200","57232","18.1","34%","22.4","","Opened","7.339","230","Safe","Calm","0.0","66","11.5","2.7","1005.6","1017.4"
"2026-09-23","23:19:23","Clear","Dry","Dark","-3.4","16.6","3200","57232","18.0","34%","22.5","","Opened","7.285","230","Safe","Calm","0.0","66","11.5","2.6","1005.6","1017.5"
"2026-09-23","23:19:33","Clear","Dry","Dark","-3.3","16.6","3200","57232","18.0","34%","22.5","","Opened","7.355","230","Safe","Calm","0.0","66","11.5","2.7","1005.6","1017.4"
"2026-09-23","23:19:43","Clear","Dry","Dark","-3.3","16.5","3200","57232","18.0","34%","22.6","Heating DOWN","Opened","7.554","230","Safe","Calm","0.0","66","11.5","2.7","1005.6","1017.5"
"2026-09-23","23:19:53","Clear","Dry","Dark","-3.3","16.5","3328","57232","18.0","33%","22.6","Heating DOWN","Opened","7.416","230","Safe","Calm","0.0","66","11.5","2.7","1005.6","1017.4"
"2026-09-23","23:20:03","Clear","Dry","Dark","-3.3","16.5","3200","57232","18.0","32%","22.4","","Opened","7.284","230","Safe","Calm","0.0","66","11.5","2.6","1005.6","1017.4"
"2026-09-23","23:20:13","Clear","Dry","Dark","-3.4","16.5","3200","57232","18.0","32%","22.4","","Opened","7.343","230","Safe","Calm","0.0","66","11.5","2.6","1005.6","1017.4"
"2026-09-23","23:20:23","Clear","Dry","Dark","-3.1","16.5","3200","57232","18.0","32%","22.4","","Opened","7.297","230","Safe","Calm","0.0","66","11.5","2.9","1005.6","1017.5"
"2026-09-23","23:20:33","Clear","Dry","Dark","-3.3","16.5","3200","57232","18.0","32%","22.3","","Opened","7.367","230","Safe","Calm","0.0","66","11.5","2.7","1005.6","1017.5"
"2026-09-23","23:20:43","Clear","Dry","Dark","-3.3","16.5","3200","57232","18.0","32%","22.3","","Opened","7.457","230","Safe","Calm","0.0","66","11.5","2.7","1005.6","1017.5"
"2026-09-23","23:20:53","Clear","Dry","Dark","-3.3","16.5","3200","57232","18.0","32%","22.3","","Opened","7.395","230","Safe","Calm","0.0","66","11.5","2.6","1005.6","1017.5"
"2026-09-23","23:21:03","Clear","Dry","Dark","-3.4","16.5","3200","57232","18.0","32%","22.3","","Opened","7.341","230","Safe","Calm","0.0","66","11.5","2.6","1005.6","1017.5"
"2026-09-23","23:21:13","Clear","Dry","Dark","-3.1","16.5","3200","57232","18.0","32%","22.4","","Opened","7.281","230","Safe","Calm","0.0","66","11.5","2.9","1005.6","1017.5"
"2026-09-23","23:21:23","Clear","Dry","Dark","-3.4","16.5","3200","57232","18.0","32%","22.4","","Opened","7.365","230","Safe","Calm","0.0","66","11.5","2.6","1005.6","1017.5"
"2026-09-23","23:21:33","Clear","Dry","Dark","-3.3","16.5","3200","57232","18.0","32%","22.4","","Opened","7.323","230","Safe","Calm","0.0","66","11.5","2.7","1005.6","1017.4"
"2026-09-23","23:21:43","Clear","Dry","Dark","-3.4","16.4","3200","57232","18.0","32%","22.4","","Opened","7.515","230","Safe","Calm","0.0","66","11.5","2.6","1005.6","1017.5"
"2026-09-23","23:21:53","Clear","Dry","Dark","-3.4","16.5","3200","57232","18.0","32%","22.4","","Opened","7.330","230","Safe","Calm","0.0","66","11.5","2.6","1005.7","1017.5"
"2026-09-23","23:22:03","Clear","Dry","Dark","-3.3","16.4","3200","57232","18.0","32%","22.3","","Opened","7.389","230","Safe","Calm","0.0","66","11.5","2.6","1005.6","1017.5"
"2026-09-23","23:22:13","Clear","Dry","Dark","-3.3","16.4","3200","57232","17.9","32%","22.3","","Opened","7.325","230","Safe","Calm","0.0","66","11.5","2.6","1005.6","1017.4"
"2026-09-23","23:22:23","Clear","Dry","Dark","-3.3","16.5","3200","57232","18.0","32%","22.1","","Opened","7.389","230","Safe","Calm","0.0","66","11.5","2.7","1005.6","1017.5"
"2026-09-23","23:22:33","Clear","Dry","Dark","-3.1","16.5","3200","57232","18.0","32%","22.1","","Opened","7.327","230","Safe","Calm","0.0","66","11.5","2.8","1005.6","1017.5"
"2026-09-23","23:22:43","Clear","Dry","Dark","-3.2","16.5","3200","57232","18.0","32%","22.1","","Opened","7.534","230","Safe","Calm","0.0","66","11.5","2.7","1005.6","1017.5"
"2026-09-23","23:22:53","Clear","Dry","Dark","-3.2","16.5","3200","57232","17.9","32%","22.0","","Opened","7.336","230","Safe","Calm","0.0","66","11.5","2.8","1005.7","1017.5"
"2026-09-23","23:23:03","Clear","Dry","Dark","-3.3","16.5","3200","57232","17.9","32%","22.0","","Opened","7.279","230","Safe","Calm","0.0","66","11.5","2.6","1005.6","1017.4"
"2026-09-23","23:23:13","Clear","Dry","Dark","-3.3","16.4","3200","57232","17.9","32%","22.0","","Opened","7.351","230","Safe","Calm","0.0","66","11.5","2.6","1005.6","1017.5"
"2026-09-23","23:23:23","Clear","Dry","Dark","-3.3","16.5","3200","57232","17.9","32%","21.9","","Opened","7.300","230","Safe","Calm","0.0","66","11.5","2.7","1005.6","1017.5"
"2026-09-23","23:23:33","Clear","Dry","Dark","-3.3","16.5","3200","57232","17.9","32%","22.0","","Opened","7.385","230","Safe","Calm","0.0","66","11.5","2.6","1005.6","1017.4"
"2026-09-23","23:23:43","Clear","Dry","Dark","-3.2","16.4","3200","57232","17.9","32%","22.0","","Opened","7.464","230","Safe","Calm","0.0","66","11.5","2.7","1005.6","1017.4"
"2026-09-23","23:23:53","Clear","Dry","Dark","-3.2","16.4","3200","57232","17.9","32%","22.0","","Opened","7.271","230","Safe","Calm","0.0","66","11.5","2.7","1005.6","1017.4"
"2026-09-23","23:24:03","Clear","Dry","Dark","-3.2","16.4","3200","57232","17.9","32%","22.1","","Opened","7.354","230","Safe","Calm","0.0","66","11.5","2.7","1005.6","1017.5"
"2026-09-23","23:24:13","Clear","Dry","Dark","-3.0","16.4","3200","57232","17.9","32%","22.0","","Opened","7.285","230","Safe","Calm","0.0","66","11.5","2.9","1005.6","1017.5"
"2026-09-23","23:24:23","Clear","Dry","Dark","-3.3","16.4","3200","57232","17.9","32%","22.0","","Opened","7.365","230","Safe","Calm","0.0","66","11.5","2.6","1005.7","1017.6"
"2026-09-23","23:24:33","Clear","Dry","Dark","-3.0","16.5","3200","57232","17.9","32%","22.0","","Opened","7.317","230","Safe","Calm","0.0","66","11.5","2.8","1005.6","1017.5"
"2026-09-23","23:24:43","Clear","Dry","Dark","-3.3","16.5","3200","57232","17.9","32%","22.0","","Opened","7.523","230","Safe","Calm","0.0","66","11.5","2.6","1005.6","1017.5"
"2026-09-23","23:24:53","Clear","Dry","Dark","-3.2","16.4","3200","57232","17.9","32%","22.0","","Opened","7.338","230","Safe","Calm","0.0","66","11.5","2.7","1005.6","1017.5"
"2026-09-23","23:25:03","Clear","Dry","Dark","-3.0","16.4","3200","57232","17.9","32%","22.0","","Opened","7.288","230","Safe","Calm","0.0","66","11.5","2.9","1005.6","1017.5"
"2026-09-23","23:25:13","Clear","Dry","Dark","-3.2","16.5","3200","57232","17.9","32%","22.0","","Opened","7.333","230","Safe","Calm","0.0","66","11.5","2.6","1005.6","1017.5"
"2026-09-23","23:25:23","Clear","Dry","Dark","-3.1","16.5","3200","57232","17.9","32%","21.9","","Opened","7.284","230","Safe","Calm","0.0","66","11.5","2.7","1005.6","1017.4"
"2026-09-23","23:25:33","Clear","Dry","Dark","-3.3","16.4","3200","57232","17.9","32%","21.9","","Opened","7.354","230","Safe","Calm","0.0","66","11.5","2.6","1005.6","1017.4"
"2026-09-23","23:25:43","Clear","Dry","Dark","-3.2","16.4","3200","57232","17.8","32%","21.9","","Opened","7.423","230","Safe","Calm","0.0","66","11.5","2.6","1005.8","1017.6"
"2026-09-23","23:25:53","Clear","Dry","Dark","-3.3","16.4","3200","57232","17.9","32%","21.9","","Opened","7.360","230","Safe","Calm","0.0","66","11.5","2.6","1005.6","1017.5"
"2026-09-23","23:26:03","Clear","Dry","Dark","-3.1","16.4","3200","57232","17.8","32%","21.9","","Opened","7.301","230","Safe","Calm","0.0","66","11.5","2.8","1005.7","1017.6"
"2026-09-23","23:26:13","Clear","Dry","Dark","-3.3","16.4","3200","57232","17.9","32%","21.9","","Opened","7.367","230","Safe","Calm","0.0","66","11.5","2.6","1005.6","1017.4"
"2026-09-23","23:26:23","Clear","Dry","Dark","-3.2","16.4","3200","57232","17.9","32%","22.0","","Opened","7.313","230","Safe","Calm","0.0","66","11.5","2.7","1005.6","1017.5"
"2026-09-23","23:26:33","Clear","Dry","Dark","-3.2","16.4","3200","57232","17.8","32%","22.0","","Opened","7.394","230","Safe","Calm","0.0","66","11.5","2.7","1005.6","1017.4"
"2026-09-23","23:26:43","Clear","Dry","Dark","-3.2","16.4","3200","57232","17.9","32%","21.9","","Opened","7.475","230","Safe","Calm","0.0","66","11.5","2.7","1005.6","1017.5"
"2026-09-23","23:26:53","Clear","Dry","Dark","-3.2","16.4","3200","57232","17.8","32%","21.9","","Opened","7.291","230","Safe","Calm","0.0","66","11.5","2.7","1005.6","1017.5"
"2026-09-23","23:27:03","Clear","Dry","Dark","-3.1","16.4","3200","57232","17.8","32%","21.9","","Opened","7.368","230","Safe","Calm","0.0","66","11.5","2.7","1005.6","1017.5"
"2026-09-23","23:27:13","Clear","Dry","Dark","-3.2","16.4","3200","57232","17.8","32%","21.9","","Opened","7.303","230","Safe","Calm","0.0","66","11.5","2.6","1005.6","1017.5"
"2026-09-23","23:27:23","Clear","Dry","Dark","-3.1","16.4","3200","57232","17.8","32%","21.9","","Opened","7.384","230","Safe","Calm","0.0","66","11.5","2.8","1005.6","1017.5"
"2026-09-23","23:27:33","Clear","Dry","Dark","-3.3","16.4","3200","57232","17.8","32%","21.9","","Opened","7.307","230","Safe","Calm","0.0","66","11.5","2.6","1005.6","1017.5"
"2026-09-23","23:27:43","Clear","Dry","Dark","-3.1","16.4","3200","57232","17.8","32%","21.9","","Opened","7.529","230","Safe","Calm","0.0","66","11.5","2.7","1005.6","1017.4"
"2026-09-23","23:27:53","Clear","Dry","Dark","-3.2","16.4","3200","57232","17.8","32%","21.9","","Opened","7.331","230","Safe","Calm","0.0","66","11.5","2.6","1005.6","1017.5"
"2026-09-23","23:28:03","Clear","Dry","Dark","-3.1","16.4","3200","57232","17.8","32%","21.9","","Opened","7.394","230","Safe","Calm","0.0","66","11.5","2.7","1005.7","1017.6"
"2026-09-23","23:28:13","Clear","Dry","Dark","-3.1","16.4","3200","57232","17.8","32%","21.9","","Opened","7.336","230","Safe","Calm","0.0","66","11.5","2.7","1005.6","1017.5"
"2026-09-23","23:28:23","Clear","Dry","Dark","-3.2","16.4","3200","57232","17.8","32%","21.9","","Opened","7.281","230","Safe","Calm","0.0","66","11.5","2.7","1005.6","1017.5"
"2026-09-23","23:28:33","Clear","Dry","Dark","-3.0","16.4","3200","57232","17.8","32%","21.9","","Opened","7.347","230","Safe","Calm","0.0","66","11.5","2.9","1005.6","1017.5"
"2026-09-23","23:28:43","Clear","Dry","Dark","-3.3","16.4","3200","57232","17.8","32%","21.9","","Opened","7.431","230","Safe","Calm","0.0","67","11.5","2.6","1005.6","1017.5"
"2026-09-23","23:28:53","Clear","Dry","Dark","-3.1","16.4","3200","57232","17.8","32%","21.9","","Opened","7.381","230","Safe","Calm","0.0","66","11.5","2.8","1005.7","1017.6"
"2026-09-23","23:29:03","Clear","Dry","Dark","-3.1","16.4","3200","57232","17.8","32%","21.9","","Opened","7.316","230","Safe","Calm","0.0","67","11.5","2.7","1005.7","1017.6"
"2026-09-23","23:29:13","Clear","Dry","Dark","-3.2","16.4","3200","57232","17.8","32%","21.9","","Opened","7.258","230","Safe","Calm","0.0","67","11.5","2.6","1005.6","1017.5"
"2026-09-23","23:29:23","Clear","Dry","Dark","-3.0","16.4","3200","57232","17.8","32%","21.9","","Opened","7.334","230","Safe","Calm","0.0","67","11.5","2.9","1005.6","1017.5"
"2026-09-23","23:29:33","Clear","Dry","Dark","-3.1","16.4","3200","57232","17.8","32%","21.8","","Opened","7.282","230","Safe","Calm","0.0","67","11.5","2.7","1005.6","1017.5"
"2026-09-23","23:29:43","Clear","Dry","Dark","-3.0","16.4","3200","57232","17.8","32%","21.8","","Opened","7.497","230","Safe","Calm","0.0","67","11.5","2.9","1005.6","1017.5"
"2026-09-23","23:29:53","Clear","Dry","Dark","-3.0","16.4","3200","57232","17.8","32%","21.8","","Opened","7.305","230","Safe","Calm","0.0","67","11.6","2.8","1005.7","1017.6"
"2026-09-23","23:30:03","Clear","Dry","Dark","-3.1","16.4","3200","57232","17.8","32%","21.7","Heating UP","Opened","7.499","230","Safe","Calm","0.0","67","11.6","2.8","1005.6","1017.5"
"2026-09-23","23:30:13","Clear","Dry","Dark","-3.2","16.5","3328","57232","17.8","33%","21.7","Heating UP","Opened","7.473","230","Safe","Calm","0.0","67","11.6","2.6","1005.7","1017.6"
"2026-09-23","23:30:23","Clear","Dry","Dark","-3.1","16.4","3200","57232","17.8","34%","21.7","Heating UP","Opened","7.478","230","Safe","Calm","0.0","67","11.6","2.7","1005.6","1017.5"
"2026-09-23","23:30:33","Clear","Dry","Dark","-2.9","16.5","3200","57232","17.8","35%","21.7","Heating UP","Opened","7.466","230","Safe","Calm","0.0","67","11.6","2.9","1005.6","1017.5"
"2026-09-23","23:30:44","Clear","Dry","Dark","-3.2","16.5","3200","57232","17.8","36%","21.7","Heating UP","Opened","7.601","230","Safe","Calm","0.0","67","11.6","2.6","1005.7","1017.6"
"2026-09-23","23:30:53","Clear","Dry","Dark","-3.1","16.5","3328","57232","17.8","37%","21.8","","Opened","7.339","230","Safe","Calm","0.0","67","11.6","2.7","1005.6","1017.5"
"2026-09-23","23:31:03","Clear","Dry","Dark","-3.2","16.4","3328","57232","17.8","37%","21.8","","Opened","7.288","230","Safe","Calm","0.0","67","11.6","2.6","1005.6","1017.5"
"2026-09-23","23:31:13","Clear","Dry","Dark","-3.0","16.4","3328","57232","17.8","37%","21.9","","Opened","7.338","230","Safe","Calm","0.0","67","11.6","2.8","1005.7","1017.6"
"2026-09-23","23:31:23","Clear","Dry","Dark","-3.0","16.4","3328","57232","17.8","37%","21.9","","Opened","7.292","230","Safe","Calm","0.0","67","11.6","2.8","1005.6","1017.5"
"2026-09-23","23:31:33","Clear","Dry","Dark","-3.2","16.5","3328","57232","17.8","37%","21.9","","Opened","7.376","230","Safe","Calm","0.0","67","11.6","2.6","1005.6","1017.5"
"2026-09-23","23:31:43","Clear","Dry","Dark","-3.1","16.4","3328","57232","17.8","37%","22.0","","Opened","7.454","230","Safe","Calm","0.0","67","11.6","2.7","1005.7","1017.6"
"2026-09-23","23:31:53","Clear","Dry","Dark","-3.0","16.4","3328","57232","17.8","37%","22.1","","Opened","7.273","230","Safe","Calm","0.0","67","11.6","2.8","1005.6","1017.5"
"2026-09-23","23:32:03","Clear","Dry","Dark","-3.2","16.4","3328","57232","17.8","37%","22.1","","Opened","7.346","230","Safe","Calm","0.0","67","11.6","2.6","1005.7","1017.6"
"2026-09-23","23:32:13","Clear","Dry","Dark","-3.0","16.4","3328","57232","17.8","37%","22.2","","Opened","7.282","230","Safe","Calm","0.0","67","11.6","2.9","1005.6","1017.5"
"2026-09-23","23:32:23","Clear","Dry","Dark","-3.2","16.4","3328","57232","17.8","37%","22.1","","Opened","7.361","230","Safe","Calm","0.0","67","11.6","2.6","1005.6","1017.5"
"2026-09-23","23:32:33","Clear","Dry","Dark","-3.1","16.4","3328","57232","17.8","37%","22.2","","Opened","7.296","230","Safe","Calm","0.0","67","11.6","2.7","1005.6","1017.5"
"2026-09-23","23:32:43","Clear","Dry","Dark","-3.1","16.4","3328","57232","17.8","37%","22.2","","Opened","7.511","230","Safe","Calm","0.0","67","11.6","2.8","1005.6","1017.5"
"2026-09-23","23:32:53","Clear","Dry","Dark","-3.0","16.4","3328","57232","17.8","37%","22.2","","Opened","7.336","230","Safe","Calm","0.0","67","11.6","2.9","1005.6","1017.5"
"2026-09-23","23:33:03","Clear","Dry","Dark","-3.0","16.5","3328","57232","17.8","37%","22.2","","Opened","7.285","230","Safe","Calm","0.0","67","11.6","2.8","1005.7","1017.6"
"2026-09-23","23:33:13","Clear","Dry","Dark","-3.0","16.5","3328","57232","17.8","37%","22.2","","Opened","7.339","230","Safe","Calm","0.0","67","11.6","2.8","1005.6","1017.5"
"2026-09-23","23:33:23","Clear","Dry","Dark","-2.8","16.5","3328","57232","17.8","37%","22.2","","Opened","7.306","230","Safe","Calm","0.0","67","11.6","3.0","1005.7","1017.6"
"2026-09-23","23:33:33","Clear","Dry","Dark","-3.2","16.5","3328","57232","17.8","37%","22.2","","Opened","7.373","230","Safe","Calm","0.0","67","11.6","2.6","1005.6","1017.5"
"2026-09-23","23:33:43","Clear","Dry","Dark","-3.1","16.5","3328","57232","17.8","37%","22.2","","Opened","7.462","230","Safe","Calm","0.0","67","11.6","2.7","1005.6","1017.5"
"2026-09-23","23:33:53","Clear","Dry","Dark","-3.1","16.5","3328","57232","17.8","37%","22.2","","Opened","7.278","230","Safe","Calm","0.0","67","11.6","2.8","1005.8","1017.6"
"2026-09-23","23:34:03","Clear","Dry","Dark","-2.8","16.5","3328","57232","17.8","37%","22.2","","Opened","7.352","230","Safe","Calm","0.0","67","11.6","3.0","1005.6","1017.5"
"2026-09-23","23:34:13","Clear","Dry","Dark","-3.2","16.5","3328","57232","17.8","37%","22.2","","Opened","7.290","230","Safe","Calm","0.0","67","11.6","2.7","1005.6","1017.5"
"2026-09-23","23:34:23","Clear","Dry","Dark","-3.0","16.5","3328","57232","17.8","37%","22.2","","Opened","7.353","230","Safe","Calm","0.0","67","11.6","2.8","1005.6","1017.5"
"2026-09-23","23:34:33","Clear","Dry","Dark","-3.0","16.5","3328","57232","17.8","37%","22.2","","Opened","7.311","230","Safe","Calm","0.0","67","11.6","2.8","1005.6","1017.5"
"2026-09-23","23:34:43","Clear","Dry","Dark","-3.0","16.5","3328","57232","17.8","37%","22.2","","Opened","7.529","230","Safe","Calm","0.0","67","11.6","2.8","1005.6","1017.5"
"2026-09-23","23:34:53","Clear","Dry","Dark","-2.9","16.5","3328","57232","17.8","37%","22.2","","Opened","7.332","230","Safe","Calm","0.0","67","11.6","2.9","1005.6","1017.4"
"2026-09-23","23:35:03","Clear","Dry","Dark","-2.9","16.5","3327","57232","17.8","37%","22.2","","Opened","7.282","230","Safe","Calm","0.0","67","11.6","2.9","1005.6","1017.5"
"2026-09-23","23:35:13","Clear","Dry","Dark","-2.9","16.5","3328","57232","17.8","37%","22.3","","Opened","7.347","230","Safe","Calm","0.0","67","11.6","2.9","1005.7","1017.6"
"2026-09-23","23:35:23","Clear","Dry","Dark","-3.0","16.5","3328","57232","17.8","37%","22.2","","Opened","7.301","230","Safe","Calm","0.0","67","11.6","2.8","1005.7","1017.6"
"2026-09-23","23:35:33","Clear","Dry","Dark","-3.0","16.5","3328","57232","17.8","37%","22.2","","Opened","7.377","230","Safe","Calm","0.0","67","11.6","2.8","1005.7","1017.6"
"2026-09-23","23:35:43","Clear","Dry","Dark","-2.9","16.5","3328","57232","17.8","37%","22.2","","Opened","7.464","230","Safe","Calm","0.0","67","11.6","3.0","1005.6","1017.5"
"2026-09-23","23:35:53","Clear","Dry","Dark","-3.1","16.6","3328","57232","17.8","37%","22.2","","Opened","7.276","230","Safe","Calm","0.0","67","11.6","2.7","1005.7","1017.6"
"2026-09-23","23:36:03","Clear","Dry","Dark","-3.0","16.5","3328","57232","17.8","37%","22.2","","Opened","7.350","230","Safe","Calm","0.0","67","11.7","2.8","1005.7","1017.6"
"2026-09-23","23:36:13","Clear","Dry","Dark","-2.9","16.6","3328","57232","17.8","37%","22.2","","Opened","7.293","230","Safe","Calm","0.0","67","11.7","2.9","1005.7","1017.6"
"2026-09-23","23:36:23","Clear","Dry","Dark","-3.1","16.5","3328","57232","17.8","37%","22.2","","Opened","7.362","230","Safe","Calm","0.0","67","11.7","2.7","1005.6","1017.5"
"2026-09-23","23:36:33","Clear","Dry","Dark","-3.1","16.5","3328","57232","17.8","37%","22.2","","Opened","7.318","230","Safe","Calm","0.0","67","11.7","2.8","1005.6","1017.5"
"2026-09-23","23:36:44","Clear","Dry","Dark","-3.0","16.6","3328","57232","17.8","37%","22.3","","Opened","7.536","230","Safe","Calm","0.0","68","11.7","2.8","1005.7","1017.6"
"2026-09-23","23:36:53","Clear","Dry","Dark","-3.2","16.5","3328","57232","17.8","37%","22.3","","Opened","7.347","230","Safe","Calm","0.0","68","11.7","2.7","1005.7","1017.6"
"2026-09-23","23:37:03","Clear","Dry","Dark","-3.0","16.5","3328","57232","17.8","37%","22.4","Heating DOWN","Opened","7.405","230","Safe","Calm","0.0","68","11.7","2.8","1005.7","1017.6"
"2026-09-23","23:37:13","Clear","Dry","Dark","-3.1","16.5","3200","57232","17.8","36%","22.4","Heating DOWN","Opened","7.386","230","Safe","Calm","0.0","68","11.7","2.7","1005.7","1017.6"
"2026-09-23","23:37:23","Clear","Dry","Dark","-3.1","16.5","3200","57232","17.7","35%","22.4","Heating DOWN","Opened","7.505","230","Safe","Calm","0.0","68","11.7","2.7","1005.6","1017.5"
"2026-09-23","23:37:33","Clear","Dry","Dark","-3.0","16.5","3200","57232","17.8","34%","22.4","Heating DOWN","Opened","7.479","230","Safe","Calm","0.0","68","11.7","2.8","1005.8","1017.6"
"2026-09-23","23:37:43","Clear","Dry","Dark","-2.9","16.5","3328","57232","17.8","33%","22.3","","Opened","7.504","230","Safe","Calm","0.0","68","11.7","2.9","1005.7","1017.6"
"2026-09-23","23:37:53","Clear","Dry","Dark","-3.0","16.5","3328","57232","17.8","33%","22.2","","Opened","7.312","230","Safe","Calm","0.0","68","11.7","2.8","1005.6","1017.5"
"2026-09-23","23:38:03","Clear","Dry","Dark","-3.1","16.5","3328","57232","17.8","33%","22.2","","Opened","7.367","230","Safe","Calm","0.0","68","11.7","2.7","1005.6","1017.5"
"2026-09-23","23:38:13","Clear","Dry","Dark","-2.9","16.5","3328","57232","17.8","33%","22.2","","Opened","7.305","230","Safe","Calm","0.0","68","11.7","2.9","1005.6","1017.5"
"2026-09-23","23:38:23","Clear","Dry","Dark","-2.9","16.6","3328","57232","17.8","33%","22.1","","Opened","7.384","230","Safe","Calm","0.0","68","11.7","2.9","1005.6","1017.5"
"2026-09-23","23:38:33","Clear","Dry","Dark","-3.0","16.6","3328","57232","17.7","33%","22.0","","Opened","7.330","230","Safe","Calm","0.0","68","11.7","2.8","1005.7","1017.6"
"2026-09-23","23:38:43","Clear","Dry","Dark","-3.0","16.5","3328","57232","17.8","33%","22.0","","Opened","7.420","230","Safe","Calm","0.0","68","11.7","2.8","1005.6","1017.5"
"2026-09-23","23:38:53","Clear","Dry","Dark","-3.0","16.6","3328","57232","17.7","33%","22.0","","Opened","7.355","230","Safe","Calm","0.0","68","11.7","2.8","1005.6","1017.5"
"2026-09-23","23:39:03","Clear","Dry","Dark","-3.0","16.6","3328","57232","17.8","33%","22.0","","Opened","7.311","230","Safe","Calm","0.0","68","11.7","2.8","1005.7","1017.6"
"2026-09-23","23:39:13","Clear","Dry","Dark","-3.0","16.5","3328","57232","17.7","33%","22.0","","Opened","7.372","230","Safe","Calm","0.0","68","11.7","2.8","1005.6","1017.5"
"2026-09-23","23:39:23","Clear","Dry","Dark","-3.0","16.5","3328","57232","17.8","33%","22.0","","Opened","7.310","230","Safe","Calm","0.0","68","11.7","2.8","1005.7","1017.6"
"2026-09-23","23:39:33","Clear","Dry","Dark","-2.9","16.5","3328","57232","17.8","33%","22.0","","Opened","7.399","230","Safe","Calm","0.0","68","11.7","2.9","1005.6","1017.5"
"2026-09-23","23:39:43","Clear","Dry","Dark","-3.1","16.5","3328","57232","17.8","33%","22.1","","Opened","7.478","230","Safe","Calm","0.0","68","11.7","2.8","1005.7","1017.6"
"2026-09-23","23:39:53","Clear","Dry","Dark","-2.9","16.5","3328","57232","17.7","33%","22.1","","Opened","7.289","230","Safe","Calm","0.0","68","11.7","2.9","1005.8","1017.6"
"2026-09-23","23:40:03","Clear","Dry","Dark","-2.9","16.5","3328","57232","17.8","33%","22.0","","Opened","7.369","230","Safe","Calm","0.0","68","11.7","2.9","1005.6","1017.5"
"2026-09-23","23:40:13","Clear","Dry","Dark","-2.8","16.5","3328","57232","17.8","33%","22.0","","Opened","7.310","230","Safe","Calm","0.0","68","11.7","3.0","1005.6","1017.5"
"2026-09-23","23:40:23","Clear","Dry","Dark","-2.8","16.5","3328","57232","17.8","33%","22.0","","Opened","7.384","230","Safe","Calm","0.0","68","11.8","3.0","1005.7","1017.6"
"2026-09-23","23:40:33","Clear","Dry","Dark","-2.9","16.6","3328","57232","17.8","33%","21.9","","Opened","7.336","230","Safe","Calm","0.0","68","11.8","3.0","1005.7","1017.6"
"2026-09-23","23:40:43","Clear","Dry","Dark","-3.0","16.6","3328","57232","17.7","33%","21.9","","Opened","7.417","230","Safe","Calm","0.0","68","11.8","2.8","1005.6","1017.5"
"2026-09-23","23:40:53","Clear","Dry","Dark","-2.9","16.6","3328","57232","17.8","33%","21.9","","Opened","7.353","230","Safe","Calm","0.0","68","11.8","2.9","1005.7","1017.6"
"2026-09-23","23:41:03","Clear","Dry","Dark","-2.9","16.6","3328","57232","17.7","33%","21.8","","Opened","7.297","230","Safe","Calm","0.0","68","11.8","2.9","1005.6","1017.5"
"2026-09-23","23:41:13","Clear","Dry","Dark","-2.9","16.6","3328","57232","17.8","33%","21.8","","Opened","7.361","230","Safe","Calm","0.0","68","11.8","2.9","1005.7","1017.6"
"2026-09-23","23:41:23","Clear","Dry","Dark","-2.9","16.6","3328","57232","17.8","33%","21.8","","Opened","7.314","230","Safe","Calm","0.0","68","11.8","2.9","1005.8","1017.6"
"2026-09-23","23:41:33","Clear","Dry","Dark","-2.9","16.6","3328","57232","17.7","33%","21.7","Heating UP","Opened","7.509","230","Safe","Calm","0.0","68","11.8","2.9","1005.6","1017.5"
"2026-09-23","23:41:44","Clear","Dry","Dark","-2.9","16.6","3200","57232","17.7","34%","21.7","Heating UP","Opened","7.670","230","Safe","Calm","0.0","68","11.8","2.9","1005.6","1017.5"
"2026-09-23","23:41:53","Clear","Dry","Dark","-3.0","16.6","3200","57232","17.8","35%","21.7","Heating UP","Opened","7.485","230","Safe","Calm","0.0","68","11.8","2.9","1005.7","1017.6"
"2026-09-23","23:42:03","Clear","Dry","Dark","-2.9","16.6","3200","57232","17.7","36%","21.7","Heating UP","Opened","7.488","230","Safe","Calm","0.0","68","11.8","2.9","1005.7","1017.6"
"2026-09-23","23:42:13","Clear","Dry","Dark","-2.8","16.6","3328","57232","17.8","37%","21.7","Heating UP","Opened","7.460","230","Safe","Calm","0.0","68","11.8","3.0","1005.8","1017.6"
"2026-09-23","23:42:23","Clear","Dry","Dark","-2.9","16.6","3200","57232","17.8","38%","21.7","Heating UP","Opened","7.454","230","Safe","Calm","0.0","68","11.8","2.9","1005.7","1017.6"
"2026-09-23","23:42:33","Clear","Dry","Dark","-2.9","16.6","3200","57232","17.8","39%","21.7","Heating UP","Opened","7.455","230","Safe","Calm","0.0","68","11.8","2.9","1005.7","1017.6"
"2026-09-23","23:42:43","Clear","Dry","Dark","-2.7","16.6","3200","57232","17.8","40%","21.8","","Opened","7.470","230","Safe","Calm","0.0","68","11.8","3.1","1005.8","1017.7"
"2026-09-23","23:42:53","Clear","Dry","Dark","-2.8","16.6","3200","57232","17.8","40%","21.8","","Opened","7.281","230","Safe","Calm","0.0","68","11.8","3.0","1005.7","1017.6"
"2026-09-23","23:43:03","Clear","Dry","Dark","-2.9","16.6","3200","57232","17.7","40%","21.9","","Opened","7.357","230","Safe","Calm","0.0","68","11.8","2.9","1005.6","1017.5"
"2026-09-23","23:43:13","Clear","Dry","Dark","-3.0","16.6","3200","57232","17.8","40%","21.9","","Opened","7.291","230","Safe","Calm","0.0","68","11.8","2.8","1005.7","1017.6"
"2026-09-23","23:43:23","Clear","Dry","Dark","-2.9","16.6","3200","57232","17.8","40%","22.0","","Opened","7.374","230","Safe","Calm","0.0","68","11.8","3.0","1005.6","1017.5"
"2026-09-23","23:43:33","Clear","Dry","Dark","-2.9","16.6","3200","57232","17.8","40%","22.0","","Opened","7.322","230","Safe","Calm","0.0","68","11.9","2.9","1005.7","1017.6"
"2026-09-23","23:43:44","Clear","Dry","Dark","-2.9","16.6","3200","57232","17.7","40%","22.0","","Opened","7.539","230","Safe","Calm","0.0","68","11.8","2.9","1005.7","1017.6"
"2026-09-23","23:43:53","Clear","Dry","Dark","-2.9","16.7","3200","57232","17.8","40%","22.0","","Opened","7.350","230","Safe","Calm","0.0","68","11.9","2.9","1005.7","1017.6"
"2026-09-23","23:44:03","Clear","Dry","Dark","-3.0","16.7","3200","57232","17.8","40%","22.0","","Opened","7.306","230","Safe","Calm","0.0","68","11.9","2.9","1005.7","1017.6"
"2026-09-23","23:44:13","Clear","Dry","Dark","-2.9","16.7","3200","57232","17.8","40%","22.1","","Opened","7.369","230","Safe","Calm","0.0","68","11.9","2.9","1005.7","1017.6"
"2026-09-23","23:44:23","Clear","Dry","Dark","-2.8","16.7","3200","57232","17.7","40%","22.2","","Opened","7.318","230","Safe","Calm","0.0","68","11.9","3.0","1005.7","1017.6"
"2026-09-23","23:44:33","Clear","Dry","Dark","-2.9","16.7","3200","57232","17.8","40%","22.2","","Opened","7.392","230","Safe","Calm","0.0","68","11.9","2.9","1005.6","1017.5"
"2026-09-23","23:44:43","Clear","Dry","Dark","-2.8","16.7","3200","57232","17.8","40%","22.3","","Opened","7.478","230","Safe","Calm","0.0","68","11.9","3.0","1005.8","1017.6"
"2026-09-23","23:44:53","Clear","Dry","Dark","-2.8","16.7","3200","57232","17.8","40%","22.3","","Opened","7.292","230","Safe","Calm","0.0","68","11.9","3.0","1005.6","1017.5"
"2026-09-23","23:45:03","Clear","Dry","Dark","-2.9","16.7","3200","57232","17.8","40%","22.3","","Opened","7.371","230","Safe","Calm","0.0","68","11.9","3.0","1005.7","1017.6"
"2026-09-23","23:45:13","Clear","Dry","Dark","-3.0","16.6","3200","57232","17.8","40%","22.4","Heating DOWN","Opened","7.424","230","Safe","Calm","0.0","68","11.9","2.8","1005.6","1017.5"
"2026-09-23","23:45:23","Clear","Dry","Dark","-3.0","16.6","3200","57232","17.8","39%","22.5","Heating DOWN","Opened","7.401","230","Safe","Calm","0.0","68","11.9","2.8","1005.7","1017.6"
"2026-09-23","23:45:33","Clear","Dry","Dark","-2.9","16.6","3200","57232","17.8","38%","22.5","Heating DOWN","Opened","7.393","230","Safe","Calm","0.0","68","11.9","2.9","1005.6","1017.5"
"2026-09-23","23:45:44","Clear","Dry","Dark","-3.0","16.6","3328","57232","17.8","37%","22.5","Heating DOWN","Opened","7.530","230","Safe","Calm","0.0","68","11.9","2.9","1005.7","1017.6"
"2026-09-23","23:45:53","Clear","Dry","Dark","-2.9","16.6","3200","57232","17.8","36%","22.5","Heating DOWN","Opened","7.507","230","Safe","Calm","0.0","68","11.9","2.9","1005.6","1017.5"
"2026-09-23","23:46:03","Clear","Dry","Dark","-2.9","16.6","3200","57232","17.8","35%","22.5","Heating DOWN","Opened","7.506","230","Safe","Calm","0.0","68","11.9","3.0","1005.7","1017.6"
"2026-09-23","23:46:13","Clear","Dry","Dark","-2.8","16.7","3200","57232","17.8","34%","22.4","","Opened","7.371","230","Safe","Calm","0.0","68","11.9","3.0","1005.7","1017.6"
"2026-09-23","23:46:23","Clear","Dry","Dark","-2.9","16.7","3200","57232","17.8","34%","22.4","Heating DOWN","Opened","7.438","230","Safe","Calm","0.0","69","11.9","2.9","1005.8","1017.6"
"2026-09-23","23:46:33","Clear","Dry","Dark","-3.0","16.7","3328","57232","17.8","33%","22.4","Heating DOWN","Opened","7.429","230","Safe","Calm","0.0","68","11.9","2.9","1005.7","1017.6"
"2026-09-23","23:46:44","Clear","Dry","Dark","-3.0","16.7","3200","57232","17.8","32%","22.4","Heating DOWN","Opened","7.566","230","Safe","Calm","0.0","69","11.9","2.9","1005.7","1017.6"
"2026-09-23","23:46:53","Clear","Dry","Dark","-2.9","16.7","3200","57232","17.8","31%","22.4","Heating DOWN","Opened","7.416","230","Safe","Calm","0.0","68","11.9","2.9","1005.7","1017.6"
"2026-09-23","23:47:03","Clear","Dry","Dark","-3.0","16.7","3200","57232","17.8","30%","22.3","","Opened","7.293","230","Safe","Calm","0.0","68","11.9","2.9","1005.7","1017.6"
"2026-09-23","23:47:13","Clear","Dry","Dark","-2.9","16.7","3200","57232","17.8","30%","22.3","","Opened","7.352","230","Safe","Calm","0.0","68","11.9","2.9","1005.7","1017.6"
"2026-09-23","23:47:23","Clear","Dry","Dark","-2.8","16.7","3200","57232","17.8","30%","22.2","","Opened","7.291","230","Safe","Calm","0.0","69","11.9","3.0","1005.6","1017.5"
"2026-09-23","23:47:33","Clear","Dry","Dark","-2.9","16.7","3200","57232","17.8","30%","22.2","","Opened","7.348","230","Safe","Calm","0.0","69","11.9","2.9","1005.8","1017.7"
"2026-09-23","23:47:43","Clear","Dry","Dark","-2.9","16.7","3200","57232","17.8","30%","22.2","","Opened","7.436","230","Safe","Calm","0.0","69","11.9","3.0","1005.7","1017.6"
"2026-09-23","23:47:53","Clear","Dry","Dark","-2.9","16.7","3200","57232","17.8","30%","22.1","","Opened","7.370","230","Safe","Calm","0.0","69","11.9","2.9","1005.6","1017.5"
"2026-09-23","23:48:03","Clear","Dry","Dark","-2.9","16.7","3200","57232","17.8","30%","22.1","","Opened","7.321","230","Safe","Calm","0.0","68","11.9","3.0","1005.8","1017.6"
"2026-09-23","23:48:13","Clear","Dry","Dark","-3.0","16.7","3200","57232","17.8","30%","22.1","","Opened","7.382","230","Safe","Calm","0.0","68","11.9","2.8","1005.7","1017.6"
"2026-09-23","23:48:23","Clear","Dry","Dark","-2.9","16.7","3200","57232","17.8","30%","22.1","","Opened","7.338","230","Safe","Calm","0.0","68","11.9","2.9","1005.6","1017.5"
"2026-09-23","23:48:33","Clear","Dry","Dark","-2.9","16.7","3200","57232","17.8","30%","22.0","","Opened","7.278","230","Safe","Calm","0.0","68","11.9","3.0","1005.8","1017.6"
"2026-09-23","23:48:43","Clear","Dry","Dark","-2.8","16.7","3200","57232","17.8","30%","22.0","","Opened","7.492","230","Safe","Calm","0.0","68","11.9","3.0","1005.7","1017.6"
"2026-09-23","23:48:53","Clear","Dry","Dark","-2.7","16.7","3200","57232","17.8","30%","21.9","","Opened","7.309","230","Safe","Calm","0.0","69","12.0","3.2","1005.7","1017.6"
"2026-09-23","23:49:03","Clear","Dry","Dark","-2.9","16.7","3200","57232","17.8","30%","21.8","","Opened","7.389","230","Safe","Calm","0.0","69","12.0","2.9","1005.8","1017.6"
"2026-09-23","23:49:13","Clear","Dry","Dark","-2.9","16.7","3200","57232","17.8","30%","21.8","Heating UP","Opened","7.434","230","Safe","Calm","0.0","69","12.0","3.0","1005.7","1017.6"
"2026-09-23","23:49:23","Clear","Dry","Dark","-2.8","16.7","3200","57232","17.8","31%","21.7","Heating UP","Opened","7.435","230","Safe","Calm","0.0","69","12.0","3.1","1005.7","1017.6"
"2026-09-23","23:49:33","Clear","Dry","Dark","-2.9","16.7","3200","57232","17.8","32%","21.7","Heating UP","Opened","7.428","230","Safe","Calm","0.0","69","12.0","2.9","1005.6","1017.5"
"2026-09-23","23:49:44","Clear","Dry","Dark","-2.9","16.7","3328","57232","17.8","33%","21.7","Heating UP","Opened","7.573","230","Safe","Calm","0.0","69","12.0","3.0","1005.7","1017.6"
"2026-09-23","23:49:53","Clear","Dry","Dark","-2.9","16.7","3200","57232","17.8","34%","21.7","Heating UP","Opened","7.414","230","Safe","Calm","0.0","69","12.0","2.9","1005.6","1017.5"
"2026-09-23","23:50:03","Clear","Dry","Dark","-2.9","16.7","3200","57232","17.8","35%","21.7","Heating UP","Opened","7.415","230","Safe","Calm","0.0","69","12.0","3.0","1005.8","1017.6"
"2026-09-23","23:50:13","Clear","Dry","Dark","-2.9","16.7","3200","57232","17.8","36%","21.8","","Opened","7.272","230","Safe","Calm","0.0","69","12.0","3.0","1005.7","1017.6"
"2026-09-23","23:50:23","Clear","Dry","Dark","-2.8","16.8","3200","57232","17.9","36%","21.7","Heating UP","Opened","7.470","230","Safe","Calm","0.0","69","12.0","3.1","1005.7","1017.6"
"2026-09-23","23:50:33","Clear","Dry","Dark","-2.9","16.8","3328","57232","17.9","37%","21.7","Heating UP","Opened","7.462","230","Safe","Calm","0.0","69","12.0","3.0","1005.8","1017.6"
"2026-09-23","23:50:43","Clear","Dry","Dark","-3.0","16.8","3200","57232","17.9","38%","21.8","","Opened","7.476","230","Safe","Calm","0.0","69","12.0","2.9","1005.8","1017.6"
"2026-09-23","23:50:53","Clear","Dry","Dark","-2.9","16.8","3200","57232","17.8","38%","21.8","Heating UP","Opened","7.402","230","Safe","Calm","0.0","69","12.0","2.9","1005.7","1017.6"
"2026-09-23","23:51:03","Clear","Dry","Dark","-2.9","16.7","3200","57232","17.9","39%","21.8","Heating UP","Opened","7.401","230","Safe","Calm","0.0","69","12.0","2.9","1005.8","1017.7"
"2026-09-23","23:51:13","Clear","Dry","Dark","-3.1","16.7","3200","57232","17.9","40%","21.9","","Opened","7.258","230","Safe","Calm","0.0","69","12.0","2.8","1005.7","1017.6"
"2026-09-23","23:51:23","Clear","Dry","Dark","-3.1","16.7","3200","57232","17.9","40%","22.0","","Opened","7.331","230","Safe","Calm","0.0","69","12.0","2.8","1005.8","1017.6"
"2026-09-23","23:51:33","Clear","Dry","Dark","-2.9","16.7","3200","57232","17.9","40%","22.1","","Opened","7.285","230","Safe","Calm","0.0","69","12.0","3.0","1005.8","1017.6"
"2026-09-23","23:51:43","Clear","Dry","Dark","-3.0","16.7","3200","57232","17.9","40%","22.2","","Opened","7.500","230","Safe","Calm","0.0","69","12.0","2.9","1005.7","1017.6"
"2026-09-23","23:51:53","Clear","Dry","Dark","-2.9","16.7","3200","57232","17.9","40%","22.3","","Opened","7.316","230","Safe","Calm","0.0","69","12.1","3.0","1005.6","1017.5"
"2026-09-23","23:52:03","Clear","Dry","Dark","-3.0","16.7","3200","57232","17.9","40%","22.3","","Opened","7.388","230","Safe","Calm","0.0","69","12.1","2.9","1005.6","1017.5"
"2026-09-23","23:52:13","Clear","Dry","Dark","-3.0","16.7","3200","57232","17.9","40%","22.4","","Opened","7.321","230","Safe","Calm","0.0","69","12.1","2.9","1005.8","1017.6"
"2026-09-23","23:52:23","Clear","Dry","Dark","-2.9","16.7","3200","57232","17.9","40%","22.4","","Opened","7.401","230","Safe","Calm","0.0","69","12.1","3.0","1005.8","1017.6"
"2026-09-23","23:52:33","Clear","Dry","Dark","-2.8","16.8","3200","57232","17.9","40%","22.4","","Opened","7.348","230","Safe","Calm","0.0","69","12.1","3.1","1005.7","1017.6"
"2026-09-23","23:52:43","Clear","Dry","Dark","-2.8","16.8","3200","57232","17.9","40%","22.3","","Opened","7.441","230","Safe","Calm","0.0","69","12.1","3.1","1005.7","1017.6"
"2026-09-23","23:52:53","Clear","Dry","Dark","-2.9","16.8","3200","57232","17.9","40%","22.3","","Opened","7.380","230","Safe","Calm","0.0","69","12.1","3.1","1005.6","1017.5"
"2026-09-23","23:53:03","Clear","Dry","Dark","-2.9","16.8","3200","57232","17.9","40%","22.4","","Opened","7.322","230","Safe","Calm","0.0","69","12.1","3.0","1005.6","1017.5"
"2026-09-23","23:53:13","Clear","Dry","Dark","-2.9","16.8","3200","57232","17.9","40%","22.4","","Opened","7.264","230","Safe","Calm","0.0","69","12.1","3.0","1005.7","1017.6"
"2026-09-23","23:53:23","Clear","Dry","Dark","-3.0","16.8","3200","57232","17.9","40%","22.4","","Opened","7.332","230","Safe","Calm","0.0","69","12.1","3.0","1005.7","1017.5"
"2026-09-23","23:53:33","Clear","Dry","Dark","-2.9","16.8","3200","57232","17.9","40%","22.4","","Opened","7.289","230","Safe","Calm","0.0","69","12.1","3.0","1005.6","1017.5"
"2026-09-23","23:53:44","Clear","Dry","Dark","-3.0","16.8","3200","57232","17.9","40%","22.5","Heating DOWN","Opened","7.642","230","Safe","Calm","0.0","69","12.1","3.0","1005.7","1017.5"
"2026-09-23","23:53:53","Clear","Dry","Dark","-2.9","16.8","3200","57232","17.9","39%","22.5","Heating DOWN","Opened","7.477","230","Safe","Calm","0.0","69","12.1","3.1","1005.7","1017.6"
"2026-09-23","23:54:03","Clear","Dry","Dark","-2.9","16.8","3200","57232","17.9","38%","22.5","Heating DOWN","Opened","7.491","230","Safe","Calm","0.0","69","12.1","3.0","1005.7","1017.6"
"2026-09-23","23:54:13","Clear","Dry","Dark","-2.9","16.9","3328","57232","17.9","37%","22.5","Heating DOWN","Opened","7.461","230","Safe","Calm","0.0","69","12.1","3.0","1005.7","1017.5"
"2026-09-23","23:54:23","Clear","Dry","Dark","-3.0","16.8","3200","57232","17.9","36%","22.6","Heating DOWN","Opened","7.457","230","Safe","Calm","0.0","69","12.1","2.9","1005.6","1017.5"
"2026-09-23","23:54:33","Clear","Dry","Dark","-3.0","16.8","3200","57232","17.9","35%","22.6","Heating DOWN","Opened","7.460","230","Safe","Calm","0.0","69","12.1","2.9","1005.7","1017.5"
"2026-09-23","23:54:44","Clear","Dry","Dark","-3.0","16.8","3200","57232","17.9","34%","22.6","Heating DOWN","Opened","7.624","230","Safe","Calm","0.0","69","12.1","2.9","1005.7","1017.5"
"2026-09-23","23:54:53","Clear","Dry","Dark","-2.9","16.8","3328","57232","17.9","33%","22.6","Heating DOWN","Opened","7.442","230","Safe","Calm","0.0","69","12.1","3.1","1005.6","1017.5"
"2026-09-23","23:55:03","Clear","Dry","Dark","-3.0","16.8","3200","57232","17.9","32%","22.5","","Opened","7.325","230","Safe","Calm","0.0","69","12.1","2.9","1005.7","1017.5"
"2026-09-23","23:55:13","Clear","Dry","Dark","-2.9","16.8","3200","57232","17.9","32%","22.5","Heating DOWN","Opened","7.495","230","Safe","Calm","0.0","69","12.1","3.0","1005.7","1017.5"
"2026-09-23","23:55:23","Clear","Dry","Dark","-3.1","16.8","3200","57232","17.9","31%","22.4","","Opened","7.379","230","Safe","Calm","0.0","69","12.1","2.8","1005.6","1017.5"
"2026-09-23","23:55:33","Clear","Dry","Dark","-3.1","16.8","3200","57232","18.0","31%","22.4","","Opened","7.329","230","Safe","Calm","0.0","69","12.1","2.8","1005.7","1017.5"
"2026-09-23","23:55:43","Clear","Dry","Dark","-3.0","16.8","3200","57232","17.9","31%","22.4","","Opened","7.410","230","Safe","Calm","0.0","69","12.1","2.9","1005.6","1017.5"
"2026-09-23","23:55:53","Clear","Dry","Dark","-3.0","16.8","3200","57232","18.0","31%","22.3","","Opened","7.357","230","Safe","Calm","0.0","69","12.1","3.0","1005.7","1017.5"
"2026-09-23","23:56:03","Clear","Dry","Dark","-3.0","16.8","3200","57232","17.9","31%","22.3","","Opened","7.296","230","Safe","Calm","0.0","69","12.1","2.9","1005.7","1017.5"
"2026-09-23","23:56:13","Clear","Dry","Dark","-3.0","16.8","3200","57232","17.9","31%","22.2","","Opened","7.345","230","Safe","Calm","0.0","69","12.1","2.9","1005.6","1017.5"
"2026-09-23","23:56:23","Clear","Dry","Dark","-3.0","16.8","3200","57232","18.0","31%","22.2","","Opened","7.281","230","Safe","Calm","0.0","69","12.1","3.0","1005.7","1017.5"
"2026-09-23","23:56:33","Clear","Dry","Dark","-3.0","16.8","3200","57232","18.0","31%","22.2","","Opened","7.353","230","Safe","Calm","0.0","69","12.1","2.9","1005.6","1017.5"
"2026-09-23","23:56:43","Clear","Dry","Dark","-3.0","16.8","3200","57232","18.0","31%","22.2","","Opened","7.454","230","Safe","Calm","0.0","69","12.1","3.0","1005.7","1017.5"
"2026-09-23","23:56:53","Clear","Dry","Dark","-3.0","16.8","3200","57232","18.0","31%","22.1","","Opened","7.388","230","Safe","Calm","0.0","69","12.1","2.9","1005.7","1017.5"
"2026-09-23","23:57:03","Clear","Dry","Dark","-3.0","16.8","3200","57232","18.0","31%","22.1","","Opened","7.367","230","Safe","Calm","0.0","69","12.1","2.9","1005.7","1017.5"
"2026-09-23","23:57:13","Clear","Dry","Dark","-3.1","16.8","3200","57232","18.0","31%","22.0","","Opened","7.291","230","Safe","Calm","0.0","69","12.1","2.9","1005.7","1017.5"
"2026-09-23","23:57:23","Clear","Dry","Dark","-3.0","16.8","3200","57232","18.0","31%","22.1","","Opened","7.377","230","Safe","Calm","0.0","69","12.1","2.9","1005.8","1017.6"
"2026-09-23","23:57:33","Clear","Dry","Dark","-3.0","16.8","3200","57232","18.0","31%","22.0","","Opened","7.305","230","Safe","Calm","0.0","69","12.1","2.9","1005.6","1017.5"
"2026-09-23","23:57:44","Clear","Dry","Dark","-3.0","16.8","3200","57232","18.0","31%","22.0","","Opened","7.505","230","Safe","Calm","0.0","69","12.1","3.0","1005.6","1017.4"
"2026-09-23","23:57:53","Clear","Dry","Dark","-3.0","16.8","3200","57232","18.0","31%","22.0","","Opened","7.322","230","Safe","Calm","0.0","69","12.1","3.0","1005.6","1017.5"
"2026-09-23","23:58:03","Clear","Dry","Dark","-2.9","16.8","3200","57232","18.0","31%","21.9","Heating UP","Opened","7.391","230","Safe","Calm","0.0","69","12.1","3.0","1005.6","1017.5"
"2026-09-23","23:58:13","Clear","Dry","Dark","-3.0","16.8","3200","57232","18.0","32%","21.9","Heating UP","Opened","7.499","230","Safe","Calm","0.0","69","12.1","2.9","1005.6","1017.5"
"2026-09-23","23:58:23","Clear","Dry","Dark","-3.1","16.8","3328","57232","18.0","33%","22.0","","Opened","7.377","230","Safe","Calm","0.0","69","12.1","2.9","1005.7","1017.5"
"2026-09-23","23:58:33","Clear","Dry","Dark","-3.0","16.8","3328","57232","18.0","33%","22.0","","Opened","7.328","230","Safe","Calm","0.0","68","12.1","2.9","1005.7","1017.5"
"2026-09-23","23:58:44","Clear","Dry","Dark","-3.0","16.8","3328","57232","18.0","33%","22.0","","Opened","7.538","230","Safe","Calm","0.0","68","12.1","3.0","1005.6","1017.4"
"2026-09-23","23:58:53","Clear","Dry","Dark","-2.9","16.8","3328","57232","18.0","33%","22.0","","Opened","7.350","230","Safe","Calm","0.0","69","12.1","3.0","1005.6","1017.5"
"2026-09-23","23:59:03","Clear","Dry","Dark","-3.0","16.8","3328","57232","18.0","33%","22.0","","Opened","7.305","230","Safe","Calm","0.0","69","12.1","2.9","1005.6","1017.5"
"2026-09-23","23:59:13","Clear","Dry","Dark","-2.9","16.8","3328","57232","18.0","33%","21.9","Heating UP","Opened","7.475","230","Safe","Calm","0.0","69","12.1","3.0","1005.8","1017.6"
"2026-09-23","23:59:23","Clear","Dry","Dark","-2.8","16.8","3200","57232","18.0","34%","21.9","Heating UP","Opened","7.474","230","Safe","Calm","0.0","69","12.1","3.1","1005.6","1017.5"
"2026-09-23","23:59:33","Clear","Dry","Dark","-3.0","16.8","3200","57232","18.0","35%","21.9","Heating UP","Opened","7.484","230","Safe","Calm","0.0","69","12.1","3.0","1005.7","1017.5"
"2026-09-23","23:59:44","Clear","Dry","Dark","-3.0","16.8","3200","57232","18.0","36%","22.0","","Opened","7.505","230","Safe","Calm","0.0","69","12.2","2.9","1005.6","1017.5"
"2026-09-23","23:59:53","Clear","Dry","Dark","-3.0","16.8","3200","57232","18.0","36%","22.0","","Opened","7.313","230","Safe","Calm","0.0","69","12.1","3.0","1005.6","1017.5"
"2026-09-24","00:00:03","Clear","Dry","Dark","-3.1","16.8","3200","57232","18.0","36%","22.0","","Opened","7.380","230","Safe","Calm","0.0","69","12.1","2.8","1005.6","1017.5"
"2026-09-24","00:00:13","Clear","Dry","Dark","-3.0","16.8","3200","57232","18.0","36%","22.0","","Opened","7.316","230","Safe","Calm","0.0","69","12.1","3.0","1005.6","1017.4"
"2026-09-24","00:00:23","Clear","Dry","Dark","-2.9","16.8","3200","57232","18.0","36%","22.0","","Opened","7.387","230","Safe","Calm","0.0","69","12.2","3.0","1005.7","1017.5"
"2026-09-24","00:00:33","Clear","Dry","Dark","-2.9","16.8","3200","57232","18.0","36%","22.0","","Opened","7.344","230","Safe","Calm","0.0","69","12.2","3.1","1005.7","1017.5"
"2026-09-24","00:00:43","Clear","Dry","Dark","-3.0","16.8","3200","57232","18.0","36%","22.0","","Opened","7.429","230","Safe","Calm","0.0","69","12.2","3.0","1005.6","1017.5"
"2026-09-24","00:00:53","Clear","Dry","Dark","-2.9","16.8","3200","57232","18.0","36%","22.0","","Opened","7.360","230","Safe","Calm","0.0","69","12.1","3.1","1005.7","1017.5"
"2026-09-24","00:01:03","Clear","Dry","Dark","-3.0","16.9","3200","57232","18.0","36%","22.0","","Opened","7.299","230","Safe","Calm","0.0","69","12.2","3.0","1005.6","1017.5"
"2026-09-24","00:01:13","Clear","Dry","Dark","-3.0","16.8","3200","57232","18.0","36%","22.0","","Opened","7.354","230","Safe","Calm","0.0","69","12.2","3.0","1005.6","1017.5"
"2026-09-24","00:01:23","Clear","Dry","Dark","-3.1","16.8","3200","57232","18.0","36%","22.1","","Opened","7.314","230","Safe","Calm","0.0","69","12.2","2.9","1005.6","1017.5"
"2026-09-24","00:01:33","Clear","Dry","Dark","-3.0","16.8","3200","57232","18.0","36%","22.1","","Opened","7.385","230","Safe","Calm","0.0","69","12.2","3.0","1005.6","1017.4"
"2026-09-24","00:01:43","Clear","Dry","Dark","-2.9","16.8","3200","57232","18.0","36%","22.1","","Opened","7.473","230","Safe","Calm","0.0","69","12.2","3.1","1005.8","1017.6"
"2026-09-24","00:01:53","Clear","Dry","Dark","-3.1","16.8","3200","57232","18.0","36%","22.2","","Opened","7.282","230","Safe","Calm","0.0","69","12.2","2.9","1005.6","1017.4"
"2026-09-24","00:02:03","Clear","Dry","Dark","-3.1","16.8","3200","57232","18.0","36%","22.2","","Opened","7.368","230","Safe","Calm","0.0","69","12.2","2.9","1005.6","1017.4"
"2026-09-24","00:02:13","Clear","Dry","Dark","-3.2","16.8","3200","57232","18.0","36%","22.3","","Opened","7.297","230","Safe","Calm","0.0","69","12.2","2.8","1005.6","1017.5"
"2026-09-24","00:02:23","Clear","Dry","Dark","-3.2","16.8","3200","57232","18.0","36%","22.4","","Opened","7.375","230","Safe","Calm","0.0","69","12.2","2.8","1005.7","1017.5"
"2026-09-24","00:02:33","Clear","Dry","Dark","-3.2","16.8","3200","57232","18.0","36%","22.4","","Opened","7.328","230","Safe","Calm","0.0","69","12.2","2.8","1005.6","1017.5"
"2026-09-24","00:02:43","Clear","Dry","Dark","-3.3","16.8","3200","57232","18.0","36%","22.5","","Opened","7.458","230","Safe","Calm","0.0","69","12.2","2.6","1005.6","1017.5"
"2026-09-24","00:02:53","Clear","Dry","Dark","-3.2","16.7","3200","57232","18.0","36%","22.5","","Opened","7.353","230","Safe","Calm","0.0","69","12.2","2.8","1005.6","1017.5"
"2026-09-24","00:03:03","Clear","Dry","Dark","-3.0","16.8","3200","57232","18.0","36%","22.5","","Opened","7.290","230","Safe","Calm","0.0","69","12.2","3.0","1005.6","1017.4"
"2026-09-24","00:03:13","Clear","Dry","Dark","-3.1","16.7","3200","57232","18.1","36%","22.5","","Opened","7.362","230","Safe","Calm","0.0","69","12.2","2.9","1005.6","1017.5"
"2026-09-24","00:03:23","Clear","Dry","Dark","-3.0","16.8","3200","57232","18.0","36%","22.5","","Opened","7.306","230","Safe","Calm","0.0","69","12.2","3.0","1005.6","1017.4"
"2026-09-24","00:03:34","Clear","Dry","Dark","-3.0","16.8","3200","57232","18.0","36%","22.6","Heating DOWN","Opened","7.496","230","Safe","Calm","0.0","69","12.2","3.0","1005.7","1017.5"
"2026-09-24","00:03:44","Clear","Dry","Dark","-3.0","16.8","3200","57232","18.1","35%","22.5","","Opened","7.521","230","Safe","Calm","0.0","69","12.2","3.0","1005.6","1017.4"
"2026-09-24","00:03:53","Clear","Dry","Dark","-3.1","16.8","3200","57232","18.0","35%","22.5","","Opened","7.335","230","Safe","Calm","0.0","69","12.2","2.9","1005.6","1017.4"
"2026-09-24","00:04:03","Clear","Dry","Dark","-3.0","16.8","3200","57232","18.0","35%","22.5","","Opened","7.279","230","Safe","Calm","0.0","69","12.2","3.0","1005.6","1017.5"
"2026-09-24","00:04:13","Clear","Dry","Dark","-3.0","16.8","3200","57232","18.0","35%","22.5","","Opened","7.333","230","Safe","Calm","0.0","69","12.2","2.9","1005.7","1017.5"
"2026-09-24","00:04:23","Clear","Dry","Dark","-3.1","16.8","3200","57232","18.0","35%","22.5","","Opened","7.294","230","Safe","Calm","0.0","69","12.2","2.9","1005.6","1017.5"
"2026-09-24","00:04:33","Clear","Dry","Dark","-3.2","16.8","3200","57232","18.0","35%","22.5","","Opened","7.372","230","Safe","Calm","0.0","69","12.2","2.8","1005.8","1017.6"
"2026-09-24","00:04:43","Clear","Dry","Dark","-3.0","16.8","3200","57232","18.1","35%","22.5","","Opened","7.461","230","Safe","Calm","0.0","69","12.2","3.0","1005.8","1017.6"
"2026-09-24","00:04:53","Clear","Dry","Dark","-3.2","16.8","3200","57232","18.0","35%","22.5","","Opened","7.386","230","Safe","Calm","0.0","69","12.2","2.8","1005.6","1017.5"
"2026-09-24","00:05:03","Clear","Dry","Dark","-3.1","16.8","3200","57232","18.1","35%","22.5","","Opened","7.336","230","Safe","Calm","0.0","69","12.2","2.9","1005.6","1017.5"
"2026-09-24","00:05:13","Clear","Dry","Dark","-3.0","16.8","3200","57232","18.1","35%","22.5","","Opened","7.271","230","Safe","Calm","0.0","69","12.2","3.0","1005.6","1017.5"
"2026-09-24","00:05:23","Clear","Dry","Dark","-3.1","16.8","3200","57232","18.0","35%","22.5","","Opened","7.343","230","Safe","Calm","0.0","69","12.2","2.9","1005.7","1017.5"
"2026-09-24","00:05:33","Clear","Dry","Dark","-3.0","16.8","3200","57232","18.0","35%","22.4","","Opened","7.302","230","Safe","Calm","0.0","69","12.2","3.0","1005.7","1017.5"
"2026-09-24","00:05:44","Clear","Dry","Dark","-3.0","16.8","3200","57232","18.1","35%","22.4","","Opened","7.515","230","Safe","Calm","0.0","69","12.2","3.0","1005.6","1017.5"
"2026-09-24","00:05:53","Clear","Dry","Dark","-3.1","16.8","3200","57232","18.0","35%","22.4","","Opened","7.311","230","Safe","Calm","0.0","69","12.2","2.9","1005.6","1017.5"
"2026-09-24","00:06:03","Clear","Dry","Dark","-2.9","16.8","3200","57232","18.1","35%","22.4","","Opened","7.383","230","Safe","Calm","0.0","69","12.2","3.1","1005.6","1017.5"
"2026-09-24","00:06:13","Clear","Dry","Dark","-3.0","16.8","3200","57232","18.1","35%","22.4","","Opened","7.317","230","Safe","Calm","0.0","69","12.2","3.0","1005.7","1017.5"
"2026-09-24","00:06:23","Clear","Dry","Dark","-3.0","16.8","3200","57232","18.1","35%","22.4","","Opened","7.392","230","Safe","Calm","0.0","69","12.2","3.0","1005.6","1017.5"
"2026-09-24","00:06:33","Clear","Dry","Dark","-3.0","16.9","3200","57232","18.0","35%","22.4","","Opened","7.345","230","Safe","Calm","0.0","69","12.2","3.0","1005.6","1017.5"
"2026-09-24","00:06:43","Clear","Dry","Dark","-3.0","16.8","3200","57232","18.1","35%","22.4","","Opened","7.431","230","Safe","Calm","0.0","69","12.2","3.0","1005.7","1017.5"
"2026-09-24","00:06:53","Clear","Dry","Dark","-3.1","16.8","3200","57232","18.1","35%","22.5","","Opened","7.363","230","Safe","Calm","0.0","69","12.2","2.9","1005.8","1017.6"
"2026-09-24","00:07:03","Clear","Dry","Dark","-3.0","16.8","3200","57232","18.1","35%","22.5","","Opened","7.318","230","Safe","Calm","0.0","69","12.2","3.0","1005.6","1017.5"
"2026-09-24","00:07:13","Clear","Dry","Dark","-3.1","16.9","3200","57232","18.1","35%","22.5","","Opened","7.383","230","Safe","Calm","0.0","69","12.2","2.9","1005.6","1017.5"
"2026-09-24","00:07:23","Clear","Dry","Dark","-3.1","16.9","3200","57232","18.1","35%","22.5","","Opened","7.335","230","Safe","Calm","0.0","69","12.2","2.9","1005.6","1017.5"
"2026-09-24","00:07:33","Clear","Dry","Dark","-2.9","16.8","3200","57232","18.0","35%","22.5","","Opened","7.261","230","Safe","Calm","0.0","69","12.2","3.0","1005.6","1017.5"
"2026-09-24","00:07:44","Clear","Dry","Dark","-3.0","16.8","3200","57232","18.0","35%","22.5","","Opened","7.484","230","Safe","Calm","0.0","69","12.2","3.0","1005.7","1017.5"
"2026-09-24","00:07:53","Clear","Dry","Dark","-2.9","16.8","3200","57232","18.1","35%","22.4","","Opened","7.292","230","Safe","Calm","0.0","69","12.2","3.1","1005.6","1017.5"
"2026-09-24","00:08:03","Clear","Dry","Dark","-3.2","16.9","3200","57232","18.0","35%","22.5","","Opened","7.361","230","Safe","Calm","0.0","69","12.2","2.8","1005.6","1017.5"
"2026-09-24","00:08:13","Clear","Dry","Dark","-3.1","16.9","3200","57232","18.1","35%","22.5","","Opened","7.295","230","Safe","Calm","0.0","69","12.2","2.9","1005.7","1017.5"
"2026-09-24","00:08:23","Clear","Dry","Dark","-3.1","16.9","3200","57232","18.1","35%","22.5","","Opened","7.356","230","Safe","Calm","0.0","69","12.2","2.9","1005.6","1017.5"
"2026-09-24","00:08:33","Clear","Dry","Dark","-3.1","16.9","3200","57232","18.1","35%","22.5","","Opened","7.312","230","Safe","Calm","0.0","69","12.2","2.9","1005.6","1017.4"
"2026-09-24","00:08:44","Clear","Dry","Dark","-3.1","16.9","3200","57232","18.1","35%","22.5","","Opened","7.524","230","Safe","Calm","0.0","69","12.2","2.9","1005.6","1017.5"
"2026-09-24","00:08:53","Clear","Dry","Dark","-3.1","16.9","3200","57232","18.1","35%","22.5","","Opened","7.328","230","Safe","Calm","0.0","69","12.2","2.9","1005.6","1017.5"
"2026-09-24","00:09:03","Clear","Dry","Dark","-2.9","16.9","3200","57232","18.1","35%","22.5","","Opened","7.278","230","Safe","Calm","0.0","69","12.2","3.1","1005.7","1017.5"
"2026-09-24","00:09:13","Clear","Dry","Dark","-3.1","16.9","3200","57232","18.1","35%","22.6","","Opened","7.336","230","Safe","Calm","0.0","69","12.2","2.9","1005.6","1017.5"
"2026-09-24","00:09:23","Clear","Dry","Dark","-3.1","16.8","3200","57232","18.1","35%","22.6","","Opened","7.292","230","Safe","Calm","0.0","69","12.2","2.9","1005.6","1017.5"
"2026-09-24","00:09:33","Clear","Dry","Dark","-2.9","16.9","3200","57232","18.1","35%","22.6","","Opened","7.364","230","Safe","Calm","0.0","69","12.2","3.1","1005.6","1017.5"
"2026-09-24","00:09:44","Clear","Dry","Dark","-3.1","16.9","3200","57232","18.1","35%","22.6","","Opened","7.506","230","Safe","Calm","0.0","69","12.2","2.9","1005.6","1017.5"
"2026-09-24","00:09:53","Clear","Dry","Dark","-3.0","16.9","3200","57232","18.1","35%","22.6","","Opened","7.270","230","Safe","Calm","0.0","69","12.2","3.1","1005.6","1017.5"
"2026-09-24","00:10:03","Clear","Dry","Dark","-3.1","16.9","3200","57232","18.1","35%","22.5","","Opened","7.350","230","Safe","Calm","0.0","69","12.2","2.9","1005.7","1017.5"
"2026-09-24","00:10:13","Clear","Dry","Dark","-3.1","16.9","3200","57232","18.1","35%","22.6","","Opened","7.286","230","Safe","Calm","0.0","69","12.2","2.9","1005.6","1017.5"
"2026-09-24","00:10:23","Clear","Dry","Dark","-3.0","16.9","3200","57232","18.1","35%","22.6","","Opened","7.361","230","Safe","Calm","0.0","69","12.2","3.0","1005.6","1017.4"
"2026-09-24","00:10:33","Clear","Dry","Dark","-3.0","16.9","3200","57232","18.1","35%","22.6","","Opened","7.316","230","Safe","Calm","0.0","69","12.2","3.1","1005.6","1017.5"
"2026-09-24","00:10:44","Clear","Dry","Dark","-3.0","16.9","3200","57232","18.1","35%","22.6","","Opened","7.520","230","Safe","Calm","0.0","69","12.2","3.0","1005.6","1017.5"
"2026-09-24","00:10:53","Clear","Dry","Dark","-3.1","16.8","3200","57232","18.1","35%","22.6","Heating DOWN","Opened","7.450","230","Safe","Calm","0.0","69","12.2","3.0","1005.6","1017.4"
"2026-09-24","00:11:03","Clear","Dry","Dark","-3.1","16.9","3200","57232","18.1","34%","22.6","","Opened","7.326","230","Safe","Calm","0.0","69","12.2","2.9","1005.6","1017.5"
"2026-09-24","00:11:13","Clear","Dry","Dark","-2.9","16.9","3200","57232","18.1","34%","22.6","","Opened","7.372","230","Safe","Calm","0.0","69","12.2","3.1","1005.6","1017.4"
"2026-09-24","00:11:23","Clear","Dry","Dark","-3.0","16.9","3200","57232","18.1","34%","22.5","","Opened","7.322","230","Safe","Calm","0.0","69","12.2","3.0","1005.6","1017.4"
"2026-09-24","00:11:33","Clear","Dry","Dark","-3.0","16.9","3200","57232","18.1","34%","22.5","","Opened","7.381","230","Safe","Calm","0.0","69","12.2","3.0","1005.6","1017.5"
"2026-09-24","00:11:44","Clear","Dry","Dark","-3.0","16.9","3200","57232","18.1","34%","22.5","","Opened","7.472","230","Safe","Calm","0.0","69","12.2","3.0","1005.6","1017.4"
"2026-09-24","00:11:53","Clear","Dry","Dark","-2.8","16.9","3200","57232","18.1","34%","22.5","","Opened","7.276","230","Safe","Calm","0.0","69","12.2","3.2","1005.6","1017.5"
"2026-09-24","00:12:03","Clear","Dry","Dark","-3.1","16.9","3200","57232","18.1","34%","22.4","","Opened","7.351","230","Safe","Calm","0.0","69","12.2","2.9","1005.6","1017.5"
"2026-09-24","00:12:13","Clear","Dry","Dark","-2.9","16.9","3200","57232","18.1","34%","22.3","","Opened","7.281","230","Safe","Calm","0.0","69","12.2","3.1","1005.6","1017.5"
"2026-09-24","00:12:23","Clear","Dry","Dark","-3.2","16.9","3200","57232","18.1","34%","22.3","","Opened","7.369","230","Safe","Calm","0.0","69","12.2","2.8","1005.6","1017.5"
"2026-09-24","00:12:33","Clear","Dry","Dark","-3.0","16.9","3200","57232","18.1","34%","22.3","","Opened","7.315","230","Safe","Calm","0.0","69","12.2","3.0","1005.6","1017.5"
"2026-09-24","00:12:44","Clear","Dry","Dark","-3.1","16.9","3200","57232","18.1","34%","22.4","","Opened","7.549","230","Safe","Calm","0.0","69","12.2","2.9","1005.6","1017.5"
"2026-09-24","00:12:53","Clear","Dry","Dark","-3.1","16.9","3200","57232","18.1","34%","22.3","","Opened","7.343","230","Safe","Calm","0.0","69","12.2","3.0","1005.7","1017.5"
"2026-09-24","00:13:03","Clear","Dry","Dark","-3.1","16.9","3200","57232","18.1","34%","22.3","","Opened","7.274","230","Safe","Calm","0.0","69","12.2","2.9","1005.8","1017.7"
"2026-09-24","00:13:13","Clear","Dry","Dark","-3.1","16.9","3200","57232","18.1","34%","22.3","","Opened","7.339","230","Safe","Calm","0.0","69","12.2","2.9","1005.6","1017.5"
"2026-09-24","00:13:23","Clear","Dry","Dark","-3.0","16.9","3200","57232","18.1","34%","22.3","","Opened","7.280","230","Safe","Calm","0.0","69","12.2","3.0","1005.6","1017.5"
"2026-09-24","00:13:33","Clear","Dry","Dark","-3.2","16.9","3200","57232","18.1","34%","22.3","","Opened","7.355","230","Safe","Calm","0.0","69","12.2","2.8","1005.6","1017.5"
"2026-09-24","00:13:44","Clear","Dry","Dark","-3.2","16.9","3200","57232","18.1","34%","22.3","","Opened","7.446","230","Safe","Calm","0.0","69","12.2","2.9","1005.7","1017.5"
"2026-09-24","00:13:53","Clear","Dry","Dark","-3.2","16.9","3200","57232","18.1","34%","22.3","","Opened","7.382","230","Safe","Calm","0.0","69","12.2","2.8","1005.6","1017.5"
"2026-09-24","00:14:03","Clear","Dry","Dark","-3.1","16.9","3200","57232","18.1","34%","22.4","","Opened","7.339","230","Safe","Calm","0.0","69","12.2","2.9","1005.6","1017.5"
"2026-09-24","00:14:13","Clear","Dry","Dark","-3.3","16.9","3200","57232","18.1","34%","22.4","","Opened","7.269","230","Safe","Calm","0.0","69","12.2","2.7","1005.6","1017.4"
"2026-09-24","00:14:23","Clear","Dry","Dark","-3.4","16.8","3200","57232","18.1","34%","22.5","","Opened","7.338","230","Safe","Calm","0.0","69","12.2","2.6","1005.6","1017.5"
"2026-09-24","00:14:33","Clear","Dry","Dark","-3.2","16.8","3200","57232","18.1","34%","22.5","","Opened","7.280","230","Safe","Calm","0.0","69","12.2","2.8","1005.7","1017.5"
"2026-09-24","00:14:44","Clear","Dry","Dark","-3.4","16.8","3200","57232","18.1","34%","22.4","","Opened","7.506","230","Safe","Calm","0.0","69","12.2","2.6","1005.6","1017.4"
"2026-09-24","00:14:53","Clear","Dry","Dark","-3.2","16.7","3200","57232","18.1","34%","22.5","","Opened","7.312","230","Safe","Calm","0.0","69","12.2","2.8","1005.6","1017.5"
"2026-09-24","00:15:03","Clear","Dry","Dark","-3.3","16.7","3200","57232","18.1","34%","22.5","","Opened","7.387","230","Safe","Calm","0.0","69","12.2","2.7","1005.6","1017.5"
"2026-09-24","00:15:13","Clear","Dry","Dark","-3.2","16.7","3200","57232","18.1","34%","22.5","","Opened","7.318","230","Safe","Calm","0.0","69","12.2","2.9","1005.7","1017.5"
"2026-09-24","00:15:23","Clear","Dry","Dark","-3.2","16.7","3200","57232","18.1","34%","22.5","","Opened","7.270","230","Safe","Calm","0.0","68","12.2","2.8","1005.6","1017.5"
"2026-09-24","00:15:33","Clear","Dry","Dark","-3.1","16.7","3200","57232","18.1","34%","22.5","","Opened","7.327","230","Safe","Calm","0.0","68","12.2","2.9","1005.6","1017.5"
"2026-09-24","00:15:44","Clear","Dry","Dark","-3.2","16.7","3200","57232","18.0","34%","22.5","","Opened","7.556","230","Safe","Calm","0.0","68","12.2","2.8","1005.6","1017.5"
"2026-09-24","00:15:53","Clear","Dry","Dark","-3.1","16.7","3200","57232","18.1","34%","22.5","","Opened","7.341","230","Safe","Calm","0.0","68","12.2","2.9","1005.6","1017.5"
"2026-09-24","00:16:03","Clear","Dry","Dark","-3.3","16.7","3200","57232","18.0","34%","22.4","","Opened","7.302","230","Safe","Calm","0.0","68","12.2","2.7","1005.7","1017.5"
"2026-09-24","00:16:13","Clear","Dry","Dark","-3.2","16.7","3200","57232","18.0","34%","22.3","","Opened","7.350","230","Safe","Calm","0.0","68","12.2","2.8","1005.6","1017.5"
"2026-09-24","00:16:23","Clear","Dry","Dark","-3.2","16.7","3200","57232","18.0","34%","22.3","","Opened","7.305","230","Safe","Calm","0.0","68","12.2","2.8","1005.6","1017.5"
"2026-09-24","00:16:34","Clear","Dry","Dark","-3.1","16.7","3200","57232","18.0","34%","22.4","","Opened","7.384","230","Safe","Calm","0.0","69","12.2","2.9","1005.6","1017.5"
"2026-09-24","00:16:44","Clear","Dry","Dark","-3.2","16.7","3200","57232","18.0","34%","22.4","","Opened","7.521","230","Safe","Calm","0.0","69","12.2","2.8","1005.6","1017.5"
"2026-09-24","00:16:53","Clear","Dry","Dark","-3.1","16.7","3200","57232","18.0","34%","22.3","","Opened","7.280","230","Safe","Calm","0.0","69","12.2","2.9","1005.6","1017.5"
"2026-09-24","00:17:03","Clear","Dry","Dark","-3.2","16.7","3200","57232","18.0","34%","22.4","","Opened","7.350","230","Safe","Calm","0.0","69","12.1","2.7","1005.6","1017.5"
"2026-09-24","00:17:13","Clear","Dry","Dark","-3.4","16.7","3200","57232","18.0","34%","22.4","","Opened","7.283","230","Safe","Calm","0.0","69","12.2","2.6","1005.7","1017.5"
"2026-09-24","00:17:23","Clear","Dry","Dark","-3.1","16.6","3200","57232","18.0","34%","22.4","","Opened","7.349","230","Safe","Calm","0.0","69","12.2","2.9","1005.7","1017.5"
"2026-09-24","00:17:33","Clear","Dry","Dark","-3.2","16.6","3200","57232","18.0","34%","22.4","","Opened","7.280","230","Safe","Calm","0.0","69","12.1","2.8","1005.6","1017.5"
"2026-09-24","00:17:44","Clear","Dry","Dark","-3.2","16.6","3200","57232","18.0","34%","22.3","","Opened","7.513","230","Safe","Calm","0.0","69","12.1","2.7","1005.6","1017.5"
"2026-09-24","00:17:53","Clear","Dry","Dark","-3.4","16.6","3200","57232","18.0","34%","22.3","","Opened","7.308","230","Safe","Calm","0.0","69","12.1","2.6","1005.7","1017.5"
"2026-09-24","00:18:04","Clear","Dry","Dark","-3.3","16.6","3200","57232","18.0","34%","22.4","","Opened","7.374","230","Safe","Calm","0.0","69","12.2","2.7","1005.6","1017.5"
"2026-09-24","00:18:13","Clear","Dry","Dark","-3.2","16.6","3200","57232","18.0","34%","22.4","","Opened","7.303","230","Safe","Calm","0.0","69","12.1","2.7","1005.6","1017.5"
"2026-09-24","00:18:24","Clear","Dry","Dark","-3.3","16.6","3200","57232","18.0","34%","22.4","","Opened","7.378","230","Safe","Calm","0.0","69","12.1","2.7","1005.7","1017.5"
"2026-09-24","00:18:33","Clear","Dry","Dark","-3.1","16.6","3200","57232","18.0","34%","22.4","","Opened","7.322","230","Safe","Calm","0.0","69","12.1","2.8","1005.6","1017.5"
"2026-09-24","00:18:44","Clear","Dry","Dark","-3.4","16.6","3200","57232","18.0","34%","22.4","","Opened","7.528","230","Safe","Calm","0.0","69","12.1","2.6","1005.6","1017.4"
"2026-09-24","00:18:54","Clear","Dry","Dark","-3.3","16.5","3200","57232","18.0","34%","22.4","","Opened","7.345","230","Safe","Calm","0.0","69","12.1","2.6","1005.6","1017.5"
"2026-09-24","00:19:03","Clear","Dry","Dark","-3.3","16.5","3200","57232","18.0","34%","22.5","","Opened","7.293","230","Safe","Calm","0.0","69","12.1","2.7","1005.6","1017.4"
"2026-09-24","00:19:14","Clear","Dry","Dark","-3.2","16.5","3200","57232","18.0","34%","22.5","","Opened","7.349","230","Safe","Calm","0.0","69","12.1","2.7","1005.6","1017.4"
"2026-09-24","00:19:23","Clear","Dry","Dark","-3.3","16.5","3200","57232","18.0","34%","22.5","","Opened","7.297","230","Safe","Calm","0.0","69","12.1","2.7","1005.6","1017.4"
"2026-09-24","00:19:34","Clear","Dry","Dark","-3.4","16.5","3200","57232","18.0","34%","22.5","","Opened","7.379","230","Safe","Calm","0.0","69","12.1","2.6","1005.6","1017.4"
"2026-09-24","00:19:44","Clear","Dry","Dark","-3.2","16.5","3200","57232","17.9","34%","22.5","Heating DOWN","Opened","7.581","230","Safe","Calm","0.0","69","12.1","2.7","1005.6","1017.5"
"2026-09-24","00:19:53","Clear","Dry","Dark","-3.3","16.5","3328","57232","18.0","33%","22.5","","Opened","7.325","230","Safe","Calm","0.0","69","12.1","2.7","1005.6","1017.4"
"2026-09-24","00:20:04","Clear","Dry","Dark","-3.3","16.5","3328","57232","18.0","33%","22.5","","Opened","7.394","230","Safe","Calm","0.0","69","12.1","2.6","1005.5","1017.4"
"2026-09-24","00:20:14","Clear","Dry","Dark","-3.0","16.5","3328","57232","17.9","33%","22.4","","Opened","7.342","230","Safe","Calm","0.0","69","12.1","2.9","1005.6","1017.5"
"2026-09-24","00:20:23","Clear","Dry","Dark","-3.3","16.5","3328","57232","18.0","33%","22.4","","Opened","7.290","230","Safe","Calm","0.0","69","12.1","2.6","1005.6","1017.4"
"2026-09-24","00:20:34","Clear","Dry","Dark","-3.3","16.5","3328","57232","18.0","33%","22.3","","Opened","7.360","230","Safe","Calm","0.0","69","12.1","2.6","1005.6","1017.5"
"2026-09-24","00:20:44","Clear","Dry","Dark","-3.3","16.5","3328","57232","17.9","33%","22.4","","Opened","7.468","230","Safe","Calm","0.0","69","12.1","2.6","1005.6","1017.5"
"2026-09-24","00:20:54","Clear","Dry","Dark","-3.5","16.5","3328","57232","18.0","33%","22.5","","Opened","7.390","230","Safe","Calm","0.0","69","12.1","2.5","1005.6","1017.4"
"2026-09-24","00:21:04","Clear","Dry","Dark","-3.3","16.5","3328","57232","17.9","33%","22.5","Heating DOWN","Opened","7.451","230","Safe","Calm","0.0","69","12.1","2.6","1005.6","1017.5"
"2026-09-24","00:21:14","Clear","Dry","Dark","-3.3","16.5","3200","57232","17.9","32%","22.5","Heating DOWN","Opened","7.432","230","Safe","Calm","0.0","69","12.1","2.6","1005.6","1017.5"
"2026-09-24","00:21:24","Clear","Dry","Dark","-3.3","16.5","3200","57232","17.9","31%","22.5","Heating DOWN","Opened","7.431","230","Safe","Calm","0.0","69","12.1","2.7","1005.6","1017.5"
"2026-09-24","00:21:33","Clear","Dry","Dark","-3.3","16.5","3200","57232","17.9","30%","22.4","","Opened","7.312","230","Safe","Calm","0.0","69","12.1","2.6","1005.6","1017.5"
"2026-09-24","00:21:44","Clear","Dry","Dark","-3.2","16.5","3200","57232","17.9","30%","22.4","","Opened","7.538","230","Safe","Calm","0.0","69","12.1","2.8","1005.6","1017.4"
"2026-09-24","00:21:54","Clear","Dry","Dark","-3.3","16.5","3200","57232","17.9","30%","22.3","","Opened","7.328","230","Safe","Calm","0.0","69","12.1","2.7","1005.6","1017.4"
"2026-09-24","00:22:03","Clear","Dry","Dark","-3.3","16.5","3200","57232","17.9","30%","22.2","","Opened","7.276","230","Safe","Calm","0.0","69","12.1","2.6","1005.6","1017.5"
"2026-09-24","00:22:14","Clear","Dry","Dark","-3.3","16.5","3200","57232","17.9","30%","22.2","","Opened","7.338","230","Safe","Calm","0.0","69","12.1","2.6","1005.6","1017.4"
"2026-09-24","00:22:23","Clear","Dry","Dark","-3.0","16.5","3200","57232","17.9","30%","22.1","","Opened","7.292","230","Safe","Calm","0.0","69","12.1","2.9","1005.6","1017.5"
"2026-09-24","00:22:34","Clear","Dry","Dark","-3.0","16.5","3200","57232","17.9","30%","22.0","","Opened","7.372","230","Safe","Calm","0.0","69","12.1","2.9","1005.6","1017.5"
"2026-09-24","00:22:44","Clear","Dry","Dark","-3.1","16.5","3200","57232","17.9","30%","21.9","","Opened","7.463","230","Safe","Calm","0.0","69","12.1","2.8","1005.6","1017.4"
"2026-09-24","00:22:54","Clear","Dry","Dark","-3.3","16.5","3200","57232","17.9","30%","21.9","","Opened","7.398","230","Safe","Calm","0.0","69","12.1","2.6","1005.6","1017.4"
"2026-09-24","00:23:04","Clear","Dry","Dark","-3.2","16.5","3200","57232","17.9","30%","21.9","","Opened","7.355","230","Safe","Calm","0.0","69","12.1","2.7","1005.6","1017.5"
"2026-09-24","00:23:14","Clear","Dry","Dark","-3.1","16.5","3200","57232","17.9","30%","21.8","Heating UP","Opened","7.379","230","Safe","Calm","0.0","69","12.1","2.7","1005.6","1017.5"
"2026-09-24","00:23:24","Clear","Dry","Dark","-3.2","16.5","3200","57232","17.9","31%","21.8","Heating UP","Opened","7.482","230","Safe","Calm","0.0","69","12.1","2.7","1005.6","1017.5"
"2026-09-24","00:23:34","Clear","Dry","Dark","-3.2","16.5","3200","57232","17.9","32%","21.8","Heating UP","Opened","7.466","230","Safe","Calm","0.0","69","12.1","2.7","1005.6","1017.5"
"2026-09-24","00:23:44","Clear","Dry","Dark","-3.1","16.5","3328","57232","17.9","33%","21.8","Heating UP","Opened","7.623","230","Safe","Calm","0.0","69","12.1","2.8","1005.7","1017.6"
"2026-09-24","00:23:54","Clear","Dry","Dark","-3.2","16.5","3200","57232","17.9","34%","21.8","Heating UP","Opened","7.442","230","Safe","Calm","0.0","69","12.1","2.7","1005.6","1017.4"
"2026-09-24","00:24:04","Clear","Dry","Dark","-3.4","16.5","3200","57232","17.9","35%","21.8","Heating UP","Opened","7.432","230","Safe","Calm","0.0","69","12.1","2.5","1005.6","1017.5"
"2026-09-24","00:24:14","Clear","Dry","Dark","-3.3","16.5","3200","57232","17.8","36%","21.9","","Opened","7.294","230","Safe","Calm","0.0","69","12.1","2.6","1005.6","1017.4"
"2026-09-24","00:24:24","Clear","Dry","Dark","-3.3","16.5","3200","57232","17.9","36%","22.0","","Opened","7.368","230","Safe","Calm","0.0","69","12.1","2.6","1005.6","1017.4"
"2026-09-24","00:24:34","Clear","Dry","Dark","-3.3","16.5","3200","57232","17.8","36%","22.0","","Opened","7.319","230","Safe","Calm","0.0","69","12.1","2.6","1005.6","1017.5"
"2026-09-24","00:24:44","Clear","Dry","Dark","-3.3","16.4","3200","57232","17.8","36%","22.1","","Opened","7.430","230","Safe","Calm","0.0","69","12.1","2.5","1005.6","1017.4"
"2026-09-24","00:24:54","Clear","Dry","Dark","-3.3","16.4","3200","57232","17.9","36%","22.2","","Opened","7.333","230","Safe","Calm","0.0","69","12.1","2.6","1005.6","1017.5"
"2026-09-24","00:25:04","Clear","Dry","Dark","-3.2","16.4","3200","57232","17.8","36%","22.2","","Opened","7.293","230","Safe","Calm","0.0","69","12.1","2.6","1005.6","1017.4"
"2026-09-24","00:25:14","Clear","Dry","Dark","-3.3","16.4","3200","57232","17.9","36%","22.1","","Opened","7.352","230","Safe","Calm","0.0","69","12.1","2.6","1005.6","1017.5"
"2026-09-24","00:25:24","Clear","Dry","Dark","-3.4","16.4","3200","57232","17.8","36%","22.2","","Opened","7.299","230","Safe","Calm","0.0","69","12.1","2.5","1005.6","1017.5"
"2026-09-24","00:25:34","Clear","Dry","Dark","-3.1","16.4","3200","57232","17.8","36%","22.3","","Opened","7.376","230","Safe","Calm","0.0","69","12.1","2.7","1005.6","1017.4"
"2026-09-24","00:25:44","Clear","Dry","Dark","-3.1","16.4","3200","57232","17.8","36%","22.2","","Opened","7.481","230","Safe","Calm","0.0","69","12.1","2.8","1005.6","1017.5"
"2026-09-24","00:25:54","Clear","Dry","Dark","-3.2","16.4","3200","57232","17.9","36%","22.2","","Opened","7.279","230","Safe","Calm","0.0","69","12.1","2.7","1005.6","1017.4"
"2026-09-24","00:26:04","Clear","Dry","Dark","-3.3","16.4","3200","57232","17.8","36%","22.2","","Opened","7.311","230","Safe","Calm","0.0","69","12.1","2.6","1005.7","1017.6"
"2026-09-24","00:26:13","Clear","Dry","Dark","-3.4","16.4","3200","57232","17.8","36%","22.3","","Opened","7.255","230","Safe","Calm","0.0","69","12.1","2.5","1005.7","1017.6"
"2026-09-24","00:26:24","Clear","Dry","Dark","-3.2","16.4","3200","57232","17.8","36%","22.3","","Opened","7.316","230","Safe","Calm","0.0","69","12.1","2.6","1005.6","1017.4"
"2026-09-24","00:26:34","Clear","Dry","Dark","-3.3","16.4","3200","57232","17.8","36%","22.3","","Opened","7.394","230","Safe","Calm","0.0","69","12.1","2.6","1005.8","1017.6"
"2026-09-24","00:26:44","Clear","Dry","Dark","-3.4","16.4","3200","57232","17.8","36%","22.4","Heating DOWN","Opened","7.596","230","Safe","Calm","0.0","69","12.1","2.5","1005.6","1017.4"
"2026-09-24","00:26:54","Clear","Dry","Dark","-3.4","16.4","3200","57232","17.8","35%","22.4","Heating DOWN","Opened","7.442","230","Safe","Calm","0.0","69","12.1","2.5","1005.7","1017.6"
"2026-09-24","00:27:04","Clear","Dry","Dark","-3.4","16.3","3200","57232","17.8","34%","22.5","Heating DOWN","Opened","7.424","230","Safe","Calm","0.0","69","12.1","2.4","1005.6","1017.4"
"2026-09-24","00:27:14","Clear","Dry","Dark","-3.4","16.3","3328","57232","17.8","33%","22.5","Heating DOWN","Opened","7.409","230","Safe","Calm","0.0","69","12.1","2.4","1005.7","1017.6"
"2026-09-24","00:27:24","Clear","Dry","Dark","-3.2","16.3","3200","57232","17.8","32%","22.5","Heating DOWN","Opened","7.404","230","Safe","Calm","0.0","69","12.1","2.7","1005.6","1017.5"
"2026-09-24","00:27:34","Clear","Dry","Dark","-3.2","16.3","3200","57232","17.8","31%","22.4","","Opened","7.268","230","Safe","Calm","0.0","69","12.1","2.7","1005.6","1017.5"
"2026-09-24","00:27:44","Clear","Dry","Dark","-3.3","16.4","3200","57232","17.8","31%","22.3","","Opened","7.486","230","Safe","Calm","0.0","69","12.1","2.6","1005.7","1017.6"
"2026-09-24","00:27:54","Clear","Dry","Dark","-3.3","16.4","3200","57232","17.8","31%","22.3","","Opened","7.291","230","Safe","Calm","0.0","69","12.1","2.6","1005.6","1017.5"
"2026-09-24","00:28:04","Clear","Dry","Dark","-3.2","16.4","3200","57232","17.8","31%","22.1","","Opened","7.362","230","Safe","Calm","0.0","69","12.1","2.6","1005.7","1017.6"
"2026-09-24","00:28:14","Clear","Dry","Dark","-3.2","16.4","3200","57232","17.8","31%","22.0","","Opened","7.304","230","Safe","Calm","0.0","69","12.1","2.6","1005.7","1017.6"
"2026-09-24","00:28:24","Clear","Dry","Dark","-3.3","16.4","3200","57232","17.8","31%","22.0","","Opened","7.386","230","Safe","Calm","0.0","69","12.1","2.6","1005.6","1017.5"
"2026-09-24","00:28:34","Clear","Dry","Dark","-3.3","16.4","3200","57232","17.8","31%","22.0","","Opened","7.327","230","Safe","Calm","0.0","69","12.1","2.5","1005.8","1017.7"
"2026-09-24","00:28:44","Clear","Dry","Dark","-3.2","16.4","3200","57232","17.8","31%","22.0","","Opened","7.442","230","Safe","Calm","0.0","69","12.1","2.6","1005.6","1017.5"
"2026-09-24","00:28:54","Clear","Dry","Dark","-3.3","16.4","3200","57232","17.8","31%","21.9","","Opened","7.362","230","Safe","Calm","0.0","69","12.1","2.6","1005.7","1017.6"
"2026-09-24","00:29:04","Clear","Dry","Dark","-3.4","16.4","3200","57232","17.8","31%","21.9","","Opened","7.317","230","Safe","Calm","0.0","69","12.1","2.5","1005.7","1017.6"
"2026-09-24","00:29:14","Clear","Dry","Dark","-3.4","16.4","3200","57232","17.8","31%","21.9","","Opened","7.258","230","Safe","Calm","0.0","69","12.1","2.5","1005.6","1017.5"
"2026-09-24","00:29:24","Clear","Dry","Dark","-3.4","16.4","3200","57232","17.8","31%","22.0","","Opened","7.327","230","Safe","Calm","0.0","69","12.1","2.5","1005.7","1017.6"
"2026-09-24","00:29:34","Clear","Dry","Dark","-3.4","16.4","3200","57232","17.8","31%","22.0","","Opened","7.283","230","Safe","Calm","0.0","69","12.1","2.5","1005.7","1017.6"
"2026-09-24","00:29:44","Clear","Dry","Dark","-3.2","16.4","3200","57232","17.8","31%","22.1","","Opened","7.499","230","Safe","Calm","0.0","69","12.1","2.6","1005.7","1017.6"
"2026-09-24","00:29:54","Clear","Dry","Dark","-3.1","16.3","3200","57232","17.8","31%","22.0","","Opened","7.311","230","Safe","Calm","0.0","69","12.1","2.7","1005.6","1017.5"
"2026-09-24","00:30:04","Clear","Dry","Dark","-3.2","16.4","3200","57232","17.8","31%","22.0","","Opened","7.379","230","Safe","Calm","0.0","69","12.1","2.6","1005.6","1017.5"
"2026-09-24","00:30:14","Clear","Dry","Dark","-3.3","16.3","3200","57232","17.8","31%","21.9","","Opened","7.313","230","Safe","Calm","0.0","69","12.1","2.5","1005.7","1017.6"
"2026-09-24","00:30:24","Clear","Dry","Dark","-3.3","16.3","3200","57232","17.8","31%","21.8","","Opened","7.390","230","Safe","Calm","0.0","69","12.1","2.6","1005.7","1017.6"
"2026-09-24","00:30:34","Clear","Dry","Dark","-3.3","16.3","3200","57232","17.8","31%","21.8","","Opened","7.343","230","Safe","Calm","0.0","69","12.1","2.5","1005.6","1017.5"
"2026-09-24","00:30:44","Clear","Dry","Dark","-3.3","16.3","3200","57232","17.8","31%","21.8","","Opened","7.432","230","Safe","Calm","0.0","69","12.1","2.5","1005.7","1017.6"
"2026-09-24","00:30:54","Clear","Dry","Dark","-3.2","16.3","3200","57232","17.8","31%","21.7","Heating UP","Opened","7.479","230","Safe","Calm","0.0","70","12.1","2.6","1005.7","1017.6"
"2026-09-24","00:31:04","Clear","Dry","Dark","-3.3","16.3","3200","57232","17.8","32%","21.7","Heating UP","Opened","7.477","230","Safe","Calm","0.0","70","12.1","2.5","1005.7","1017.6"
"2026-09-24","00:31:14","Clear","Dry","Dark","-3.3","16.3","3328","57232","17.8","33%","21.7","Heating UP","Opened","7.465","230","Safe","Calm","0.0","70","12.1","2.6","1005.6","1017.5"
"2026-09-24","00:31:24","Clear","Dry","Dark","-3.2","16.3","3200","57232","17.7","34%","21.6","Heating UP","Opened","7.453","230","Safe","Calm","0.0","70","12.1","2.6","1005.6","1017.5"
"2026-09-24","00:31:34","Clear","Dry","Dark","-3.2","16.3","3200","57232","17.8","35%","21.6","Heating UP","Opened","7.463","230","Safe","Calm","0.0","70","12.2","2.6","1005.6","1017.5"
"2026-09-24","00:31:44","Clear","Dry","Dark","-3.3","16.3","3200","57232","17.7","36%","21.6","Heating UP","Opened","7.588","230","Safe","Calm","0.0","70","12.1","2.5","1005.6","1017.5"
"2026-09-24","00:31:54","Clear","Dry","Dark","-3.4","16.3","3328","57232","17.7","37%","21.7","","Opened","7.319","230","Safe","Calm","0.0","70","12.1","2.4","1005.7","1017.6"
"2026-09-24","00:32:04","Clear","Dry","Dark","-3.3","16.3","3328","57232","17.7","37%","21.7","","Opened","7.275","230","Safe","Calm","0.0","70","12.1","2.5","1005.6","1017.5"
"2026-09-24","00:32:14","Clear","Dry","Dark","-3.2","16.3","3328","57232","17.7","37%","21.7","","Opened","7.334","230","Safe","Calm","0.0","70","12.1","2.6","1005.7","1017.6"
"2026-09-24","00:32:24","Clear","Dry","Dark","-3.3","16.3","3328","57232","17.7","37%","21.8","","Opened","7.288","230","Safe","Calm","0.0","70","12.1","2.5","1005.7","1017.6"
"2026-09-24","00:32:34","Clear","Dry","Dark","-3.3","16.3","3328","57232","17.7","37%","21.8","","Opened","7.366","230","Safe","Calm","0.0","70","12.1","2.5","1005.6","1017.5"
"2026-09-24","00:32:44","Clear","Dry","Dark","-3.3","16.3","3328","57232","17.7","37%","21.8","","Opened","7.427","230","Safe","Calm","0.0","70","12.1","2.5","1005.7","1017.6"
"2026-09-24","00:32:54","Clear","Dry","Dark","-3.2","16.3","3328","57232","17.7","37%","21.9","","Opened","7.352","230","Safe","Calm","0.0","70","12.1","2.6","1005.6","1017.5"
"2026-09-24","00:33:04","Clear","Dry","Dark","-3.2","16.3","3328","57232","17.7","37%","21.9","","Opened","7.303","230","Safe","Calm","0.0","70","12.1","2.6","1005.6","1017.5"
"2026-09-24","00:33:14","Clear","Dry","Dark","-3.3","16.3","3328","57232","17.7","37%","21.9","","Opened","7.363","230","Safe","Calm","0.0","70","12.1","2.5","1005.6","1017.4"
"2026-09-24","00:33:24","Clear","Dry","Dark","-3.1","16.3","3328","57232","17.7","37%","22.0","","Opened","7.311","230","Safe","Calm","0.0","70","12.1","2.7","1005.7","1017.6"
"2026-09-24","00:33:34","Clear","Dry","Dark","-3.1","16.3","3328","57232","17.7","37%","22.0","","Opened","7.374","230","Safe","Calm","0.0","70","12.1","2.7","1005.6","1017.5"
"2026-09-24","00:33:44","Clear","Dry","Dark","-3.2","16.3","3328","57232","17.7","37%","22.0","","Opened","7.454","230","Safe","Calm","0.0","70","12.1","2.6","1005.7","1017.6"
"2026-09-24","00:33:54","Clear","Dry","Dark","-3.1","16.3","3328","57232","17.7","37%","22.0","","Opened","7.393","230","Safe","Calm","0.0","70","12.1","2.7","1005.7","1017.6"
"2026-09-24","00:34:04","Clear","Dry","Dark","-3.1","16.4","3328","57232","17.7","37%","21.9","","Opened","7.351","230","Safe","Calm","0.0","70","12.1","2.7","1005.6","1017.5"
"2026-09-24","00:34:14","Clear","Dry","Dark","-3.0","16.4","3328","57232","17.7","37%","21.9","","Opened","7.287","230","Safe","Calm","0.0","70","12.1","2.7","1005.7","1017.6"
"2026-09-24","00:34:24","Clear","Dry","Dark","-3.1","16.4","3328","57232","17.7","37%","21.8","","Opened","7.354","230","Safe","Calm","0.0","70","12.1","2.7","1005.6","1017.5"
"2026-09-24","00:34:34","Clear","Dry","Dark","-3.2","16.4","3328","57232","17.7","37%","21.8","","Opened","7.293","230","Safe","Calm","0.0","70","12.1","2.6","1005.6","1017.5"
"2026-09-24","00:34:44","Clear","Dry","Dark","-3.0","16.4","3328","57232","17.7","37%","21.9","","Opened","7.518","230","Safe","Calm","0.0","70","12.1","2.7","1005.6","1017.5"
"2026-09-24","00:34:54","Clear","Dry","Dark","-3.1","16.4","3328","57232","17.7","37%","21.8","","Opened","7.327","230","Safe","Calm","0.0","70","12.2","2.7","1005.6","1017.5"
"2026-09-24","00:35:04","Clear","Dry","Dark","-3.2","16.4","3328","57232","17.7","37%","21.8","","Opened","7.276","230","Safe","Calm","0.0","70","12.1","2.6","1005.6","1017.5"
"2026-09-24","00:35:14","Clear","Dry","Dark","-3.2","16.4","3328","57232","17.7","37%","21.9","","Opened","7.339","230","Safe","Calm","0.0","70","12.2","2.6","1005.7","1017.6"
"2026-09-24","00:35:24","Clear","Dry","Dark","-3.1","16.4","3328","57232","17.6","37%","21.9","","Opened","7.277","230","Safe","Calm","0.0","70","12.2","2.6","1005.6","1017.4"
"2026-09-24","00:35:34","Clear","Dry","Dark","-3.1","16.4","3328","57232","17.7","37%","21.9","","Opened","7.354","230","Safe","Calm","0.0","70","12.2","2.6","1005.6","1017.5"
"2026-09-24","00:35:44","Clear","Dry","Dark","-3.1","16.4","3328","57232","17.6","37%","21.9","","Opened","7.439","230","Safe","Calm","0.0","70","12.2","2.7","1005.6","1017.4"
"2026-09-24","00:35:54","Clear","Dry","Dark","-3.1","16.4","3328","57232","17.6","37%","21.9","","Opened","7.381","230","Safe","Calm","0.0","70","12.2","2.7","1005.6","1017.5"
"2026-09-24","00:36:04","Clear","Dry","Dark","-3.1","16.5","3328","57232","17.7","37%","21.9","","Opened","7.326","230","Safe","Calm","0.0","70","12.2","2.7","1005.6","1017.5"
"2026-09-24","00:36:14","Clear","Dry","Dark","-3.2","16.5","3328","57232","17.6","37%","21.9","","Opened","7.261","230","Safe","Calm","0.0","70","12.2","2.6","1005.6","1017.5"
"2026-09-24","00:36:24","Clear","Dry","Dark","-3.1","16.5","3328","57232","17.6","37%","21.8","","Opened","7.339","230","Safe","Calm","0.0","70","12.2","2.6","1005.8","1017.6"
"2026-09-24","00:36:34","Clear","Dry","Dark","-3.1","16.5","3328","57232","17.6","37%","21.9","","Opened","7.289","230","Safe","Calm","0.0","71","12.2","2.7","1005.6","1017.5"
"2026-09-24","00:36:44","Clear","Dry","Dark","-3.1","16.5","3328","57232","17.6","37%","21.9","","Opened","7.504","230","Safe","Calm","0.0","71","12.2","2.6","1005.6","1017.5"
"2026-09-24","00:36:54","Clear","Dry","Dark","-3.3","16.5","3328","57232","17.6","37%","21.9","","Opened","7.319","230","Safe","Calm","0.0","71","12.2","2.4","1005.6","1017.5"
"2026-09-24","00:37:04","Clear","Dry","Dark","-3.1","16.5","3328","57232","17.6","37%","22.0","","Opened","7.391","230","Safe","Calm","0.0","71","12.2","2.7","1005.6","1017.4"
"2026-09-24","00:37:14","Clear","Dry","Dark","-3.2","16.5","3328","57232","17.6","37%","22.1","","Opened","7.323","230","Safe","Calm","0.0","71","12.2","2.6","1005.6","1017.5"
"2026-09-24","00:37:24","Clear","Dry","Dark","-3.2","16.4","3328","57232","17.6","37%","22.1","","Opened","7.390","230","Safe","Calm","0.0","71","12.2","2.6","1005.6","1017.4"
"2026-09-24","00:37:34","Clear","Dry","Dark","-3.2","16.5","3328","57232","17.6","37%","22.1","","Opened","7.324","230","Safe","Calm","0.0","71","12.2","2.6","1005.6","1017.4"
"2026-09-24","00:37:44","Clear","Dry","Dark","-3.1","16.4","3328","57232","17.6","37%","22.1","","Opened","7.532","230","Safe","Calm","0.0","71","12.2","2.6","1005.6","1017.4"
"2026-09-24","00:37:54","Clear","Dry","Dark","-3.3","16.4","3328","57232","17.6","37%","22.1","","Opened","7.342","230","Safe","Calm","0.0","71","12.2","2.4","1005.6","1017.5"
"2026-09-24","00:38:04","Clear","Dry","Dark","-3.1","16.4","3328","57232","17.6","37%","22.1","","Opened","7.285","230","Safe","Calm","0.0","71","12.2","2.6","1005.6","1017.4"
"2026-09-24","00:38:14","Clear","Dry","Dark","-3.2","16.5","3328","57232","17.6","37%","22.1","","Opened","7.343","230","Safe","Calm","0.0","71","12.2","2.6","1005.6","1017.4"
"2026-09-24","00:38:24","Clear","Dry","Dark","-3.2","16.5","3328","57232","17.6","37%","22.1","","Opened","7.289","230","Safe","Calm","0.0","71","12.2","2.6","1005.6","1017.4"
"2026-09-24","00:38:34","Clear","Dry","Dark","-3.2","16.5","3328","57232","17.6","37%","22.2","","Opened","7.377","230","Safe","Calm","0.0","71","12.2","2.5","1005.6","1017.4"
"2026-09-24","00:38:44","Clear","Dry","Dark","-3.2","16.5","3328","57232","17.6","37%","22.2","","Opened","7.459","230","Safe","Calm","0.0","71","12.2","2.6","1005.6","1017.4"
"2026-09-24","00:38:54","Clear","Dry","Dark","-3.2","16.4","3328","57232","17.6","37%","22.3","Heating DOWN","Opened","7.398","230","Safe","Calm","0.0","71","12.2","2.6","1005.6","1017.4"
"2026-09-24","00:39:04","Clear","Dry","Dark","-3.2","16.4","3200","57232","17.6","36%","22.3","Heating DOWN","Opened","7.515","230","Safe","Calm","0.0","71","12.2","2.5","1005.6","1017.4"
"2026-09-24","00:39:14","Clear","Dry","Dark","-3.3","16.4","3200","57232","17.6","35%","22.3","Heating DOWN","Opened","7.494","230","Safe","Calm","0.0","71","12.3","2.5","1005.6","1017.4"
"2026-09-24","00:39:24","Clear","Dry","Dark","-3.3","16.4","3200","57232","17.6","34%","22.3","Heating DOWN","Opened","7.492","230","Safe","Calm","0.0","71","12.2","2.5","1005.6","1017.5"
"2026-09-24","00:39:34","Clear","Dry","Dark","-3.1","16.4","3328","57232","17.6","33%","22.3","Heating DOWN","Opened","7.478","230","Safe","Calm","0.0","71","12.2","2.6","1005.6","1017.4"
"2026-09-24","00:39:44","Clear","Dry","Dark","-3.2","16.4","3200","57232","17.6","32%","22.3","Heating DOWN","Opened","7.585","230","Safe","Calm","0.0","71","12.2","2.6","1005.7","1017.6"
"2026-09-24","00:39:54","Clear","Dry","Dark","-3.2","16.4","3200","57232","17.6","31%","22.3","Heating DOWN","Opened","7.423","230","Safe","Calm","0.0","71","12.2","2.5","1005.6","1017.4"
"2026-09-24","00:40:04","Clear","Dry","Dark","-3.2","16.4","3200","57232","17.6","30%","22.2","","Opened","7.294","230","Safe","Calm","0.0","71","12.2","2.5","1005.6","1017.5"
"2026-09-24","00:40:14","Clear","Dry","Dark","-3.2","16.4","3200","57232","17.6","30%","22.2","Heating DOWN","Opened","7.490","230","Safe","Calm","0.0","71","12.2","2.5","1005.8","1017.6"
"2026-09-24","00:40:24","Clear","Dry","Dark","-3.2","16.3","3328","57232","17.6","29%","22.1","","Opened","7.360","230","Safe","Calm","0.0","71","12.2","2.5","1005.8","1017.6"
"2026-09-24","00:40:34","Clear","Dry","Dark","-3.2","16.3","3328","57232","17.6","29%","22.1","","Opened","7.303","230","Safe","Calm","0.0","71","12.2","2.5","1005.6","1017.5"
"2026-09-24","00:40:44","Clear","Dry","Dark","-3.3","16.3","3328","57232","17.6","29%","22.0","","Opened","7.502","230","Safe","Calm","0.0","71","12.2","2.5","1005.6","1017.4"
"2026-09-24","00:40:54","Clear","Dry","Dark","-3.3","16.3","3328","57232","17.6","29%","21.9","","Opened","7.314","230","Safe","Calm","0.0","71","12.2","2.5","1005.6","1017.4"
"2026-09-24","00:41:04","Clear","Dry","Dark","-3.2","16.3","3328","57232","17.6","29%","21.9","","Opened","7.392","230","Safe","Calm","0.0","71","12.2","2.5","1005.6","1017.5"
"2026-09-24","00:41:14","Clear","Dry","Dark","-3.3","16.3","3200","57232","17.6","29%","21.8","","Opened","7.329","230","Safe","Calm","0.0","70","12.2","2.5","1005.6","1017.5"
"2026-09-24","00:41:24","Clear","Dry","Dark","-3.2","16.3","3328","57232","17.6","29%","21.8","","Opened","7.273","230","Safe","Calm","0.0","71","12.2","2.5","1005.7","1017.6"
"2026-09-24","00:41:34","Clear","Dry","Dark","-3.3","16.3","3328","57232","17.6","29%","21.7","","Opened","7.344","230","Safe","Calm","0.0","71","12.2","2.5","1005.7","1017.6"
"2026-09-24","00:41:44","Clear","Dry","Dark","-3.4","16.3","3200","57232","17.6","29%","21.7","","Opened","7.429","230","Safe","Calm","0.0","70","12.2","2.4","1005.6","1017.5"
"2026-09-24","00:41:54","Clear","Dry","Dark","-3.3","16.3","3200","57232","17.6","29%","21.7","","Opened","7.369","230","Safe","Calm","0.0","70","12.2","2.4","1005.6","1017.5"
"2026-09-24","00:42:04","Clear","Dry","Dark","-3.3","16.3","3328","57232","17.6","29%","21.7","","Opened","7.312","230","Safe","Calm","0.0","70","12.2","2.4","1005.6","1017.5"
"2026-09-24","00:42:14","Clear","Dry","Dark","-3.3","16.2","3200","57232","17.6","29%","21.7","","Opened","7.373","230","Safe","Calm","0.0","70","12.2","2.5","1005.6","1017.5"
"2026-09-24","00:42:24","Clear","Dry","Dark","-3.2","16.2","3328","57232","17.6","29%","21.6","","Opened","7.312","230","Safe","Calm","0.0","70","12.2","2.5","1005.6","1017.5"
"2026-09-24","00:42:34","Clear","Dry","Dark","-3.3","16.2","3200","57232","17.6","29%","21.6","","Opened","7.273","230","Safe","Calm","0.0","70","12.2","2.4","1005.6","1017.5"
"2026-09-24","00:42:44","Clear","Dry","Dark","-3.3","16.2","3200","57232","17.6","29%","21.6","","Opened","7.482","230","Safe","Calm","0.0","70","12.2","2.4","1005.6","1017.5"
"2026-09-24","00:42:54","Clear","Dry","Dark","-3.3","16.2","3200","57232","17.6","29%","21.5","Heating UP","Opened","7.406","230","Safe","Calm","0.0","70","12.2","2.5","1005.6","1017.5"
"2026-09-24","00:43:04","Clear","Dry","Dark","-3.3","16.2","3200","57232","17.6","30%","21.5","Heating UP","Opened","7.401","230","Safe","Calm","0.0","70","12.2","2.4","1005.7","1017.6"
"2026-09-24","00:43:14","Clear","Dry","Dark","-3.2","16.2","3200","57232","17.6","31%","21.4","Heating UP","Opened","7.383","230","Safe","Calm","0.0","70","12.1","2.5","1005.8","1017.6"
"2026-09-24","00:43:24","Clear","Dry","Dark","-3.2","16.2","3200","57232","17.6","32%","21.4","Heating UP","Opened","7.506","230","Safe","Calm","0.0","70","12.1","2.5","1005.6","1017.5"
"2026-09-24","00:43:34","Clear","Dry","Dark","-3.4","16.2","3200","57232","17.6","33%","21.4","Heating UP","Opened","7.498","230","Safe","Calm","0.0","70","12.1","2.3","1005.6","1017.5"
"2026-09-24","00:43:44","Clear","Dry","Dark","-3.2","16.2","3200","57232","17.6","34%","21.4","Heating UP","Opened","7.634","230","Safe","Calm","0.0","70","12.2","2.5","1005.6","1017.5"
"2026-09-24","00:43:54","Clear","Dry","Dark","-3.3","16.2","3200","57232","17.6","35%","21.5","","Opened","7.366","230","Safe","Calm","0.0","70","12.1","2.4","1005.7","1017.6"
"2026-09-24","00:44:04","Clear","Dry","Dark","-3.3","16.2","3200","57232","17.6","35%","21.5","Heating UP","Opened","7.434","230","Safe","Calm","0.0","70","12.2","2.5","1005.7","1017.6"
"2026-09-24","00:44:14","Clear","Dry","Dark","-3.4","16.2","3200","57232","17.6","36%","21.5","Heating UP","Opened","7.410","230","Safe","Calm","0.0","70","12.2","2.4","1005.6","1017.5"
"2026-09-24","00:44:24","Clear","Dry","Dark","-3.2","16.2","3328","57232","17.6","37%","21.5","Heating UP","Opened","7.407","230","Safe","Calm","0.0","70","12.2","2.5","1005.7","1017.6"
"2026-09-24","00:44:34","Clear","Dry","Dark","-3.3","16.2","3200","57232","17.6","38%","21.5","Heating UP","Opened","7.395","230","Safe","Calm","0.0","71","12.2","2.5","1005.6","1017.5"
"2026-09-24","00:44:44","Clear","Dry","Dark","-3.2","16.2","3200","57232","17.6","39%","21.5","Heating UP","Opened","7.655","230","Safe","Calm","0.0","71","12.2","2.5","1005.6","1017.5"
"2026-09-24","00:44:54","Clear","Dry","Dark","-3.2","16.2","3200","57232","17.6","40%","21.6","","Opened","7.395","230","Safe","Calm","0.0","71","12.2","2.5","1005.7","1017.6"
"2026-09-24","00:45:04","Clear","Dry","Dark","-3.1","16.2","3200","57232","17.6","40%","21.6","","Opened","7.339","230","Safe","Calm","0.0","71","12.2","2.6","1005.7","1017.6"
"2026-09-24","00:45:14","Clear","Dry","Dark","-3.3","16.2","3200","57232","17.6","40%","21.6","","Opened","7.274","230","Safe","Calm","0.0","71","12.2","2.4","1005.6","1017.5"
"2026-09-24","00:45:24","Clear","Dry","Dark","-3.3","16.2","3200","57232","17.6","40%","21.6","","Opened","7.347","230","Safe","Calm","0.0","71","12.2","2.4","1005.6","1017.5"
"2026-09-24","00:45:34","Clear","Dry","Dark","-3.1","16.2","3200","57232","17.5","40%","21.7","","Opened","7.301","230","Safe","Calm","0.0","71","12.1","2.6","1005.6","1017.5"
"2026-09-24","00:45:44","Clear","Dry","Dark","-3.1","16.3","3200","57232","17.6","40%","21.7","","Opened","7.516","230","Safe","Calm","0.0","71","12.2","2.6","1005.7","1017.6"
"2026-09-24","00:45:54","Clear","Dry","Dark","-3.2","16.3","3200","57232","17.6","40%","21.7","","Opened","7.324","230","Safe","Calm","0.0","71","12.2","2.5","1005.6","1017.5"
"2026-09-24","00:46:04","Clear","Dry","Dark","-2.8","16.3","3200","57232","17.6","40%","21.8","","Opened","7.274","230","Safe","Calm","0.0","71","12.2","2.9","1005.8","1017.6"
"2026-09-24","00:46:14","Clear","Dry","Dark","-3.1","16.3","3200","57232","17.5","40%","21.8","","Opened","7.350","230","Safe","Calm","0.0","71","12.2","2.6","1005.8","1017.6"
"2026-09-24","00:46:24","Clear","Dry","Dark","-3.1","16.3","3200","57232","17.5","40%","21.8","","Opened","7.291","230","Safe","Calm","0.0","71","12.1","2.6","1005.7","1017.6"
"2026-09-24","00:46:34","Clear","Dry","Dark","-3.2","16.3","3200","57232","17.6","40%","21.9","","Opened","7.364","230","Safe","Calm","0.0","71","12.2","2.5","1005.6","1017.5"
"2026-09-24","00:46:44","Clear","Dry","Dark","-3.2","16.3","3200","57232","17.5","40%","21.9","","Opened","7.456","230","Safe","Calm","0.0","71","12.2","2.5","1005.7","1017.6"
"2026-09-24","00:46:54","Clear","Dry","Dark","-3.3","16.3","3200","57232","17.6","40%","22.0","","Opened","7.394","230","Safe","Calm","0.0","71","12.2","2.4","1005.7","1017.6"
"2026-09-24","00:47:04","Clear","Dry","Dark","-3.2","16.3","3200","57232","17.6","40%","22.1","","Opened","7.336","230","Safe","Calm","0.0","71","12.2","2.5","1005.7","1017.6"
"2026-09-24","00:47:14","Clear","Dry","Dark","-3.3","16.3","3200","57232","17.5","40%","22.2","Heating DOWN","Opened","7.393","230","Safe","Calm","0.0","71","12.2","2.4","1005.7","1017.6"
"2026-09-24","00:47:24","Clear","Dry","Dark","-3.2","16.3","3200","57232","17.5","39%","22.2","Heating DOWN","Opened","7.504","230","Safe","Calm","0.0","71","12.2","2.5","1005.6","1017.5"
"2026-09-24","00:47:34","Clear","Dry","Dark","-3.2","16.2","3200","57232","17.6","38%","22.3","Heating DOWN","Opened","7.482","230","Safe","Calm","0.0","71","12.2","2.5","1005.6","1017.5"
"2026-09-24","00:47:44","Clear","Dry","Dark","-3.3","16.2","3328","57232","17.5","37%","22.3","Heating DOWN","Opened","7.620","230","Safe","Calm","0.0","71","12.2","2.4","1005.7","1017.6"
"2026-09-24","00:47:54","Clear","Dry","Dark","-3.1","16.2","3200","57232","17.6","36%","22.3","Heating DOWN","Opened","7.465","230","Safe","Calm","0.0","71","12.2","2.6","1005.6","1017.5"
"2026-09-24","00:48:04","Clear","Dry","Dark","-3.1","16.2","3200","57232","17.5","35%","22.2","","Opened","7.344","230","Safe","Calm","0.0","71","12.2","2.6","1005.7","1017.6"
"2026-09-24","00:48:14","Clear","Dry","Dark","-3.0","16.2","3200","57232","17.5","35%","22.3","Heating DOWN","Opened","7.392","230","Safe","Calm","0.0","71","12.2","2.6","1005.6","1017.5"
"2026-09-24","00:48:24","Clear","Dry","Dark","-3.2","16.2","3200","57232","17.5","34%","22.2","","Opened","7.278","230","Safe","Calm","0.0","71","12.2","2.5","1005.7","1017.6"
"2026-09-24","00:48:34","Clear","Dry","Dark","-3.3","16.2","3200","57232","17.5","34%","22.2","Heating DOWN","Opened","7.477","230","Safe","Calm","0.0","71","12.2","2.4","1005.7","1017.6"
"2026-09-24","00:48:44","Clear","Dry","Dark","-3.2","16.3","3328","57232","17.6","33%","22.2","Heating DOWN","Opened","7.599","230","Safe","Calm","0.0","71","12.2","2.5","1005.7","1017.6"
"2026-09-24","00:48:54","Clear","Dry","Dark","-3.2","16.3","3200","57232","17.6","32%","22.2","Heating DOWN","Opened","7.455","230","Safe","Calm","0.0","71","12.2","2.5","1005.8","1017.6"
"2026-09-24","00:49:04","Clear","Dry","Dark","-3.3","16.3","3200","57232","17.5","31%","22.1","","Opened","7.325","230","Safe","Calm","0.0","71","12.2","2.4","1005.6","1017.5"
"2026-09-24","00:49:14","Clear","Dry","Dark","-3.3","16.2","3200","57232","17.5","31%","22.1","","Opened","7.257","230","Safe","Calm","0.0","71","12.2","2.4","1005.8","1017.6"
"2026-09-24","00:49:24","Clear","Dry","Dark","-3.1","16.3","3200","57232","17.6","31%","22.1","","Opened","7.326","230","Safe","Calm","0.0","71","12.2","2.6","1005.6","1017.5"
"2026-09-24","00:49:34","Clear","Dry","Dark","-3.3","16.3","3200","57232","17.5","31%","22.1","","Opened","7.281","230","Safe","Calm","0.0","71","12.2","2.4","1005.6","1017.5"
"2026-09-24","00:49:44","Clear","Dry","Dark","-3.1","16.3","3200","57232","17.6","31%","22.1","","Opened","7.499","230","Safe","Calm","0.0","71","12.2","2.6","1005.8","1017.6"
"2026-09-24","00:49:54","Clear","Dry","Dark","-3.3","16.3","3200","57232","17.5","31%","22.0","","Opened","7.314","230","Safe","Calm","0.0","71","12.2","2.4","1005.6","1017.5"
"2026-09-24","00:50:04","Clear","Dry","Dark","-3.2","16.3","3200","57232","17.6","31%","22.0","","Opened","7.382","230","Safe","Calm","0.0","71","12.2","2.5","1005.7","1017.6"
"2026-09-24","00:50:14","Clear","Dry","Dark","-3.2","16.3","3200","57232","17.6","31%","22.0","","Opened","7.317","230","Safe","Calm","0.0","71","12.2","2.5","1005.6","1017.4"
"2026-09-24","00:50:24","Clear","Dry","Dark","-3.2","16.3","3200","57232","17.6","31%","22.0","","Opened","7.393","230","Safe","Calm","0.0","71","12.2","2.5","1005.6","1017.5"
"2026-09-24","00:50:34","Clear","Dry","Dark","-3.2","16.2","3200","57232","17.6","31%","22.0","","Opened","7.332","230","Safe","Calm","0.0","71","12.2","2.6","1005.6","1017.4"
"2026-09-24","00:50:44","Clear","Dry","Dark","-3.2","16.2","3200","57232","17.6","31%","21.9","","Opened","7.425","230","Safe","Calm","0.0","71","12.2","2.5","1005.6","1017.4"
"2026-09-24","00:50:54","Clear","Dry","Dark","-3.3","16.3","3200","57232","17.6","31%","21.9","","Opened","7.367","230","Safe","Calm","0.0","71","12.2","2.4","1005.6","1017.5"
"2026-09-24","00:51:04","Clear","Dry","Dark","-3.3","16.2","3200","57232","17.6","31%","21.9","","Opened","7.309","230","Safe","Calm","0.0","71","12.2","2.4","1005.7","1017.6"
"2026-09-24","00:51:14","Clear","Dry","Dark","-3.4","16.2","3200","57232","17.6","31%","21.9","","Opened","7.369","230","Safe","Calm","0.0","71","12.2","2.4","1005.7","1017.6"
"2026-09-24","00:51:24","Clear","Dry","Dark","-3.3","16.2","3200","57232","17.6","31%","21.9","","Opened","7.325","230","Safe","Calm","0.0","71","12.2","2.4","1005.6","1017.5"
"2026-09-24","00:51:34","Clear","Dry","Dark","-3.3","16.2","3200","57232","17.6","31%","21.9","","Opened","7.389","230","Safe","Calm","0.0","71","12.2","2.4","1005.6","1017.5"
"2026-09-24","00:51:44","Clear","Dry","Dark","-3.3","16.2","3200","57232","17.6","31%","21.8","","Opened","7.478","230","Safe","Calm","0.0","71","12.2","2.4","1005.7","1017.6"
"2026-09-24","00:51:54","Clear","Dry","Dark","-3.1","16.2","3200","57232","17.6","31%","21.8","","Opened","7.287","230","Safe","Calm","0.0","71","12.2","2.6","1005.6","1017.5"
"2026-09-24","00:52:04","Clear","Dry","Dark","-3.2","16.2","3200","57232","17.6","31%","21.8","","Opened","7.367","230","Safe","Calm","0.0","71","12.2","2.5","1005.6","1017.5"
"2026-09-24","00:52:14","Clear","Dry","Dark","-3.2","16.2","3200","57232","17.6","31%","21.8","","Opened","7.296","230","Safe","Calm","0.0","71","12.2","2.5","1005.6","1017.5"
"2026-09-24","00:52:24","Clear","Dry","Dark","-3.3","16.2","3200","57232","17.6","31%","21.7","","Opened","7.383","230","Safe","Calm","0.0","71","12.2","2.4","1005.6","1017.5"
"2026-09-24","00:52:34","Clear","Dry","Dark","-3.2","16.2","3200","57232","17.6","31%","21.7","","Opened","7.329","230","Safe","Calm","0.0","71","12.2","2.5","1005.6","1017.5"
"2026-09-24","00:52:44","Clear","Dry","Dark","-3.3","16.2","3200","57232","17.6","31%","21.8","","Opened","7.414","230","Safe","Calm","0.0","71","12.2","2.4","1005.8","1017.6"
"2026-09-24","00:52:54","Clear","Dry","Dark","-3.2","16.2","3200","57232","17.6","31%","21.7","","Opened","7.355","230","Safe","Calm","0.0","71","12.2","2.5","1005.6","1017.5"
"2026-09-24","00:53:04","Clear","Dry","Dark","-3.2","16.2","3200","57232","17.6","31%","21.7","","Opened","7.299","230","Safe","Calm","0.0","71","12.2","2.5","1005.7","1017.6"
"2026-09-24","00:53:14","Clear","Dry","Dark","-3.1","16.2","3200","57232","17.6","31%","21.7","","Opened","7.368","230","Safe","Calm","0.0","71","12.2","2.6","1005.6","1017.4"
"2026-09-24","00:53:24","Clear","Dry","Dark","-3.2","16.2","3200","57232","17.6","31%","21.7","","Opened","7.310","230","Safe","Calm","0.0","71","12.2","2.5","1005.6","1017.5"
"2026-09-24","00:53:34","Clear","Dry","Dark","-3.3","16.2","3200","57232","17.6","31%","21.7","","Opened","7.383","230","Safe","Calm","0.0","71","12.2","2.4","1005.7","1017.6"
"2026-09-24","00:53:44","Clear","Dry","Dark","-3.2","16.2","3200","57232","17.6","31%","21.7","","Opened","7.452","230","Safe","Calm","0.0","71","12.2","2.5","1005.6","1017.5"
"2026-09-24","00:53:54","Clear","Dry","Dark","-3.1","16.2","3200","57232","17.6","31%","21.7","","Opened","7.387","230","Safe","Calm","0.0","71","12.2","2.6","1005.6","1017.5"
"2026-09-24","00:54:04","Clear","Dry","Dark","-3.3","16.2","3200","57232","17.6","31%","21.6","","Opened","7.327","230","Safe","Calm","0.0","71","12.2","2.4","1005.8","1017.6"
"2026-09-24","00:54:14","Clear","Dry","Dark","-3.1","16.2","3200","57232","17.6","31%","21.6","","Opened","7.266","230","Safe","Calm","0.0","71","12.2","2.6","1005.6","1017.5"
"2026-09-24","00:54:24","Clear","Dry","Dark","-3.2","16.2","3200","57232","17.6","31%","21.6","","Opened","7.342","230","Safe","Calm","0.0","71","12.2","2.5","1005.6","1017.5"
"2026-09-24","00:54:34","Clear","Dry","Dark","-3.3","16.2","3200","57232","17.6","31%","21.6","","Opened","7.295","230","Safe","Calm","0.0","71","12.2","2.4","1005.6","1017.5"
"2026-09-24","00:54:44","Clear","Dry","Dark","-3.3","16.2","3200","57232","17.6","31%","21.6","","Opened","7.507","230","Safe","Calm","0.0","71","12.2","2.4","1005.6","1017.5"
"2026-09-24","00:54:54","Clear","Dry","Dark","-3.1","16.2","3200","57232","17.6","31%","21.5","Heating UP","Opened","7.435","230","Safe","Calm","0.0","71","12.2","2.6","1005.6","1017.5"
"2026-09-24","00:55:04","Clear","Dry","Dark","-3.3","16.2","3200","57232","17.6","32%","21.5","Heating UP","Opened","7.434","230","Safe","Calm","0.0","71","12.2","2.5","1005.6","1017.5"
"2026-09-24","00:55:14","Clear","Dry","Dark","-3.2","16.2","3200","57232","17.6","33%","21.5","Heating UP","Opened","7.403","230","Safe","Calm","0.0","71","12.2","2.6","1005.6","1017.4"
"2026-09-24","00:55:24","Clear","Dry","Dark","-3.1","16.2","3200","57232","17.6","34%","21.5","Heating UP","Opened","7.409","230","Safe","Calm","0.0","71","12.2","2.6","1005.6","1017.5"
"2026-09-24","00:55:34","Clear","Dry","Dark","-3.1","16.2","3200","57232","17.6","35%","21.5","Heating UP","Opened","7.391","230","Safe","Calm","0.0","71","12.2","2.6","1005.6","1017.4"
"2026-09-24","00:55:44","Clear","Dry","Dark","-3.3","16.2","3200","57232","17.6","36%","21.6","","Opened","7.404","230","Safe","Calm","0.0","71","12.3","2.4","1005.7","1017.6"
"2026-09-24","00:55:54","Clear","Dry","Dark","-3.4","16.2","3200","57232","17.6","36%","21.7","","Opened","7.338","230","Safe","Calm","0.0","71","12.2","2.4","1005.7","1017.6"
"2026-09-24","00:56:04","Clear","Dry","Dark","-3.4","16.1","3200","57232","17.6","36%","21.8","","Opened","7.273","230","Safe","Calm","0.0","71","12.2","2.4","1005.6","1017.5"
"2026-09-24","00:56:14","Clear","Dry","Dark","-3.4","16.1","3200","57232","17.6","36%","21.8","","Opened","7.328","230","Safe","Calm","0.0","71","12.3","2.3","1005.6","1017.5"
"2026-09-24","00:56:24","Clear","Dry","Dark","-3.3","16.1","3200","57232","17.6","36%","21.9","","Opened","7.283","230","Safe","Calm","0.0","71","12.3","2.5","1005.6","1017.5"
"2026-09-24","00:56:34","Clear","Dry","Dark","-3.1","16.2","3200","57232","17.6","36%","21.9","","Opened","7.360","230","Safe","Calm","0.0","71","12.2","2.6","1005.6","1017.5"
"2026-09-24","00:56:44","Clear","Dry","Dark","-3.2","16.1","3200","57232","17.6","36%","21.9","","Opened","7.435","230","Safe","Calm","0.0","71","12.3","2.6","1005.6","1017.4"
"2026-09-24","00:56:54","Clear","Dry","Dark","-3.1","16.1","3200","57232","17.6","36%","21.9","","Opened","7.381","230","Safe","Calm","0.0","71","12.3","2.7","1005.7","1017.6"
"2026-09-24","00:57:04","Clear","Dry","Dark","-3.2","16.2","3200","57232","17.6","36%","21.9","","Opened","7.333","230","Safe","Calm","0.0","71","12.3","2.5","1005.6","1017.5"
"2026-09-24","00:57:14","Clear","Dry","Dark","-3.2","16.2","3200","57232","17.6","36%","21.9","","Opened","7.377","230","Safe","Calm","0.0","71","12.3","2.5","1005.6","1017.5"
"2026-09-24","00:57:24","Clear","Dry","Dark","-3.3","16.2","3200","57232","17.6","36%","21.9","","Opened","7.337","230","Safe","Calm","0.0","71","12.3","2.4","1005.7","1017.6"
"2026-09-24","00:57:34","Clear","Dry","Dark","-3.3","16.2","3200","57232","17.6","36%","22.0","","Opened","7.259","230","Safe","Calm","0.0","71","12.3","2.4","1005.8","1017.6"
"2026-09-24","00:57:44","Clear","Dry","Dark","-3.4","16.2","3200","57232","17.6","36%","22.0","","Opened","7.485","230","Safe","Calm","0.0","71","12.3","2.4","1005.6","1017.5"
"2026-09-24","00:57:54","Clear","Dry","Dark","-3.2","16.1","3200","57232","17.6","36%","22.1","","Opened","7.294","230","Safe","Calm","0.0","71","12.2","2.5","1005.8","1017.6"
"2026-09-24","00:58:04","Clear","Dry","Dark","-3.4","16.1","3200","57232","17.6","36%","22.1","","Opened","7.351","230","Safe","Calm","0.0","71","12.3","2.4","1005.7","1017.6"
"2026-09-24","00:58:14","Clear","Dry","Dark","-3.1","16.1","3200","57232","17.6","36%","22.2","","Opened","7.291","230","Safe","Calm","0.0","71","12.3","2.6","1005.6","1017.5"
"2026-09-24","00:58:24","Clear","Dry","Dark","-3.1","16.2","3200","57232","17.6","36%","22.2","","Opened","7.369","230","Safe","Calm","0.0","71","12.3","2.6","1005.6","1017.5"
"2026-09-24","00:58:34","Clear","Dry","Dark","-3.2","16.2","3200","57232","17.6","36%","22.1","","Opened","7.313","230","Safe","Calm","0.0","71","12.3","2.6","1005.7","1017.6"
"2026-09-24","00:58:44","Clear","Dry","Dark","-3.4","16.2","3200","57232","17.6","36%","22.1","","Opened","7.520","230","Safe","Calm","0.0","71","12.3","2.4","1005.6","1017.5"
"2026-09-24","00:58:54","Clear","Dry","Dark","-3.2","16.2","3200","57232","17.6","36%","22.1","","Opened","7.332","230","Safe","Calm","0.0","71","12.3","2.5","1005.6","1017.5"
"2026-09-24","00:59:04","Clear","Dry","Dark","-3.4","16.2","3200","57232","17.6","36%","22.2","","Opened","7.280","230","Safe","Calm","0.0","71","12.3","2.3","1005.6","1017.5"
"2026-09-24","00:59:14","Clear","Dry","Dark","-3.4","16.2","3200","57232","17.6","36%","22.2","","Opened","7.351","230","Safe","Calm","0.0","71","12.3","2.3","1005.6","1017.5"
"2026-09-24","00:59:24","Clear","Dry","Dark","-3.4","16.2","3200","57232","17.6","36%","22.3","Heating DOWN","Opened","7.412","230","Safe","Calm","0.0","71","12.3","2.3","1005.7","1017.6"
"2026-09-24","00:59:34","Clear","Dry","Dark","-3.2","16.2","3200","57232","17.6","35%","22.3","Heating DOWN","Opened","7.406","230","Safe","Calm","0.0","71","12.3","2.5","1005.7","1017.6"
"2026-09-24","00:59:44","Clear","Dry","Dark","-3.3","16.1","3200","57232","17.6","34%","22.2","","Opened","7.419","230","Safe","Calm","0.0","71","12.3","2.5","1005.8","1017.6"
"2026-09-24","00:59:54","Clear","Dry","Dark","-3.1","16.2","3200","57232","17.6","34%","22.2","","Opened","7.352","230","Safe","Calm","0.0","71","12.3","2.7","1005.6","1017.5"
"2026-09-24","01:00:04","Clear","Dry","Dark","-3.1","16.2","3200","57232","17.6","34%","22.2","","Opened","7.307","230","Safe","Calm","0.0","71","12.3","2.7","1005.6","1017.5"
"2026-09-24","01:00:14","Clear","Dry","Dark","-3.2","16.2","3200","57232","17.6","34%","22.2","","Opened","7.360","230","Safe","Calm","0.0","71","12.3","2.5","1005.6","1017.5"
"2026-09-24","01:00:24","Clear","Dry","Dark","-3.2","16.2","3200","57232","17.6","34%","22.2","","Opened","7.316","230","Safe","Calm","0.0","71","12.3","2.6","1005.7","1017.6"
"2026-09-24","01:00:34","Clear","Dry","Dark","-3.1","16.2","3200","57232","17.6","34%","22.2","","Opened","7.380","230","Safe","Calm","0.0","71","12.3","2.6","1005.6","1017.5"
"2026-09-24","01:00:44","Clear","Dry","Dark","-3.3","16.2","3200","57232","17.6","34%","22.2","","Opened","7.449","230","Safe","Calm","0.0","71","12.3","2.5","1005.7","1017.6"
"2026-09-24","01:00:54","Clear","Dry","Dark","-3.0","16.2","3200","57232","17.6","34%","22.1","","Opened","7.386","230","Safe","Calm","0.0","71","12.3","2.7","1005.7","1017.6"
"2026-09-24","01:01:04","Clear","Dry","Dark","-3.3","16.2","3200","57232","17.6","34%","22.1","","Opened","7.328","230","Safe","Calm","0.0","71","12.3","2.4","1005.6","1017.5"
"2026-09-24","01:01:14","Clear","Dry","Dark","-3.3","16.2","3200","57232","17.6","34%","22.2","","Opened","7.270","230","Safe","Calm","0.0","71","12.3","2.4","1005.7","1017.6"
"2026-09-24","01:01:24","Clear","Dry","Dark","-3.3","16.2","3200","57232","17.6","34%","22.2","","Opened","7.347","230","Safe","Calm","0.0","71","12.3","2.4","1005.6","1017.5"
"2026-09-24","01:01:34","Clear","Dry","Dark","-3.3","16.2","3200","57232","17.6","34%","22.2","","Opened","7.293","230","Safe","Calm","0.0","71","12.3","2.5","1005.6","1017.5"
"2026-09-24","01:01:44","Clear","Dry","Dark","-3.2","16.2","3200","57232","17.6","34%","22.2","","Opened","7.492","230","Safe","Calm","0.0","71","12.3","2.5","1005.7","1017.6"
"2026-09-24","01:01:54","Clear","Dry","Dark","-3.2","16.2","3200","57232","17.6","34%","22.2","","Opened","7.310","230","Safe","Calm","0.0","71","12.3","2.6","1005.6","1017.5"
"2026-09-24","01:02:04","Clear","Dry","Dark","-3.0","16.2","3200","57232","17.6","34%","22.2","","Opened","7.387","230","Safe","Calm","0.0","71","12.3","2.7","1005.6","1017.5"
"2026-09-24","01:02:14","Clear","Dry","Dark","-3.3","16.2","3200","57232","17.6","34%","22.1","","Opened","7.321","230","Safe","Calm","0.0","71","12.3","2.5","1005.7","1017.6"
"2026-09-24","01:02:24","Clear","Dry","Dark","-3.2","16.2","3200","57232","17.6","34%","22.2","","Opened","7.266","230","Safe","Calm","0.0","71","12.3","2.5","1005.6","1017.5"
"2026-09-24","01:02:34","Clear","Dry","Dark","-3.1","16.2","3200","57232","17.6","34%","22.2","","Opened","7.345","230","Safe","Calm","0.0","71","12.3","2.6","1005.6","1017.5"
"2026-09-24","01:02:44","Clear","Dry","Dark","-3.3","16.2","3200","57232","17.6","34%","22.2","","Opened","7.435","230","Safe","Calm","0.0","71","12.3","2.5","1005.6","1017.5"
"2026-09-24","01:02:54","Clear","Dry","Dark","-3.2","16.2","3200","57232","17.6","34%","22.2","","Opened","7.364","230","Safe","Calm","0.0","71","12.3","2.6","1005.6","1017.5"
"2026-09-24","01:03:04","Clear","Dry","Dark","-3.1","16.2","3200","57232","17.6","34%","22.2","Heating DOWN","Opened","7.431","230","Safe","Calm","0.0","71","12.3","2.6","1005.6","1017.4"
"2026-09-24","01:03:14","Clear","Dry","Dark","-3.1","16.2","3328","57232","17.6","33%","22.1","","Opened","7.291","230","Safe","Calm","0.0","71","12.3","2.7","1005.6","1017.5"
"2026-09-24","01:03:24","Clear","Wet","Dark","-3.2","16.2","3200","57232","17.6","33%","22.0","","Opened","7.358","230","Safe","Calm","0.0","71","12.3","2.6","1005.7","1017.6"
"2026-09-24","01:03:34","Clear","Dry","Dark","-3.1","16.2","3200","57232","17.6","33%","22.0","","Opened","7.313","230","Safe","Calm","0.0","71","12.3","2.6","1005.6","1017.5"
"2026-09-24","01:03:44","Clear","Dry","Dark","-3.2","16.2","3200","57232","17.6","33%","21.9","","Opened","7.523","230","Safe","Calm","0.0","71","12.3","2.5","1005.7","1017.6"
"2026-09-24","01:03:54","Clear","Dry","Dark","-3.2","16.3","3200","57232","17.6","33%","21.9","","Opened","7.339","230","Safe","Calm","0.0","71","12.3","2.6","1005.7","1017.6"
"2026-09-24","01:04:04","Clear","Dry","Dark","-3.2","16.2","3200","57232","17.6","33%","21.9","","Opened","7.287","230","Safe","Calm","0.0","71","12.3","2.6","1005.6","1017.5"
"2026-09-24","01:04:14","Clear","Dry","Dark","-3.2","16.3","3200","57232","17.7","33%","21.9","","Opened","7.348","230","Safe","Calm","0.0","71","12.3","2.6","1005.7","1017.6"
"2026-09-24","01:04:24","Clear","Wet","Dark","-3.2","16.3","3200","57232","17.6","33%","21.9","","Opened","7.293","230","Safe","Calm","0.0","71","12.3","2.6","1005.7","1017.6"
"2026-09-24","01:04:34","Clear","Wet","Dark","-3.0","16.3","3199","57232","17.7","33%","21.8","","Opened","7.374","230","Safe","Calm","0.0","71","12.3","2.8","1005.6","1017.5"
"2026-09-24","01:04:44","Clear","Dry","Dark","-3.0","16.3","3328","57232","17.7","33%","21.7","","Opened","7.447","230","Safe","Calm","0.0","71","12.3","2.7","1005.7","1017.6"
"2026-09-24","01:04:54","Clear","Dry","Dark","-3.2","16.3","3200","57232","17.6","33%","21.8","","Opened","7.389","230","Safe","Calm","0.0","71","12.3","2.5","1005.8","1017.6"
"2026-09-24","01:05:04","Clear","Dry","Dark","-3.1","16.3","3200","57232","17.6","33%","21.8","","Opened","7.328","230","Safe","Calm","0.0","71","12.3","2.6","1005.7","1017.6"
"2026-09-24","01:05:14","Clear","Dry","Dark","-3.2","16.3","3200","57232","17.6","33%","21.8","","Opened","7.266","230","Safe","Calm","0.0","71","12.3","2.6","1005.7","1017.6"
"2026-09-24","01:05:24","Clear","Dry","Dark","-3.0","16.3","3200","57232","17.7","33%","21.8","","Opened","7.349","230","Safe","Calm","0.0","71","12.3","2.7","1005.7","1017.6"
"2026-09-24","01:05:34","Clear","Dry","Dark","-3.1","16.3","3200","57232","17.7","33%","21.7","","Opened","7.296","230","Safe","Calm","0.0","71","12.3","2.7","1005.7","1017.6"
"2026-09-24","01:05:44","Clear","Dry","Dark","-3.2","16.3","3200","57232","17.7","33%","21.7","","Opened","7.513","230","Safe","Calm","0.0","71","12.4","2.6","1005.6","1017.5"
"2026-09-24","01:05:54","Clear","Dry","Dark","-3.3","16.3","3200","57232","17.7","33%","21.7","","Opened","7.322","230","Safe","Calm","0.0","71","12.4","2.5","1005.6","1017.5"
"2026-09-24","01:06:04","Clear","Dry","Dark","-3.2","16.3","3200","57232","17.7","33%","21.7","","Opened","7.380","230","Safe","Calm","0.0","71","12.3","2.5","1005.6","1017.5"
"2026-09-24","01:06:14","Clear","Dry","Dark","-3.3","16.3","3200","57232","17.7","33%","21.7","","Opened","7.312","230","Safe","Calm","0.0","71","12.4","2.5","1005.6","1017.5"
"2026-09-24","01:06:24","Clear","Dry","Dark","-3.3","16.3","3200","57232","17.7","33%","21.7","","Opened","7.378","230","Safe","Calm","0.0","71","12.4","2.5","1005.7","1017.6"
"2026-09-24","01:06:34","Clear","Dry","Dark","-3.2","16.3","3200","57232","17.7","33%","21.7","","Opened","7.339","230","Safe","Calm","0.0","71","12.4","2.6","1005.7","1017.6"
"2026-09-24","01:06:44","Clear","Dry","Dark","-3.2","16.3","3200","57232","17.7","33%","21.8","","Opened","7.406","230","Safe","Calm","0.0","71","12.4","2.6","1005.7","1017.6"
"2026-09-24","01:06:54","Clear","Dry","Dark","-3.2","16.3","3200","57232","17.7","33%","21.8","","Opened","7.355","230","Safe","Calm","0.0","71","12.4","2.6","1005.6","1017.5"
"2026-09-24","01:07:04","Clear","Dry","Dark","-3.3","16.3","3200","57232","17.7","33%","21.8","","Opened","7.294","230","Safe","Calm","0.0","71","12.4","2.4","1005.7","1017.6"
"2026-09-24","01:07:14","Clear","Dry","Dark","-3.2","16.3","3200","57232","17.7","33%","21.9","","Opened","7.360","230","Safe","Calm","0.0","71","12.4","2.5","1005.8","1017.6"
"2026-09-24","01:07:24","Clear","Dry","Dark","-3.1","16.3","3200","57232","17.7","33%","21.9","","Opened","7.307","230","Safe","Calm","0.0","71","12.4","2.6","1005.6","1017.5"
"2026-09-24","01:07:34","Clear","Dry","Dark","-3.3","16.3","3200","57232","17.7","33%","21.8","","Opened","7.369","230","Safe","Calm","0.0","71","12.4","2.5","1005.6","1017.5"
"2026-09-24","01:07:44","Clear","Dry","Dark","-3.2","16.3","3200","57232","17.7","33%","21.9","","Opened","7.460","230","Safe","Calm","0.0","71","12.4","2.6","1005.7","1017.6"
"2026-09-24","01:07:54","Clear","Dry","Dark","-3.3","16.3","3200","57232","17.7","33%","21.9","","Opened","7.380","230","Safe","Calm","0.0","71","12.4","2.5","1005.8","1017.6"
"2026-09-24","01:08:04","Clear","Dry","Dark","-3.0","16.3","3200","57232","17.7","33%","21.9","","Opened","7.338","230","Safe","Calm","0.0","71","12.4","2.8","1005.8","1017.6"
"2026-09-24","01:08:14","Clear","Dry","Dark","-3.3","16.3","3200","57232","17.7","33%","21.8","","Opened","7.262","230","Safe","Calm","0.0","71","12.4","2.5","1005.6","1017.5"
"2026-09-24","01:08:24","Clear","Dry","Dark","-3.0","16.3","3200","57232","17.7","33%","21.8","","Opened","7.345","230","Safe","Calm","0.0","71","12.4","2.8","1005.7","1017.6"
"2026-09-24","01:08:34","Clear","Dry","Dark","-3.1","16.4","3200","57232","17.7","33%","21.7","","Opened","7.291","230","Safe","Calm","0.0","71","12.4","2.7","1005.7","1017.6"
"2026-09-24","01:08:44","Clear","Dry","Dark","-3.1","16.4","3200","57232","17.7","33%","21.7","","Opened","7.504","230","Safe","Calm","0.0","71","12.4","2.7","1005.7","1017.6"
"2026-09-24","01:08:54","Clear","Dry","Dark","-3.2","16.3","3200","57232","17.7","33%","21.6","Heating UP","Opened","7.423","230","Safe","Calm","0.0","71","12.4","2.6","1005.7","1017.6"
"2026-09-24","01:09:04","Clear","Dry","Dark","-3.2","16.4","3200","57232","17.7","34%","21.6","Heating UP","Opened","7.427","230","Safe","Calm","0.0","71","12.4","2.6","1005.8","1017.6"
"2026-09-24","01:09:14","Clear","Dry","Dark","-3.2","16.4","3200","57232","17.7","35%","21.6","Heating UP","Opened","7.410","230","Safe","Calm","0.0","71","12.4","2.6","1005.7","1017.6"
"2026-09-24","01:09:24","Clear","Dry","Dark","-3.2","16.4","3200","57232","17.7","36%","21.6","Heating UP","Opened","7.392","230","Safe","Calm","0.0","71","12.4","2.6","1005.6","1017.5"
"2026-09-24","01:09:34","Clear","Dry","Dark","-3.3","16.4","3200","57232","17.7","37%","21.6","Heating UP","Opened","7.516","230","Safe","Calm","0.0","71","12.4","2.5","1005.7","1017.6"
"2026-09-24","01:09:44","Clear","Dry","Dark","-3.1","16.4","3200","57232","17.7","38%","21.6","Heating UP","Opened","7.640","230","Safe","Calm","0.0","71","12.4","2.7","1005.7","1017.6"
"2026-09-24","01:09:54","Clear","Dry","Dark","-3.2","16.4","3200","57232","17.7","39%","21.7","","Opened","7.378","230","Safe","Calm","0.0","71","12.4","2.6","1005.6","1017.5"
"2026-09-24","01:10:04","Clear","Dry","Dark","-3.2","16.4","3200","57232","17.7","39%","21.8","","Opened","7.319","230","Safe","Calm","0.0","71","12.4","2.6","1005.6","1017.5"
"2026-09-24","01:10:14","Clear","Dry","Dark","-3.2","16.4","3200","57232","17.8","39%","21.9","","Opened","7.384","230","Safe","Calm","0.0","71","12.4","2.6","1005.7","1017.6"
"2026-09-24","01:10:24","Clear","Dry","Dark","-3.1","16.4","3200","57232","17.7","39%","21.9","","Opened","7.333","230","Safe","Calm","0.0","71","12.4","2.7","1005.6","1017.5"
"2026-09-24","01:10:34","Clear","Dry","Dark","-3.2","16.4","3200","57232","17.7","39%","21.9","","Opened","7.280","230","Safe","Calm","0.0","71","12.4","2.6","1005.6","1017.5"
"2026-09-24","01:10:44","Clear","Dry","Dark","-3.1","16.4","3200","57232","17.7","39%","21.9","","Opened","7.496","230","Safe","Calm","0.0","71","12.4","2.7","1005.6","1017.5"
"2026-09-24","01:10:54","Clear","Dry","Dark","-3.2","16.5","3200","57232","17.7","39%","21.9","","Opened","7.301","230","Safe","Calm","0.0","71","12.4","2.6","1005.7","1017.6"
"2026-09-24","01:11:04","Clear","Dry","Dark","-3.2","16.4","3200","57232","17.8","39%","22.0","","Opened","7.365","230","Safe","Calm","0.0","71","12.5","2.6","1005.6","1017.5"
"2026-09-24","01:11:14","Clear","Dry","Dark","-3.0","16.5","3200","57232","17.7","39%","22.0","","Opened","7.301","230","Safe","Calm","0.0","71","12.5","2.8","1005.7","1017.6"
"2026-09-24","01:11:24","Clear","Dry","Dark","-2.9","16.5","3200","57232","17.7","39%","22.0","","Opened","7.361","230","Safe","Calm","0.0","71","12.4","2.9","1005.6","1017.5"
"2026-09-24","01:11:34","Clear","Dry","Dark","-3.0","16.5","3200","57232","17.7","39%","22.0","","Opened","7.304","230","Safe","Calm","0.0","71","12.4","2.8","1005.6","1017.5"
"2026-09-24","01:11:44","Clear","Dry","Dark","-3.1","16.5","3200","57232","17.8","39%","22.0","","Opened","7.515","230","Safe","Calm","0.0","71","12.5","2.7","1005.7","1017.6"
"2026-09-24","01:11:54","Clear","Dry","Dark","-3.2","16.5","3200","57232","17.7","39%","22.0","","Opened","7.329","230","Safe","Calm","0.0","71","12.5","2.6","1005.6","1017.5"
"2026-09-24","01:12:04","Clear","Dry","Dark","-3.2","16.5","3200","57232","17.7","39%","22.0","","Opened","7.269","230","Safe","Calm","0.0","71","12.5","2.7","1005.7","1017.6"
"2026-09-24","01:12:14","Clear","Dry","Dark","-3.2","16.5","3200","57232","17.8","39%","22.0","","Opened","7.323","230","Safe","Calm","0.0","71","12.5","2.6","1005.7","1017.6"
"2026-09-24","01:12:24","Clear","Dry","Dark","-3.2","16.5","3200","57232","17.8","39%","22.1","","Opened","7.394","230","Safe","Calm","0.0","71","12.5","2.6","1005.7","1017.6"
"2026-09-24","01:12:34","Clear","Dry","Dark","-3.0","16.6","3200","57232","17.8","39%","22.1","","Opened","7.343","230","Safe","Calm","0.0","71","12.5","2.8","1005.7","1017.6"
"2026-09-24","01:12:44","Clear","Dry","Dark","-3.3","16.6","3200","57232","17.7","39%","22.1","","Opened","7.426","230","Safe","Calm","0.0","71","12.5","2.5","1005.6","1017.5"
"2026-09-24","01:12:54","Clear","Dry","Dark","-3.1","16.6","3200","57232","17.8","39%","22.1","","Opened","7.376","230","Safe","Calm","0.0","71","12.5","2.7","1005.7","1017.6"
"2026-09-24","01:13:04","Clear","Dry","Dark","-3.0","16.6","3200","57232","17.7","39%","22.1","","Opened","7.320","230","Safe","Calm","0.0","71","12.5","2.8","1005.7","1017.6"
"2026-09-24","01:13:14","Clear","Dry","Dark","-3.2","16.6","3200","57232","17.7","39%","22.1","","Opened","7.379","230","Safe","Calm","0.0","71","12.5","2.6","1005.6","1017.5"
"2026-09-24","01:13:24","Clear","Dry","Dark","-3.2","16.6","3200","57232","17.7","39%","22.1","","Opened","7.326","230","Safe","Calm","0.0","71","12.5","2.6","1005.7","1017.6"
"2026-09-24","01:13:34","Clear","Dry","Dark","-3.1","16.6","3200","57232","17.7","39%","22.2","","Opened","7.266","230","Safe","Calm","0.0","71","12.5","2.7","1005.7","1017.6"
"2026-09-24","01:13:44","Clear","Dry","Dark","-3.3","16.6","3200","57232","17.7","39%","22.2","","Opened","7.482","230","Safe","Calm","0.0","71","12.5","2.5","1005.8","1017.6"
"2026-09-24","01:13:54","Clear","Dry","Dark","-3.2","16.6","3200","57232","17.7","39%","22.3","","Opened","7.295","230","Safe","Calm","0.0","71","12.5","2.6","1005.7","1017.6"
"2026-09-24","01:14:04","Clear","Dry","Dark","-3.3","16.6","3200","57232","17.7","39%","22.2","","Opened","7.371","230","Safe","Calm","0.0","71","12.5","2.5","1005.6","1017.5"
"2026-09-24","01:14:14","Clear","Dry","Dark","-3.2","16.6","3200","57232","17.7","39%","22.3","","Opened","7.300","230","Safe","Calm","0.0","71","12.5","2.6","1005.6","1017.5"
"2026-09-24","01:14:24","Clear","Dry","Dark","-3.1","16.6","3200","57232","17.8","39%","22.3","","Opened","7.383","230","Safe","Calm","0.0","71","12.5","2.7","1005.7","1017.6"
"2026-09-24","01:14:34","Clear","Dry","Dark","-3.3","16.6","3200","57232","17.7","39%","22.4","Heating DOWN","Opened","7.447","230","Safe","Calm","0.0","71","12.5","2.5","1005.8","1017.6"
"2026-09-24","01:14:44","Clear","Dry","Dark","-3.2","16.6","3200","57232","17.7","38%","22.4","Heating DOWN","Opened","7.569","230","Safe","Calm","0.0","71","12.5","2.6","1005.7","1017.6"
"2026-09-24","01:14:54","Clear","Dry","Dark","-3.3","16.6","3328","57232","17.7","37%","22.4","Heating DOWN","Opened","7.417","230","Safe","Calm","0.0","71","12.5","2.5","1005.7","1017.6"
"2026-09-24","01:15:04","Clear","Dry","Dark","-3.5","16.5","3200","57232","17.7","36%","22.5","Heating DOWN","Opened","7.416","230","Safe","Calm","0.0","71","12.5","2.4","1005.7","1017.6"
"2026-09-24","01:15:14","Clear","Dry","Dark","-3.3","16.5","3200","57232","17.7","35%","22.6","Heating DOWN","Opened","7.393","230","Safe","Calm","0.0","71","12.5","2.5","1005.6","1017.5"
"2026-09-24","01:15:24","Clear","Dry","Dark","-3.2","16.5","3328","57232","17.7","33%","22.6","Heating DOWN","Opened","7.517","230","Safe","Calm","0.0","71","12.5","2.6","1005.7","1017.6"
"2026-09-24","01:15:34","Clear","Dry","Dark","-3.0","16.5","3200","57232","17.7","31%","22.6","Heating DOWN","Opened","7.520","230","Safe","Calm","0.0","71","12.4","2.8","1005.7","1017.6"
"2026-09-24","01:15:44","Clear","Dry","Dark","-3.2","16.5","3328","57232","17.7","29%","22.5","","Opened","7.537","230","Safe","Calm","0.0","71","12.5","2.6","1005.6","1017.5"
"2026-09-24","01:15:54","Clear","Wet","Dark","-3.2","16.5","3200","57232","17.7","29%","22.4","","Opened","7.347","230","Safe","Calm","0.0","71","12.5","2.6","1005.7","1017.6"
"2026-09-24","01:16:04","Clear","Dry","Dark","-3.3","16.5","3200","57232","17.7","29%","22.4","Heating DOWN","Opened","7.402","230","Safe","Calm","0.0","71","12.4","2.4","1005.7","1017.6"
"2026-09-24","01:16:14","Clear","Dry","Dark","-3.3","16.5","3200","57232","17.7","28%","22.3","","Opened","7.278","230","Safe","Calm","0.0","71","12.5","2.5","1005.7","1017.6"
"2026-09-24","01:16:24","Clear","Dry","Dark","-3.3","16.5","3200","57232","17.7","28%","22.4","Heating DOWN","Opened","7.465","230","Safe","Calm","0.0","71","12.5","2.5","1005.8","1017.6"
"2026-09-24","01:16:34","Clear","Dry","Dark","-3.3","16.5","3200","57232","17.7","27%","22.3","","Opened","7.345","230","Safe","Calm","0.0","71","12.4","2.5","1005.7","1017.6"
"2026-09-24","01:16:44","Clear","Dry","Dark","-3.3","16.5","3200","57232","17.7","27%","22.2","","Opened","7.424","230","Safe","Calm","0.0","71","12.4","2.5","1005.6","1017.5"
"2026-09-24","01:16:54","Clear","Dry","Dark","-3.3","16.5","3200","57232","17.7","27%","22.1","","Opened","7.362","230","Safe","Calm","0.0","71","12.4","2.5","1005.7","1017.6"
"2026-09-24","01:17:04","Clear","Dry","Dark","-3.3","16.5","3200","57232","17.7","27%","22.0","","Opened","7.312","230","Safe","Calm","0.0","71","12.5","2.5","1005.6","1017.5"
"2026-09-24","01:17:14","Clear","Dry","Dark","-3.2","16.5","3200","57232","17.7","27%","21.9","","Opened","7.368","230","Safe","Calm","0.0","71","12.4","2.6","1005.8","1017.6"
"2026-09-24","01:17:24","Clear","Dry","Dark","-3.2","16.5","3200","57232","17.7","27%","21.8","","Opened","7.319","230","Safe","Calm","0.0","71","12.4","2.6","1005.6","1017.5"
"2026-09-24","01:17:34","Clear","Dry","Dark","-3.2","16.5","3200","57232","17.7","27%","21.8","","Opened","7.378","230","Safe","Calm","0.0","71","12.4","2.6","1005.6","1017.5"
"2026-09-24","01:17:44","Clear","Dry","Dark","-3.2","16.4","3200","57232","17.7","27%","21.7","","Opened","7.452","230","Safe","Calm","0.0","71","12.4","2.6","1005.6","1017.5"
"2026-09-24","01:17:54","Clear","Dry","Dark","-3.2","16.4","3200","57232","17.7","27%","21.7","Heating UP","Opened","7.508","230","Safe","Calm","0.0","71","12.4","2.6","1005.7","1017.6"
"2026-09-24","01:18:04","Clear","Dry","Dark","-3.2","16.4","3200","57232","17.7","28%","21.7","Heating UP","Opened","7.497","230","Safe","Calm","0.0","71","12.4","2.6","1005.7","1017.6"
"2026-09-24","01:18:14","Clear","Dry","Dark","-3.2","16.4","3200","57232","17.7","29%","21.7","","Opened","7.355","230","Safe","Calm","0.0","71","12.4","2.6","1005.6","1017.5"
"2026-09-24","01:18:24","Clear","Dry","Dark","-3.2","16.4","3200","57232","17.7","29%","21.7","","Opened","7.312","230","Safe","Calm","0.0","71","12.4","2.6","1005.6","1017.5"
"2026-09-24","01:18:34","Clear","Dry","Dark","-3.3","16.4","3200","57232","17.7","29%","21.7","","Opened","7.382","230","Safe","Calm","0.0","71","12.4","2.5","1005.6","1017.5"
"2026-09-24","01:18:44","Clear","Dry","Dark","-3.3","16.4","3200","57232","17.8","29%","21.6","Heating UP","Opened","7.584","230","Safe","Calm","0.0","71","12.5","2.5","1005.7","1017.6"
"2026-09-24","01:18:54","Clear","Dry","Dark","-3.2","16.4","3200","57232","17.7","30%","21.6","Heating UP","Opened","7.441","230","Safe","Calm","0.0","71","12.4","2.6","1005.6","1017.4"
"2026-09-24","01:19:04","Clear","Dry","Dark","-3.3","16.4","3200","57232","17.8","31%","21.5","Heating UP","Opened","7.431","230","Safe","Calm","0.0","71","12.5","2.5","1005.6","1017.5"
"2026-09-24","01:19:14","Clear","Dry","Dark","-3.2","16.4","3200","57232","17.7","33%","21.5","Heating UP","Opened","7.408","230","Safe","Calm","0.0","71","12.4","2.6","1005.6","1017.5"
"2026-09-24","01:19:24","Clear","Dry","Dark","-3.1","16.4","3200","57232","17.7","34%","21.5","Heating UP","Opened","7.399","230","Safe","Calm","0.0","71","12.4","2.7","1005.6","1017.4"
"2026-09-24","01:19:34","Clear","Dry","Dark","-3.2","16.4","3200","57232","17.8","35%","21.5","Heating UP","Opened","7.391","230","Safe","Calm","0.0","71","12.5","2.6","1005.6","1017.5"
"2026-09-24","01:19:44","Clear","Dry","Dark","-3.2","16.4","3200","57232","17.7","37%","21.6","","Opened","7.524","230","Safe","Calm","0.0","71","12.4","2.6","1005.6","1017.4"
"2026-09-24","01:19:54","Clear","Dry","Dark","-3.2","16.4","3200","57232","17.7","37%","21.6","Heating UP","Opened","7.462","230","Safe","Calm","0.0","71","12.4","2.6","1005.8","1017.6"
"2026-09-24","01:20:04","Clear","Dry","Dark","-3.1","16.4","3200","57232","17.7","38%","21.7","","Opened","7.332","230","Safe","Calm","0.0","71","12.4","2.7","1005.6","1017.5"
"2026-09-24","01:20:14","Clear","Dry","Dark","-3.2","16.4","3200","57232","17.8","38%","21.8","","Opened","7.257","230","Safe","Calm","0.0","71","12.4","2.6","1005.7","1017.6"
"2026-09-24","01:20:24","Clear","Dry","Dark","-3.2","16.4","3200","57232","17.8","38%","21.9","","Opened","7.341","230","Safe","Calm","0.0","71","12.5","2.6","1005.6","1017.5"
"2026-09-24","01:20:34","Clear","Dry","Dark","-3.1","16.4","3200","57232","17.8","38%","22.0","","Opened","7.278","230","Safe","Calm","0.0","71","12.5","2.7","1005.6","1017.5"
"2026-09-24","01:20:44","Clear","Dry","Dark","-3.2","16.4","3200","57232","17.7","38%","22.0","","Opened","7.488","230","Safe","Calm","0.0","71","12.4","2.6","1005.6","1017.5"
"2026-09-24","01:20:54","Clear","Dry","Dark","-3.1","16.4","3200","57232","17.8","38%","22.0","","Opened","7.304","230","Safe","Calm","0.0","71","12.5","2.7","1005.8","1017.6"
"2026-09-24","01:21:04","Clear","Dry","Dark","-3.2","16.4","3200","57232","17.8","38%","22.1","","Opened","7.377","230","Safe","Calm","0.0","71","12.5","2.6","1005.6","1017.5"
"2026-09-24","01:21:14","Clear","Dry","Dark","-3.2","16.4","3200","57232","17.7","38%","22.2","","Opened","7.316","230","Safe","Calm","0.0","71","12.4","2.6","1005.6","1017.5"
"2026-09-24","01:21:24","Clear","Dry","Dark","-3.1","16.4","3200","57232","17.8","38%","22.2","","Opened","7.387","230","Safe","Calm","0.0","71","12.5","2.7","1005.6","1017.5"
"2026-09-24","01:21:34","Clear","Dry","Dark","-2.9","16.4","3200","57232","17.8","38%","22.3","","Opened","7.334","230","Safe","Calm","0.0","71","12.4","2.9","1005.6","1017.5"
"2026-09-24","01:21:44","Clear","Dry","Dark","-3.1","16.4","3200","57232","17.8","38%","22.2","","Opened","7.418","230","Safe","Calm","0.0","71","12.5","2.7","1005.7","1017.6"
"2026-09-24","01:21:54","Clear","Dry","Dark","-3.1","16.4","3200","57232","17.8","38%","22.2","","Opened","7.354","230","Safe","Calm","0.0","71","12.4","2.7","1005.6","1017.4"
"2026-09-24","01:22:04","Clear","Dry","Dark","-3.1","16.4","3200","57232","17.8","38%","22.3","","Opened","7.307","230","Safe","Calm","0.0","71","12.5","2.7","1005.6","1017.5"
"2026-09-24","01:22:14","Clear","Dry","Dark","-3.1","16.5","3200","57232","17.8","38%","22.3","","Opened","7.358","230","Safe","Calm","0.0","71","12.5","2.7","1005.6","1017.5"
"2026-09-24","01:22:24","Clear","Dry","Dark","-3.0","16.5","3200","57232","17.8","38%","22.3","","Opened","7.304","230","Safe","Calm","0.0","71","12.5","2.8","1005.7","1017.6"
"2026-09-24","01:22:34","Clear","Dry","Dark","-3.1","16.5","3200","57232","17.8","38%","22.4","Heating DOWN","Opened","7.504","230","Safe","Calm","0.0","71","12.5","2.7","1005.6","1017.5"
"2026-09-24","01:22:44","Clear","Dry","Dark","-3.2","16.5","3328","57232","17.8","37%","22.4","Heating DOWN","Opened","7.638","230","Safe","Calm","0.0","71","12.5","2.7","1005.6","1017.5"
"2026-09-24","01:22:54","Clear","Dry","Dark","-3.1","16.5","3200","57232","17.8","36%","22.5","Heating DOWN","Opened","7.483","230","Safe","Calm","0.0","71","12.5","2.7","1005.6","1017.5"
"2026-09-24","01:23:04","Clear","Dry","Dark","-3.2","16.5","3200","57232","17.8","35%","22.5","Heating DOWN","Opened","7.471","230","Safe","Calm","0.0","71","12.5","2.6","1005.6","1017.5"
"2026-09-24","01:23:14","Clear","Dry","Dark","-3.0","16.5","3200","57232","17.8","34%","22.5","Heating DOWN","Opened","7.451","230","Safe","Calm","0.0","71","12.5","2.9","1005.7","1017.6"
"2026-09-24","01:23:24","Clear","Dry","Dark","-3.1","16.5","3200","57232","17.8","33%","22.5","Heating DOWN","Opened","7.449","230","Safe","Calm","0.0","71","12.5","2.8","1005.6","1017.5"
"2026-09-24","01:23:34","Clear","Dry","Dark","-2.9","16.5","3200","57232","17.8","32%","22.4","","Opened","7.321","230","Safe","Calm","0.0","71","12.5","2.9","1005.8","1017.6"
"2026-09-24","01:23:44","Clear","Dry","Dark","-2.9","16.5","3200","57232","17.8","32%","22.3","","Opened","7.539","230","Safe","Calm","0.0","71","12.5","3.0","1005.6","1017.5"
"2026-09-24","01:23:54","Clear","Dry","Dark","-3.0","16.6","3200","57232","17.8","32%","22.2","","Opened","7.345","230","Safe","Calm","0.0","71","12.5","2.9","1005.6","1017.5"
"2026-09-24","01:24:04","Clear","Dry","Dark","-3.2","16.6","3200","57232","17.8","32%","22.2","","Opened","7.290","230","Safe","Calm","0.0","71","12.5","2.7","1005.6","1017.5"
"2026-09-24","01:24:14","Clear","Dry","Dark","-3.0","16.6","3200","57232","17.9","32%","22.2","","Opened","7.353","230","Safe","Calm","0.0","71","12.5","2.9","1005.7","1017.6"
"2026-09-24","01:24:24","Clear","Dry","Dark","-3.2","16.6","3200","57232","17.9","32%","22.2","","Opened","7.294","230","Safe","Calm","0.0","71","12.5","2.7","1005.6","1017.4"
"2026-09-24","01:24:34","Clear","Dry","Dark","-3.1","16.5","3200","57232","17.9","32%","22.2","","Opened","7.389","230","Safe","Calm","0.0","71","12.5","2.8","1005.6","1017.5"
"2026-09-24","01:24:44","Clear","Dry","Dark","-3.2","16.6","3200","57232","17.9","32%","22.2","","Opened","7.477","230","Safe","Calm","0.0","71","12.5","2.7","1005.6","1017.5"
"2026-09-24","01:24:54","Clear","Dry","Dark","-3.0","16.6","3200","57232","17.9","32%","22.2","","Opened","7.291","230","Safe","Calm","0.0","71","12.5","2.9","1005.7","1017.6"
"2026-09-24","01:25:04","Clear","Dry","Dark","-3.2","16.6","3200","57232","17.9","32%","22.2","","Opened","7.363","230","Safe","Calm","0.0","71","12.5","2.7","1005.7","1017.6"
"2026-09-24","01:25:14","Clear","Dry","Dark","-3.2","16.5","3200","57232","17.9","32%","22.2","","Opened","7.288","230","Safe","Calm","0.0","71","12.5","2.7","1005.6","1017.5"
"2026-09-24","01:25:24","Clear","Dry","Dark","-3.2","16.6","3200","57232","17.9","32%","22.2","","Opened","7.371","230","Safe","Calm","0.0","71","12.5","2.7","1005.7","1017.6"
"2026-09-24","01:25:34","Clear","Dry","Dark","-3.2","16.5","3200","57232","17.9","32%","22.2","","Opened","7.323","230","Safe","Calm","0.0","71","12.5","2.7","1005.7","1017.6"
"2026-09-24","01:25:44","Clear","Dry","Dark","-3.2","16.6","3200","57232","17.9","32%","22.1","","Opened","7.530","230","Safe","Calm","0.0","71","12.5","2.7","1005.7","1017.6"
"2026-09-24","01:25:54","Clear","Dry","Dark","-3.3","16.5","3200","57232","17.9","32%","22.1","","Opened","7.350","230","Safe","Calm","0.0","71","12.5","2.6","1005.6","1017.5"
"2026-09-24","01:26:04","Clear","Dry","Dark","-3.1","16.5","3200","57232","17.9","32%","22.2","","Opened","7.297","230","Safe","Calm","0.0","71","12.5","2.8","1005.6","1017.5"
"2026-09-24","01:26:14","Clear","Dry","Dark","-3.1","16.5","3200","57232","17.9","32%","22.1","","Opened","7.363","230","Safe","Calm","0.0","71","12.5","2.8","1005.6","1017.4"
"2026-09-24","01:26:24","Clear","Dry","Dark","-3.0","16.6","3200","57232","17.9","32%","22.1","","Opened","7.306","230","Safe","Calm","0.0","71","12.5","2.9","1005.7","1017.5"
"2026-09-24","01:26:34","Clear","Dry","Dark","-3.1","16.6","3200","57232","17.9","32%","22.0","","Opened","7.389","230","Safe","Calm","0.0","71","12.5","2.8","1005.7","1017.6"
"2026-09-24","01:26:44","Clear","Dry","Dark","-3.1","16.6","3200","57232","17.9","32%","22.0","","Opened","7.474","230","Safe","Calm","0.0","71","12.5","2.9","1005.6","1017.5"
"2026-09-24","01:26:54","Clear","Dry","Dark","-2.9","16.6","3200","57232","17.9","32%","22.0","","Opened","7.280","230","Safe","Calm","0.0","71","12.5","3.0","1005.7","1017.5"
"2026-09-24","01:27:04","Clear","Dry","Dark","-3.1","16.6","3200","57232","17.9","32%","21.9","","Opened","7.359","230","Safe","Calm","0.0","71","12.5","2.9","1005.6","1017.5"
"2026-09-24","01:27:14","Clear","Dry","Dark","-3.1","16.6","3200","57232","17.9","32%","21.9","","Opened","7.287","230","Safe","Calm","0.0","71","12.5","2.8","1005.7","1017.5"
"2026-09-24","01:27:24","Clear","Dry","Dark","-3.1","16.6","3200","57232","17.9","32%","22.0","","Opened","7.366","230","Safe","Calm","0.0","71","12.5","2.8","1005.6","1017.5"
"2026-09-24","01:27:34","Clear","Dry","Dark","-3.2","16.6","3200","57232","18.0","32%","22.0","","Opened","7.295","230","Safe","Calm","0.0","71","12.5","2.7","1005.7","1017.5"
"2026-09-24","01:27:44","Clear","Dry","Dark","-3.1","16.6","3200","57232","18.0","32%","22.0","","Opened","7.520","230","Safe","Calm","0.0","71","12.5","2.8","1005.7","1017.5"
"2026-09-24","01:27:54","Clear","Dry","Dark","-3.2","16.6","3200","57232","18.0","32%","22.0","","Opened","7.344","230","Safe","Calm","0.0","71","12.6","2.8","1005.6","1017.5"
"2026-09-24","01:28:04","Clear","Dry","Dark","-3.1","16.6","3200","57232","18.0","32%","22.0","","Opened","7.272","230","Safe","Calm","0.0","71","12.5","2.8","1005.6","1017.5"
"2026-09-24","01:28:14","Clear","Dry","Dark","-3.1","16.6","3200","57232","18.0","32%","22.0","","Opened","7.347","230","Safe","Calm","0.0","70","12.5","2.9","1005.6","1017.5"
"2026-09-24","01:28:24","Clear","Dry","Dark","-3.1","16.7","3200","57232","18.0","32%","22.1","","Opened","7.289","230","Safe","Calm","0.0","70","12.5","2.9","1005.6","1017.5"
"2026-09-24","01:28:34","Clear","Dry","Dark","-3.3","16.6","3200","57232","18.0","32%","22.1","","Opened","7.365","230","Safe","Calm","0.0","70","12.5","2.7","1005.7","1017.5"
"2026-09-24","01:28:44","Clear","Dry","Dark","-3.3","16.6","3200","57232","18.0","32%","22.1","","Opened","7.449","230","Safe","Calm","0.0","70","12.5","2.7","1005.6","1017.5"
"2026-09-24","01:28:54","Clear","Dry","Dark","-3.4","16.6","3200","57232","18.0","32%","22.2","","Opened","7.385","230","Safe","Calm","0.0","70","12.5","2.6","1005.6","1017.5"
"2026-09-24","01:29:04","Clear","Dry","Dark","-3.4","16.6","3200","57232","18.0","32%","22.2","","Opened","7.330","230","Safe","Calm","0.0","70","12.5","2.6","1005.7","1017.5"
"2026-09-24","01:29:14","Clear","Dry","Dark","-3.2","16.6","3200","57232","18.0","32%","22.3","","Opened","7.262","230","Safe","Calm","0.0","70","12.5","2.7","1005.6","1017.5"
"2026-09-24","01:29:24","Clear","Dry","Dark","-3.3","16.6","3200","57232","18.0","32%","22.3","","Opened","7.338","230","Safe","Calm","0.0","70","12.5","2.7","1005.7","1017.5"
"2026-09-24","01:29:34","Clear","Dry","Dark","-3.4","16.5","3200","57232","18.0","32%","22.3","","Opened","7.293","230","Safe","Calm","0.0","70","12.5","2.6","1005.7","1017.5"
"2026-09-24","01:29:44","Clear","Dry","Dark","-3.4","16.5","3200","57232","18.0","32%","22.3","","Opened","7.500","230","Safe","Calm","0.0","70","12.6","2.6","1005.7","1017.5"
"2026-09-24","01:29:54","Clear","Dry","Dark","-3.4","16.5","3200","57232","18.0","32%","22.3","","Opened","7.307","230","Safe","Calm","0.0","70","12.5","2.5","1005.6","1017.5"
"2026-09-24","01:30:04","Clear","Dry","Dark","-3.4","16.5","3200","57232","18.0","32%","22.4","","Opened","7.383","230","Safe","Calm","0.0","70","12.5","2.6","1005.7","1017.5"
"2026-09-24","01:30:14","Clear","Dry","Dark","-3.4","16.5","3200","57232","18.0","32%","22.4","","Opened","7.316","230","Safe","Calm","0.0","70","12.6","2.6","1005.6","1017.5"
"2026-09-24","01:30:24","Clear","Dry","Dark","-3.4","16.5","3200","57232","18.0","32%","22.4","","Opened","7.395","230","Safe","Calm","0.0","70","12.6","2.6","1005.6","1017.5"
"2026-09-24","01:30:34","Clear","Dry","Dark","-3.3","16.5","3200","57232","18.0","32%","22.4","","Opened","7.336","230","Safe","Calm","0.0","70","12.5","2.7","1005.6","1017.5"
"2026-09-24","01:30:44","Clear","Dry","Dark","-3.4","16.5","3200","57232","18.0","32%","22.4","","Opened","7.420","230","Safe","Calm","0.0","70","12.5","2.6","1005.7","1017.5"
"2026-09-24","01:30:54","Clear","Dry","Dark","-3.4","16.4","3200","57232","18.0","32%","22.4","","Opened","7.368","230","Safe","Calm","0.0","70","12.5","2.6","1005.6","1017.5"
"2026-09-24","01:31:04","Clear","Dry","Dark","-3.5","16.4","3200","57232","18.0","32%","22.4","","Opened","7.316","230","Safe","Calm","0.0","70","12.5","2.5","1005.7","1017.5"
"2026-09-24","01:31:14","Clear","Wet","Dark","-3.5","16.4","3199","57232","18.0","32%","22.4","","Opened","7.357","230","Safe","Calm","0.0","70","12.5","2.5","1005.6","1017.5"
"2026-09-24","01:31:24","Clear","Dry","Dark","-3.4","16.4","3200","57232","18.0","32%","22.4","","Opened","7.296","230","Safe","Calm","0.0","70","12.5","2.6","1005.7","1017.5"
"2026-09-24","01:31:34","Clear","Dry","Dark","-3.4","16.4","3200","57232","18.0","32%","22.4","","Opened","7.376","230","Safe","Calm","0.0","70","12.5","2.5","1005.7","1017.5"
"2026-09-24","01:31:44","Clear","Dry","Dark","-3.4","16.4","3200","57232","18.0","32%","22.4","","Opened","7.470","230","Safe","Calm","0.0","70","12.5","2.6","1005.6","1017.5"
"2026-09-24","01:31:54","Clear","Dry","Dark","-3.4","16.4","3200","57232","18.1","32%","22.4","","Opened","7.285","230","Safe","Calm","0.0","70","12.5","2.6","1005.7","1017.5"
"2026-09-24","01:32:04","Clear","Dry","Dark","-3.5","16.4","3200","57232","18.0","32%","22.3","","Opened","7.353","230","Safe","Calm","0.0","70","12.5","2.5","1005.7","1017.5"
"2026-09-24","01:32:14","Clear","Dry","Dark","-3.5","16.4","3200","57232","18.0","32%","22.3","","Opened","7.279","230","Safe","Calm","0.0","70","12.5","2.5","1005.6","1017.5"
"2026-09-24","01:32:24","Clear","Dry","Dark","-3.3","16.4","3200","57232","18.0","32%","22.3","","Opened","7.344","230","Safe","Calm","0.0","70","12.5","2.7","1005.6","1017.5"
"2026-09-24","01:32:34","Clear","Dry","Dark","-3.4","16.4","3200","57232","18.0","32%","22.3","","Opened","7.298","230","Safe","Calm","0.0","70","12.5","2.6","1005.6","1017.5"
"2026-09-24","01:32:44","Clear","Dry","Dark","-3.5","16.4","3200","57232","18.0","32%","22.4","","Opened","7.504","230","Safe","Calm","0.0","70","12.5","2.5","1005.6","1017.5"
"2026-09-24","01:32:54","Clear","Dry","Dark","-3.5","16.4","3200","57232","18.0","32%","22.4","","Opened","7.325","230","Safe","Calm","0.0","70","12.5","2.5","1005.6","1017.5"
"2026-09-24","01:33:04","Clear","Dry","Dark","-3.5","16.4","3200","57232","18.0","32%","22.5","","Opened","7.280","230","Safe","Calm","0.0","70","12.5","2.5","1005.7","1017.5"
"2026-09-24","01:33:14","Clear","Dry","Dark","-3.4","16.3","3200","57232","18.0","32%","22.5","","Opened","7.337","230","Safe","Calm","0.0","70","12.5","2.5","1005.6","1017.5"
"2026-09-24","01:33:24","Clear","Dry","Dark","-3.5","16.3","3200","57232","18.0","32%","22.5","","Opened","7.281","230","Safe","Calm","0.0","70","12.5","2.5","1005.8","1017.7"
"2026-09-24","01:33:34","Clear","Dry","Dark","-3.5","16.3","3200","57232","18.0","32%","22.5","","Opened","7.349","230","Safe","Calm","0.0","70","12.5","2.5","1005.6","1017.5"
"2026-09-24","01:33:44","Clear","Dry","Dark","-3.4","16.3","3200","57232","18.0","32%","22.5","","Opened","7.446","230","Safe","Calm","0.0","70","12.5","2.5","1005.6","1017.5"
"2026-09-24","01:33:54","Clear","Dry","Dark","-3.4","16.3","3200","57232","18.0","32%","22.5","","Opened","7.391","230","Safe","Calm","0.0","70","12.5","2.6","1005.7","1017.5"
"2026-09-24","01:34:04","Clear","Dry","Dark","-3.5","16.3","3200","57232","18.0","32%","22.5","","Opened","7.323","230","Safe","Calm","0.0","70","12.4","2.5","1005.6","1017.5"
"2026-09-24","01:34:14","Clear","Dry","Dark","-3.5","16.3","3200","57232","18.0","32%","22.6","Heating DOWN","Opened","7.379","230","Safe","Calm","0.0","70","12.4","2.5","1005.7","1017.5"
"2026-09-24","01:34:24","Clear","Dry","Dark","-3.3","16.3","3200","57232","18.0","31%","22.5","","Opened","7.376","230","Safe","Calm","0.0","70","12.4","2.6","1005.8","1017.6"
"2026-09-24","01:34:34","Clear","Dry","Dark","-3.4","16.4","3200","57232","18.0","31%","22.5","","Opened","7.326","230","Safe","Calm","0.0","70","12.4","2.5","1005.7","1017.5"
"2026-09-24","01:34:44","Clear","Dry","Dark","-3.4","16.4","3200","57232","18.0","31%","22.4","","Opened","7.423","230","Safe","Calm","0.0","70","12.4","2.6","1005.8","1017.6"
"2026-09-24","01:34:54","Clear","Dry","Dark","-3.4","16.4","3200","57232","18.0","31%","22.3","","Opened","7.355","230","Safe","Calm","0.0","70","12.4","2.6","1005.8","1017.6"
"2026-09-24","01:35:04","Clear","Dry","Dark","-3.4","16.4","3200","57232","18.0","31%","22.2","","Opened","7.308","230","Safe","Calm","0.0","70","12.4","2.6","1005.8","1017.6"
"2026-09-24","01:35:14","Clear","Dry","Dark","-3.5","16.4","3200","57232","18.0","31%","22.2","","Opened","7.363","230","Safe","Calm","0.0","70","12.4","2.4","1005.7","1017.5"
"2026-09-24","01:35:24","Clear","Dry","Dark","-3.4","16.4","3200","57232","18.0","31%","22.1","","Opened","7.313","230","Safe","Calm","0.0","70","12.4","2.6","1005.8","1017.6"
"2026-09-24","01:35:34","Clear","Dry","Dark","-3.4","16.4","3200","57232","18.0","31%","22.1","","Opened","7.383","230","Safe","Calm","0.0","70","12.4","2.6","1005.8","1017.6"
"2026-09-24","01:35:44","Clear","Dry","Dark","-3.3","16.4","3200","57232","18.0","31%","22.0","","Opened","7.472","230","Safe","Calm","0.0","70","12.4","2.6","1005.7","1017.5"
"2026-09-24","01:35:54","Clear","Dry","Dark","-3.4","16.4","3200","57232","17.9","31%","22.0","","Opened","7.281","230","Safe","Calm","0.0","70","12.4","2.5","1005.7","1017.5"
"2026-09-24","01:36:04","Clear","Dry","Dark","-3.4","16.4","3200","57232","17.9","31%","21.9","","Opened","7.369","230","Safe","Calm","0.0","70","12.4","2.6","1005.8","1017.6"
"2026-09-24","01:36:14","Clear","Dry","Dark","-3.4","16.4","3200","57232","17.9","31%","22.0","","Opened","7.301","230","Safe","Calm","0.0","70","12.4","2.5","1005.8","1017.6"
"2026-09-24","01:36:24","Clear","Dry","Dark","-3.5","16.4","3200","57232","17.9","31%","22.0","","Opened","7.374","230","Safe","Calm","0.0","70","12.4","2.5","1005.8","1017.6"
"2026-09-24","01:36:34","Clear","Dry","Dark","-3.4","16.3","3200","57232","18.0","31%","21.9","Heating UP","Opened","7.440","230","Safe","Calm","0.0","70","12.4","2.5","1005.7","1017.5"
"2026-09-24","01:36:44","Clear","Dry","Dark","-3.4","16.3","3200","57232","17.9","32%","22.0","","Opened","7.441","230","Safe","Calm","0.0","70","12.3","2.5","1005.8","1017.6"
"2026-09-24","01:36:54","Clear","Dry","Dark","-3.4","16.3","3200","57232","17.9","32%","22.0","","Opened","7.383","230","Safe","Calm","0.0","70","12.4","2.5","1005.7","1017.5"
"2026-09-24","01:37:04","Clear","Dry","Dark","-3.3","16.3","3200","57232","17.9","32%","22.0","","Opened","7.329","230","Safe","Calm","0.0","70","12.4","2.6","1005.8","1017.6"
"2026-09-24","01:37:14","Clear","Dry","Dark","-3.4","16.3","3200","57232","17.9","32%","22.0","","Opened","7.267","230","Safe","Calm","0.0","70","12.3","2.5","1005.8","1017.6"
"2026-09-24","01:37:24","Clear","Dry","Dark","-3.2","16.3","3200","57232","17.9","32%","22.1","","Opened","7.340","230","Safe","Calm","0.0","70","12.4","2.7","1005.8","1017.6"
"2026-09-24","01:37:34","Clear","Dry","Dark","-3.4","16.3","3200","57232","17.9","32%","22.0","","Opened","7.270","230","Safe","Calm","0.0","70","12.3","2.5","1005.9","1017.7"
"2026-09-24","01:37:44","Clear","Dry","Dark","-3.3","16.3","3200","57232","17.9","32%","22.1","","Opened","7.493","230","Safe","Calm","0.0","70","12.3","2.6","1005.8","1017.7"
"2026-09-24","01:37:54","Clear","Dry","Dark","-3.4","16.3","3200","57232","17.9","32%","22.1","","Opened","7.291","230","Safe","Calm","0.0","70","12.4","2.5","1005.8","1017.6"
"2026-09-24","01:38:04","Clear","Dry","Dark","-3.2","16.3","3200","57232","17.9","32%","22.1","","Opened","7.372","230","Safe","Calm","0.0","70","12.3","2.7","1005.7","1017.6"
"2026-09-24","01:38:14","Clear","Dry","Dark","-3.3","16.3","3200","57232","17.9","32%","22.2","","Opened","7.308","230","Safe","Calm","0.0","70","12.3","2.6","1005.8","1017.7"
"2026-09-24","01:38:24","Clear","Dry","Dark","-3.3","16.3","3200","57232","17.9","32%","22.2","","Opened","7.384","230","Safe","Calm","0.0","70","12.3","2.6","1005.9","1017.7"
"2026-09-24","01:38:34","Clear","Dry","Dark","-3.4","16.3","3200","57232","17.9","32%","22.2","","Opened","7.330","230","Safe","Calm","0.0","70","12.3","2.6","1005.8","1017.6"
"2026-09-24","01:38:44","Clear","Dry","Dark","-3.3","16.3","3200","57232","17.9","32%","22.2","","Opened","7.413","230","Safe","Calm","0.0","70","12.3","2.6","1005.8","1017.6"
"2026-09-24","01:38:54","Clear","Dry","Dark","-3.4","16.3","3200","57232","17.9","32%","22.2","","Opened","7.354","230","Safe","Calm","0.0","70","12.3","2.6","1005.8","1017.7"
"2026-09-24","01:39:04","Clear","Dry","Dark","-3.2","16.3","3200","57232","17.9","32%","22.2","","Opened","7.301","230","Safe","Calm","0.0","70","12.3","2.7","1005.7","1017.6"
"2026-09-24","01:39:14","Clear","Dry","Dark","-3.3","16.3","3200","57232","17.9","32%","22.2","","Opened","7.372","230","Safe","Calm","0.0","70","12.3","2.6","1005.7","1017.6"
"2026-09-24","01:39:24","Clear","Dry","Dark","-3.4","16.3","3200","57232","17.9","32%","22.2","","Opened","7.313","230","Safe","Calm","0.0","70","12.3","2.5","1005.7","1017.6"
"2026-09-24","01:39:34","Clear","Dry","Dark","-3.3","16.3","3200","57232","17.9","32%","22.3","","Opened","7.392","230","Safe","Calm","0.0","70","12.3","2.7","1005.8","1017.6"
"2026-09-24","01:39:44","Clear","Dry","Dark","-3.3","16.3","3200","57232","17.9","32%","22.3","","Opened","7.517","230","Safe","Calm","0.0","70","12.3","2.6","1005.8","1017.6"
"2026-09-24","01:39:54","Clear","Dry","Dark","-3.1","16.3","3200","57232","17.9","32%","22.3","","Opened","7.280","230","Safe","Calm","0.0","70","12.3","2.7","1005.8","1017.6"
"2026-09-24","01:40:04","Clear","Dry","Dark","-3.3","16.3","3200","57232","17.9","32%","22.2","","Opened","7.357","230","Safe","Calm","0.0","70","12.3","2.5","1005.8","1017.6"
"2026-09-24","01:40:14","Clear","Dry","Dark","-3.2","16.3","3200","57232","17.9","32%","22.2","","Opened","7.300","230","Safe","Calm","0.0","70","12.3","2.6","1005.8","1017.7"
"2026-09-24","01:40:24","Clear","Dry","Dark","-3.3","16.3","3200","57232","17.9","32%","22.2","","Opened","7.381","230","Safe","Calm","0.0","70","12.3","2.6","1005.8","1017.6"
"2026-09-24","01:40:34","Clear","Dry","Dark","-3.0","16.3","3200","57232","17.9","32%","22.2","","Opened","7.331","230","Safe","Calm","0.0","70","12.3","2.9","1005.7","1017.6"
"2026-09-24","01:40:44","Clear","Dry","Dark","-3.3","16.3","3200","57232","17.9","32%","22.2","","Opened","7.414","230","Safe","Calm","0.0","70","12.3","2.6","1005.8","1017.6"
"2026-09-24","01:40:54","Clear","Dry","Dark","-3.3","16.3","3200","57232","17.9","32%","22.2","","Opened","7.357","230","Safe","Calm","0.0","70","12.4","2.6","1005.8","1017.7"
"2026-09-24","01:41:04","Clear","Dry","Dark","-3.3","16.3","3200","57232","17.9","32%","22.2","","Opened","7.291","230","Safe","Calm","0.0","70","12.4","2.6","1005.8","1017.6"
"2026-09-24","01:41:14","Clear","Dry","Dark","-3.3","16.3","3200","57232","17.9","32%","22.2","","Opened","7.340","230","Safe","Calm","0.0","70","12.3","2.6","1005.8","1017.7"
"2026-09-24","01:41:24","Clear","Dry","Dark","-3.4","16.3","3200","57232","17.9","32%","22.2","","Opened","7.295","230","Safe","Calm","0.0","70","12.3","2.5","1005.7","1017.6"
"2026-09-24","01:41:34","Clear","Dry","Dark","-3.2","16.3","3200","57232","17.9","32%","22.3","","Opened","7.368","230","Safe","Calm","0.0","70","12.3","2.7","1005.8","1017.6"
"2026-09-24","01:41:44","Clear","Dry","Dark","-3.4","16.3","3200","57232","17.9","32%","22.3","","Opened","7.449","230","Safe","Calm","0.0","70","12.3","2.5","1005.8","1017.6"
"2026-09-24","01:41:54","Clear","Dry","Dark","-3.4","16.3","3200","57232","17.9","32%","22.3","","Opened","7.270","230","Safe","Calm","0.0","70","12.3","2.5","1005.8","1017.6"
"2026-09-24","01:42:04","Clear","Dry","Dark","-3.5","16.3","3200","57232","17.9","32%","22.3","","Opened","7.347","230","Safe","Calm","0.0","70","12.4","2.4","1005.8","1017.7"
"2026-09-24","01:42:14","Clear","Dry","Dark","-3.3","16.3","3200","57232","17.9","32%","22.3","","Opened","7.270","230","Safe","Calm","0.0","70","12.3","2.6","1005.8","1017.7"
"2026-09-24","01:42:24","Clear","Dry","Dark","-3.4","16.3","3200","57232","17.9","32%","22.3","","Opened","7.358","230","Safe","Calm","0.0","70","12.4","2.5","1005.8","1017.6"
"2026-09-24","01:42:34","Clear","Dry","Dark","-3.1","16.3","3200","57232","17.9","32%","22.3","","Opened","7.308","230","Safe","Calm","0.0","70","12.4","2.8","1005.8","1017.6"
"2026-09-24","01:42:44","Clear","Dry","Dark","-3.2","16.3","3200","57232","17.9","32%","22.2","","Opened","7.515","230","Safe","Calm","0.0","70","12.4","2.7","1005.7","1017.6"
"2026-09-24","01:42:54","Clear","Dry","Dark","-3.3","16.3","3200","57232","17.9","32%","22.2","","Opened","7.328","230","Safe","Calm","0.0","70","12.4","2.6","1005.8","1017.6"
"2026-09-24","01:43:04","Clear","Dry","Dark","-3.3","16.3","3200","57232","17.9","32%","22.2","","Opened","7.281","230","Safe","Calm","0.0","70","12.4","2.6","1005.8","1017.6"
"2026-09-24","01:43:14","Clear","Dry","Dark","-3.3","16.3","3200","57232","17.9","32%","22.2","","Opened","7.350","230","Safe","Calm","0.0","70","12.4","2.6","1005.8","1017.7"
"2026-09-24","01:43:24","Clear","Dry","Dark","-3.1","16.3","3200","57232","17.9","32%","22.2","","Opened","7.282","230","Safe","Calm","0.0","70","12.4","2.8","1005.7","1017.6"
"2026-09-24","01:43:34","Clear","Dry","Dark","-3.3","16.3","3200","57232","17.9","32%","22.2","","Opened","7.364","230","Safe","Calm","0.0","70","12.4","2.7","1005.8","1017.6"
"2026-09-24","01:43:44","Clear","Dry","Dark","-3.3","16.3","3200","57232","17.9","32%","22.1","","Opened","7.447","230","Safe","Calm","0.0","70","12.4","2.6","1005.7","1017.6"
"2026-09-24","01:43:54","Clear","Dry","Dark","-3.3","16.3","3200","57232","17.9","32%","22.1","","Opened","7.395","230","Safe","Calm","0.0","70","12.4","2.6","1005.7","1017.6"
"2026-09-24","01:44:04","Clear","Dry","Dark","-3.3","16.3","3200","57232","17.9","32%","22.1","","Opened","7.347","230","Safe","Calm","0.0","70","12.4","2.6","1005.7","1017.6"
"2026-09-24","01:44:14","Clear","Dry","Dark","-3.2","16.3","3200","57232","17.9","32%","22.1","","Opened","7.272","230","Safe","Calm","0.0","70","12.4","2.7","1005.8","1017.6"
"2026-09-24","01:44:24","Clear","Dry","Dark","-3.2","16.3","3200","57232","17.9","32%","22.1","","Opened","7.347","230","Safe","Calm","0.0","70","12.3","2.7","1005.8","1017.6"
"2026-09-24","01:44:34","Clear","Dry","Dark","-3.0","16.3","3200","57232","17.9","32%","22.0","","Opened","7.295","230","Safe","Calm","0.0","70","12.4","2.9","1005.8","1017.6"
"2026-09-24","01:44:44","Clear","Dry","Dark","-3.1","16.3","3200","57232","17.9","32%","22.0","","Opened","7.509","230","Safe","Calm","0.0","70","12.4","2.8","1005.8","1017.7"
"2026-09-24","01:44:54","Clear","Dry","Dark","-3.2","16.3","3200","57232","17.9","32%","22.1","","Opened","7.314","230","Safe","Calm","0.0","70","12.4","2.7","1005.8","1017.6"
"2026-09-24","01:45:04","Clear","Dry","Dark","-3.2","16.4","3200","57232","17.9","32%","22.0","","Opened","7.390","230","Safe","Calm","0.0","70","12.4","2.7","1005.7","1017.6"
"2026-09-24","01:45:14","Clear","Dry","Dark","-3.3","16.4","3200","57232","17.9","32%","22.0","","Opened","7.328","230","Safe","Calm","0.0","70","12.4","2.6","1005.8","1017.6"
"2026-09-24","01:45:24","Clear","Dry","Dark","-3.3","16.4","3200","57232","17.9","32%","22.0","","Opened","7.276","230","Safe","Calm","0.0","70","12.4","2.6","1005.7","1017.6"
"2026-09-24","01:45:34","Clear","Dry","Dark","-3.4","16.4","3200","57232","17.9","32%","22.0","","Opened","7.357","230","Safe","Calm","0.0","70","12.4","2.5","1005.7","1017.6"
"2026-09-24","01:45:44","Clear","Dry","Dark","-3.3","16.4","3200","57232","17.9","32%","22.0","","Opened","7.434","230","Safe","Calm","0.0","70","12.4","2.6","1005.8","1017.7"
"2026-09-24","01:45:54","Clear","Dry","Dark","-3.3","16.4","3200","57232","17.9","32%","22.0","","Opened","7.386","230","Safe","Calm","0.0","70","12.4","2.6","1005.8","1017.6"
"2026-09-24","01:46:04","Clear","Dry","Dark","-3.3","16.4","3200","57232","17.9","32%","22.0","","Opened","7.322","230","Safe","Calm","0.0","70","12.3","2.6","1005.8","1017.6"
"2026-09-24","01:46:14","Clear","Dry","Dark","-3.3","16.4","3200","57232","17.9","32%","21.9","","Opened","7.376","230","Safe","Calm","0.0","70","12.3","2.6","1005.8","1017.6"
"2026-09-24","01:46:24","Clear","Dry","Dark","-3.2","16.4","3200","57232","17.9","32%","21.9","","Opened","7.335","230","Safe","Calm","0.0","70","12.4","2.6","1005.7","1017.6"
"2026-09-24","01:46:34","Clear","Dry","Dark","-3.3","16.4","3200","57232","17.9","32%","21.9","","Opened","7.269","230","Safe","Calm","0.0","70","12.4","2.6","1005.8","1017.6"
"2026-09-24","01:46:44","Clear","Dry","Dark","-3.3","16.4","3200","57232","17.9","32%","21.9","","Opened","7.491","230","Safe","Calm","0.0","70","12.4","2.6","1005.7","1017.6"
"2026-09-24","01:46:54","Clear","Dry","Dark","-3.4","16.4","3200","57232","17.9","32%","22.0","","Opened","7.303","230","Safe","Calm","0.0","70","12.4","2.5","1005.8","1017.6"
"2026-09-24","01:47:04","Clear","Dry","Dark","-3.4","16.3","3200","57232","17.9","32%","22.0","","Opened","7.379","230","Safe","Calm","0.0","70","12.4","2.5","1005.8","1017.6"
"2026-09-24","01:47:14","Clear","Dry","Dark","-3.2","16.4","3200","57232","17.9","32%","22.1","","Opened","7.305","230","Safe","Calm","0.0","70","12.3","2.6","1005.8","1017.6"
"2026-09-24","01:47:24","Clear","Dry","Dark","-3.4","16.3","3200","57232","17.9","32%","22.1","","Opened","7.382","230","Safe","Calm","0.0","70","12.3","2.5","1005.8","1017.7"
"2026-09-24","01:47:34","Clear","Dry","Dark","-3.3","16.3","3200","57232","17.9","32%","22.1","","Opened","7.319","230","Safe","Calm","0.0","70","12.3","2.6","1005.8","1017.6"
"2026-09-24","01:47:44","Clear","Dry","Dark","-3.2","16.3","3200","57232","17.9","32%","22.2","","Opened","7.519","230","Safe","Calm","0.0","70","12.3","2.7","1005.7","1017.6"
"2026-09-24","01:47:54","Clear","Dry","Dark","-3.2","16.3","3200","57232","17.9","32%","22.2","","Opened","7.325","230","Safe","Calm","0.0","70","12.3","2.6","1005.8","1017.6"
"2026-09-24","01:48:04","Clear","Dry","Dark","-3.4","16.3","3200","57232","17.9","32%","22.2","","Opened","7.266","230","Safe","Calm","0.0","70","12.3","2.5","1005.8","1017.7"
"2026-09-24","01:48:14","Clear","Dry","Dark","-3.4","16.3","3200","57232","17.9","32%","22.2","","Opened","7.339","230","Safe","Calm","0.0","70","12.3","2.5","1005.7","1017.6"
"2026-09-24","01:48:24","Clear","Dry","Dark","-3.3","16.3","3200","57232","17.9","32%","22.2","","Opened","7.283","230","Safe","Calm","0.0","70","12.3","2.6","1005.8","1017.7"
"2026-09-24","01:48:34","Clear","Dry","Dark","-3.3","16.3","3200","57232","17.9","32%","22.2","","Opened","7.357","230","Safe","Calm","0.0","70","12.3","2.6","1005.7","1017.6"
"2026-09-24","01:48:44","Clear","Dry","Dark","-3.1","16.3","3200","57232","17.9","32%","22.1","","Opened","7.440","230","Safe","Calm","0.0","70","12.3","2.8","1005.8","1017.7"
"2026-09-24","01:48:54","Clear","Dry","Dark","-3.2","16.3","3200","57232","17.8","32%","22.1","","Opened","7.397","230","Safe","Calm","0.0","70","12.3","2.7","1005.8","1017.6"
"2026-09-24","01:49:04","Clear","Dry","Dark","-3.3","16.3","3200","57232","17.8","32%","22.1","","Opened","7.336","230","Safe","Calm","0.0","70","12.3","2.5","1005.8","1017.7"
"2026-09-24","01:49:14","Clear","Dry","Dark","-3.4","16.3","3200","57232","17.8","32%","22.1","","Opened","7.266","230","Safe","Calm","0.0","70","12.3","2.5","1005.7","1017.6"
"2026-09-24","01:49:24","Clear","Dry","Dark","-3.1","16.3","3200","57232","17.8","32%","22.1","","Opened","7.342","230","Safe","Calm","0.0","70","12.3","2.8","1005.8","1017.6"
"2026-09-24","01:49:34","Clear","Dry","Dark","-3.1","16.3","3200","57232","17.8","32%","22.0","","Opened","7.293","230","Safe","Calm","0.0","70","12.3","2.8","1005.8","1017.6"
"2026-09-24","01:49:44","Clear","Dry","Dark","-3.2","16.4","3200","57232","17.8","32%","22.0","","Opened","7.508","230","Safe","Calm","0.0","70","12.3","2.6","1005.8","1017.6"
"2026-09-24","01:49:54","Clear","Dry","Dark","-3.2","16.4","3200","57232","17.8","32%","21.9","","Opened","7.321","230","Safe","Calm","0.0","70","12.3","2.6","1005.8","1017.6"
"2026-09-24","01:50:04","Clear","Dry","Dark","-3.3","16.4","3200","57232","17.8","32%","21.9","","Opened","7.398","230","Safe","Calm","0.0","70","12.3","2.6","1005.7","1017.6"
"2026-09-24","01:50:14","Clear","Dry","Dark","-3.4","16.3","3200","57232","17.8","32%","22.0","","Opened","7.335","230","Safe","Calm","0.0","70","12.3","2.5","1005.8","1017.6"
"2026-09-24","01:50:24","Clear","Dry","Dark","-3.2","16.4","3200","57232","17.8","32%","22.0","","Opened","7.279","230","Safe","Calm","0.0","70","12.2","2.6","1005.8","1017.6"
"2026-09-24","01:50:34","Clear","Dry","Dark","-3.1","16.4","3200","57232","17.8","32%","21.9","","Opened","7.345","230","Safe","Calm","0.0","70","12.3","2.8","1005.7","1017.6"
"2026-09-24","01:50:44","Clear","Dry","Dark","-3.3","16.4","3200","57232","17.8","32%","21.9","","Opened","7.435","230","Safe","Calm","0.0","70","12.3","2.5","1005.7","1017.6"
"2026-09-24","01:50:54","Clear","Dry","Dark","-3.3","16.4","3200","57232","17.8","32%","22.0","","Opened","7.374","230","Safe","Calm","0.0","70","12.3","2.6","1005.8","1017.6"
"2026-09-24","01:51:04","Clear","Dry","Dark","-3.2","16.4","3200","57232","17.8","32%","21.9","","Opened","7.320","230","Safe","Calm","0.0","70","12.3","2.6","1005.8","1017.7"
"2026-09-24","01:51:14","Clear","Dry","Dark","-3.1","16.4","3200","57232","17.8","32%","21.9","","Opened","7.387","230","Safe","Calm","0.0","70","12.3","2.8","1005.8","1017.6"
"2026-09-24","01:51:24","Clear","Dry","Dark","-3.3","16.4","3200","57232","17.8","32%","21.9","","Opened","7.329","230","Safe","Calm","0.0","70","12.3","2.5","1005.7","1017.6"
"2026-09-24","01:51:34","Clear","Dry","Dark","-3.3","16.4","3200","57232","17.8","32%","22.0","","Opened","7.276","230","Safe","Calm","0.0","70","12.3","2.6","1005.7","1017.6"
"2026-09-24","01:51:44","Clear","Dry","Dark","-3.2","16.4","3200","57232","17.8","32%","21.9","","Opened","7.486","230","Safe","Calm","0.0","70","12.2","2.6","1005.8","1017.6"
"2026-09-24","01:51:54","Clear","Dry","Dark","-3.3","16.4","3200","57232","17.8","32%","22.0","","Opened","7.297","230","Safe","Calm","0.0","70","12.3","2.5","1005.7","1017.6"
"2026-09-24","01:52:04","Clear","Dry","Dark","-3.2","16.4","3200","57232","17.8","32%","22.0","","Opened","7.374","230","Safe","Calm","0.0","70","12.3","2.7","1005.7","1017.6"
"2026-09-24","01:52:14","Clear","Dry","Dark","-3.2","16.4","3200","57232","17.8","32%","22.0","","Opened","7.316","230","Safe","Calm","0.0","70","12.3","2.7","1005.8","1017.7"
"2026-09-24","01:52:24","Clear","Dry","Dark","-3.2","16.4","3200","57232","17.8","32%","22.0","","Opened","7.390","230","Safe","Calm","0.0","70","12.3","2.6","1005.8","1017.7"
"2026-09-24","01:52:34","Clear","Dry","Dark","-3.3","16.4","3200","57232","17.8","32%","21.9","","Opened","7.343","230","Safe","Calm","0.0","70","12.3","2.6","1005.8","1017.7"
"2026-09-24","01:52:44","Clear","Dry","Dark","-3.4","16.3","3200","57232","17.8","32%","21.9","","Opened","7.430","230","Safe","Calm","0.0","70","12.3","2.4","1005.8","1017.6"
"2026-09-24","01:52:54","Clear","Dry","Dark","-3.4","16.4","3200","57232","17.8","32%","21.9","","Opened","7.369","230","Safe","Calm","0.0","70","12.3","2.5","1005.8","1017.6"
"2026-09-24","01:53:04","Clear","Dry","Dark","-3.4","16.3","3200","57232","17.8","32%","22.0","","Opened","7.309","230","Safe","Calm","0.0","70","12.3","2.5","1005.8","1017.7"
"2026-09-24","01:53:14","Clear","Dry","Dark","-3.4","16.3","3200","57232","17.8","32%","22.0","","Opened","7.368","230","Safe","Calm","0.0","70","12.2","2.5","1005.7","1017.6"
"2026-09-24","01:53:24","Clear","Dry","Dark","-3.2","16.3","3200","57232","17.8","32%","22.0","","Opened","7.317","230","Safe","Calm","0.0","70","12.3","2.6","1005.8","1017.6"
"2026-09-24","01:53:34","Clear","Dry","Dark","-3.4","16.3","3200","57232","17.8","32%","22.1","","Opened","7.397","230","Safe","Calm","0.0","70","12.3","2.5","1005.8","1017.6"
"2026-09-24","01:53:44","Clear","Dry","Dark","-3.3","16.3","3200","57232","17.8","32%","22.1","","Opened","7.484","230","Safe","Calm","0.0","70","12.2","2.6","1005.9","1017.7"
"2026-09-24","01:53:54","Clear","Dry","Dark","-3.4","16.3","3200","57232","17.9","32%","22.0","","Opened","7.297","230","Safe","Calm","0.0","70","12.3","2.5","1005.7","1017.6"
"2026-09-24","01:54:04","Clear","Dry","Dark","-3.2","16.3","3200","57232","17.8","32%","22.0","","Opened","7.372","230","Safe","Calm","0.0","70","12.2","2.6","1005.8","1017.7"
"2026-09-24","01:54:14","Clear","Dry","Dark","-3.3","16.3","3200","57232","17.8","32%","22.0","","Opened","7.307","230","Safe","Calm","0.0","70","12.3","2.5","1005.8","1017.6"
"2026-09-24","01:54:24","Clear","Dry","Dark","-3.4","16.3","3200","57232","17.8","32%","22.0","","Opened","7.388","230","Safe","Calm","0.0","70","12.3","2.4","1005.7","1017.6"
"2026-09-24","01:54:34","Clear","Dry","Dark","-3.3","16.3","3200","57232","17.8","32%","22.0","","Opened","7.330","230","Safe","Calm","0.0","70","12.2","2.5","1005.8","1017.6"
"2026-09-24","01:54:44","Clear","Dry","Dark","-3.2","16.3","3200","57232","17.8","32%","22.0","","Opened","7.419","230","Safe","Calm","0.0","70","12.2","2.6","1005.7","1017.6"
"2026-09-24","01:54:54","Clear","Dry","Dark","-3.4","16.3","3200","57232","17.8","32%","22.0","","Opened","7.353","230","Safe","Calm","0.0","70","12.3","2.5","1005.7","1017.6"
"2026-09-24","01:55:04","Clear","Dry","Dark","-3.4","16.3","3200","57232","17.8","32%","21.9","","Opened","7.305","230","Safe","Calm","0.0","70","12.2","2.5","1005.7","1017.6"
"2026-09-24","01:55:14","Clear","Dry","Dark","-3.3","16.3","3200","57232","17.8","32%","21.9","","Opened","7.367","230","Safe","Calm","0.0","70","12.2","2.5","1005.7","1017.6"
"2026-09-24","01:55:24","Clear","Dry","Dark","-3.3","16.3","3200","57232","17.8","32%","21.9","","Opened","7.319","230","Safe","Calm","0.0","70","12.2","2.5","1005.8","1017.6"
"2026-09-24","01:55:34","Clear","Dry","Dark","-3.4","16.3","3200","57232","17.8","32%","21.9","","Opened","7.396","230","Safe","Calm","0.0","70","12.2","2.4","1005.8","1017.7"
"2026-09-24","01:55:44","Clear","Dry","Dark","-3.3","16.3","3200","57232","17.8","32%","21.9","","Opened","7.475","230","Safe","Calm","0.0","70","12.2","2.5","1005.8","1017.6"
"2026-09-24","01:55:54","Clear","Dry","Dark","-3.2","16.3","3200","57232","17.8","32%","21.9","","Opened","7.287","230","Safe","Calm","0.0","70","12.2","2.6","1005.8","1017.6"
"2026-09-24","01:56:04","Clear","Dry","Dark","-3.4","16.3","3200","57232","17.8","32%","21.9","","Opened","7.359","230","Safe","Calm","0.0","70","12.2","2.4","1005.6","1017.5"
"2026-09-24","01:56:14","Clear","Dry","Dark","-3.3","16.3","3200","57232","17.8","32%","21.8","","Opened","7.294","230","Safe","Calm","0.0","70","12.2","2.5","1005.7","1017.6"
"2026-09-24","01:56:24","Clear","Dry","Dark","-3.3","16.3","3200","57232","17.8","32%","21.9","","Opened","7.369","230","Safe","Calm","0.0","70","12.2","2.5","1005.7","1017.6"
"2026-09-24","01:56:34","Clear","Dry","Dark","-3.3","16.3","3200","57232","17.8","32%","21.9","","Opened","7.315","230","Safe","Calm","0.0","70","12.2","2.5","1005.8","1017.6"
"2026-09-24","01:56:44","Clear","Dry","Dark","-3.3","16.3","3200","57232","17.8","32%","21.9","","Opened","7.526","230","Safe","Calm","0.0","70","12.2","2.6","1005.6","1017.5"
"2026-09-24","01:56:54","Clear","Dry","Dark","-3.4","16.2","3200","57232","17.8","32%","21.9","","Opened","7.340","230","Safe","Calm","0.0","70","12.2","2.4","1005.7","1017.6"
"2026-09-24","01:57:04","Clear","Dry","Dark","-3.2","16.2","3200","57232","17.8","32%","22.0","","Opened","7.289","230","Safe","Calm","0.0","70","12.2","2.6","1005.7","1017.6"
"2026-09-24","01:57:14","Clear","Dry","Dark","-3.1","16.2","3200","57232","17.8","32%","22.0","","Opened","7.346","230","Safe","Calm","0.0","70","12.2","2.7","1005.8","1017.7"
"2026-09-24","01:57:24","Clear","Dry","Dark","-3.1","16.2","3200","57232","17.8","32%","22.0","","Opened","7.295","230","Safe","Calm","0.0","70","12.2","2.8","1005.6","1017.5"
"2026-09-24","01:57:34","Clear","Dry","Dark","-3.2","16.3","3200","57232","17.8","32%","22.0","","Opened","7.352","230","Safe","Calm","0.0","70","12.2","2.6","1005.6","1017.5"
"2026-09-24","01:57:44","Clear","Dry","Dark","-3.3","16.3","3200","57232","17.8","32%","22.0","","Opened","7.439","230","Safe","Calm","0.0","70","12.2","2.6","1005.6","1017.5"
"2026-09-24","01:57:54","Clear","Dry","Dark","-3.3","16.3","3200","57232","17.8","32%","22.0","","Opened","7.371","230","Safe","Calm","0.0","70","12.2","2.6","1005.8","1017.6"
"2026-09-24","01:58:04","Clear","Dry","Dark","-3.3","16.3","3200","57232","17.8","32%","22.0","","Opened","7.314","230","Safe","Calm","0.0","70","12.2","2.6","1005.6","1017.5"
"2026-09-24","01:58:14","Clear","Dry","Dark","-3.2","16.3","3200","57232","17.8","32%","22.1","","Opened","7.370","230","Safe","Calm","0.0","70","12.2","2.7","1005.7","1017.6"
"2026-09-24","01:58:24","Clear","Dry","Dark","-3.3","16.3","3200","57232","17.8","32%","22.1","","Opened","7.322","230","Safe","Calm","0.0","70","12.2","2.6","1005.7","1017.6"
"2026-09-24","01:58:34","Clear","Dry","Dark","-3.4","16.3","3200","57232","17.8","32%","22.1","","Opened","7.278","230","Safe","Calm","0.0","70","12.2","2.4","1005.8","1017.6"
"2026-09-24","01:58:44","Clear","Dry","Dark","-3.2","16.2","3200","57232","17.9","32%","22.2","","Opened","7.489","230","Safe","Calm","0.0","70","12.3","2.6","1005.7","1017.6"
"2026-09-24","01:58:54","Clear","Dry","Dark","-3.4","16.3","3200","57232","17.8","32%","22.2","","Opened","7.293","230","Safe","Calm","0.0","70","12.2","2.5","1005.7","1017.6"
"2026-09-24","01:59:04","Clear","Dry","Dark","-3.4","16.2","3200","57232","17.8","32%","22.3","","Opened","7.364","230","Safe","Calm","0.0","70","12.2","2.5","1005.6","1017.5"
"2026-09-24","01:59:14","Clear","Dry","Dark","-3.3","16.2","3200","57232","17.8","32%","22.3","","Opened","7.293","230","Safe","Calm","0.0","70","12.2","2.5","1005.6","1017.5"
"2026-09-24","01:59:24","Clear","Dry","Dark","-3.4","16.2","3200","57232","17.8","32%","22.3","","Opened","7.377","230","Safe","Calm","0.0","70","12.2","2.5","1005.7","1017.6"
"2026-09-24","01:59:34","Clear","Dry","Dark","-3.3","16.2","3200","57232","17.8","32%","22.3","","Opened","7.321","230","Safe","Calm","0.0","70","12.2","2.6","1005.8","1017.6"
"2026-09-24","01:59:44","Clear","Dry","Dark","-3.2","16.2","3200","57232","17.8","32%","22.3","","Opened","7.415","230","Safe","Calm","0.0","70","12.2","2.6","1005.7","1017.6"
"2026-09-24","01:59:54","Clear","Dry","Dark","-3.4","16.2","3200","57232","17.8","32%","22.3","","Opened","7.349","230","Safe","Calm","0.0","70","12.2","2.5","1005.6","1017.5"
"2026-09-24","02:00:04","Clear","Dry","Dark","-3.4","16.2","3200","57232","17.8","32%","22.3","","Opened","7.305","230","Safe","Calm","0.0","70","12.2","2.5","1005.7","1017.6"
"2026-09-24","02:00:14","Clear","Dry","Dark","-3.3","16.2","3200","57232","17.8","32%","22.3","","Opened","7.367","230","Safe","Calm","0.0","70","12.2","2.6","1005.8","1017.6"
"2026-09-24","02:00:24","Clear","Dry","Dark","-3.3","16.3","3200","57232","17.9","32%","22.2","","Opened","7.307","230","Safe","Calm","0.0","70","12.3","2.6","1005.6","1017.5"
"2026-09-24","02:00:34","Clear","Dry","Dark","-3.2","16.2","3200","57232","17.8","32%","22.2","","Opened","7.386","230","Safe","Calm","0.0","70","12.2","2.7","1005.7","1017.6"
"2026-09-24","02:00:44","Clear","Dry","Dark","-3.1","16.3","3200","57232","17.8","32%","22.1","","Opened","7.473","230","Safe","Calm","0.0","70","12.2","2.8","1005.7","1017.6"
"2026-09-24","02:00:54","Clear","Dry","Dark","-3.2","16.3","3200","57232","17.8","32%","22.1","","Opened","7.282","230","Safe","Calm","0.0","70","12.3","2.7","1005.7","1017.6"
"2026-09-24","02:01:04","Clear","Dry","Dark","-3.0","16.3","3200","57232","17.8","32%","22.1","","Opened","7.364","230","Safe","Calm","0.0","70","12.3","2.9","1005.8","1017.6"
"2026-09-24","02:01:14","Clear","Dry","Dark","-3.2","16.3","3200","57232","17.8","32%","22.1","","Opened","7.300","230","Safe","Calm","0.0","70","12.3","2.7","1005.7","1017.6"
"2026-09-24","02:01:24","Clear","Dry","Dark","-3.3","16.3","3200","57232","17.8","32%","22.1","","Opened","7.379","230","Safe","Calm","0.0","70","12.3","2.6","1005.8","1017.6"
"2026-09-24","02:01:34","Clear","Dry","Dark","-3.2","16.3","3200","57232","17.8","32%","22.1","","Opened","7.321","230","Safe","Calm","0.0","70","12.3","2.6","1005.8","1017.6"
"2026-09-24","02:01:44","Clear","Dry","Dark","-3.4","16.3","3200","57232","17.8","32%","22.2","","Opened","7.407","230","Safe","Calm","0.0","70","12.2","2.5","1005.8","1017.6"
"2026-09-24","02:01:54","Clear","Dry","Dark","-3.2","16.3","3200","57232","17.8","32%","22.1","","Opened","7.343","230","Safe","Calm","0.0","70","12.2","2.6","1005.8","1017.7"
"2026-09-24","02:02:04","Clear","Dry","Dark","-3.3","16.3","3200","57232","17.8","32%","22.1","","Opened","7.294","230","Safe","Calm","0.0","70","12.2","2.6","1005.7","1017.6"
"2026-09-24","02:02:14","Clear","Dry","Dark","-3.3","16.3","3200","57232","17.8","32%","22.1","","Opened","7.357","230","Safe","Calm","0.0","70","12.3","2.6","1005.7","1017.6"
"2026-09-24","02:02:24","Clear","Dry","Dark","-3.3","16.2","3200","57232","17.8","32%","22.1","","Opened","7.308","230","Safe","Calm","0.0","70","12.2","2.5","1005.8","1017.6"
"2026-09-24","02:02:34","Clear","Dry","Dark","-3.2","16.3","3200","57232","17.8","32%","22.2","","Opened","7.372","230","Safe","Calm","0.0","70","12.2","2.6","1005.7","1017.6"
"2026-09-24","02:02:44","Clear","Dry","Dark","-3.2","16.3","3200","57232","17.8","32%","22.1","","Opened","7.466","230","Safe","Calm","0.0","70","12.2","2.6","1005.8","1017.7"
"2026-09-24","02:02:54","Clear","Dry","Dark","-3.1","16.3","3200","57232","17.8","32%","22.1","","Opened","7.272","230","Safe","Calm","0.0","70","12.2","2.8","1005.8","1017.6"
"2026-09-24","02:03:04","Clear","Dry","Dark","-3.0","16.3","3200","57232","17.8","32%","22.0","","Opened","7.349","230","Safe","Calm","0.0","70","12.2","2.8","1005.7","1017.6"
"2026-09-24","02:03:14","Clear","Dry","Dark","-3.3","16.3","3200","57232","17.8","32%","22.0","","Opened","7.284","230","Safe","Calm","0.0","70","12.2","2.6","1005.8","1017.6"
"2026-09-24","02:03:24","Clear","Dry","Dark","-3.4","16.3","3200","57232","17.8","32%","21.9","","Opened","7.356","230","Safe","Calm","0.0","70","12.2","2.4","1005.8","1017.7"
"2026-09-24","02:03:34","Clear","Dry","Dark","-3.4","16.3","3200","57232","17.8","32%","21.9","","Opened","7.297","230","Safe","Calm","0.0","70","12.2","2.5","1005.8","1017.7"
"2026-09-24","02:03:44","Clear","Dry","Dark","-3.4","16.3","3200","57232","17.8","32%","22.0","","Opened","7.517","230","Safe","Calm","0.0","70","12.2","2.5","1005.8","1017.6"
"2026-09-24","02:03:54","Clear","Dry","Dark","-3.3","16.3","3200","57232","17.8","32%","22.0","","Opened","7.305","230","Safe","Calm","0.0","70","12.2","2.6","1005.7","1017.6"
"2026-09-24","02:04:04","Clear","Dry","Dark","-3.4","16.3","3200","57232","17.8","32%","22.0","","Opened","7.386","230","Safe","Calm","0.0","70","12.2","2.5","1005.8","1017.6"
"2026-09-24","02:04:14","Clear","Dry","Dark","-3.3","16.2","3200","57232","17.8","32%","22.1","","Opened","7.321","230","Safe","Calm","0.0","70","12.2","2.6","1005.8","1017.6"
"2026-09-24","02:04:24","Clear","Dry","Dark","-3.3","16.2","3200","57232","17.8","32%","22.1","","Opened","7.390","230","Safe","Calm","0.0","70","12.2","2.5","1005.8","1017.6"
"2026-09-24","02:04:34","Clear","Dry","Dark","-3.4","16.2","3200","57232","17.8","32%","22.1","","Opened","7.343","230","Safe","Calm","0.0","70","12.2","2.5","1005.8","1017.6"
"2026-09-24","02:04:44","Clear","Dry","Dark","-3.3","16.2","3200","57232","17.8","32%","22.1","","Opened","7.431","230","Safe","Calm","0.0","70","12.2","2.5","1005.8","1017.6"
"2026-09-24","02:04:54","Clear","Dry","Dark","-3.4","16.2","3200","57232","17.8","32%","22.1","","Opened","7.366","230","Safe","Calm","0.0","70","12.2","2.5","1005.9","1017.7"
"2026-09-24","02:05:04","Clear","Dry","Dark","-3.3","16.2","3200","57232","17.8","32%","22.0","","Opened","7.307","230","Safe","Calm","0.0","70","12.2","2.6","1005.8","1017.6"
"2026-09-24","02:05:14","Clear","Dry","Dark","-3.3","16.2","3200","57232","17.8","32%","22.0","","Opened","7.375","230","Safe","Calm","0.0","70","12.2","2.5","1005.8","1017.7"
"2026-09-24","02:05:24","Clear","Dry","Dark","-3.3","16.2","3200","57232","17.8","32%","21.9","","Opened","7.325","230","Safe","Calm","0.0","70","12.2","2.5","1005.8","1017.6"
"2026-09-24","02:05:34","Clear","Dry","Dark","-3.4","16.2","3200","57232","17.8","32%","21.9","","Opened","7.269","230","Safe","Calm","0.0","70","12.2","2.5","1005.8","1017.6"
"2026-09-24","02:05:44","Clear","Dry","Dark","-3.3","16.1","3200","57232","17.8","32%","22.0","","Opened","7.479","230","Safe","Calm","0.0","70","12.2","2.5","1005.8","1017.7"
"2026-09-24","02:05:54","Clear","Dry","Dark","-3.4","16.1","3200","57232","17.8","32%","22.0","","Opened","7.283","230","Safe","Calm","0.0","70","12.2","2.5","1005.8","1017.6"
"2026-09-24","02:06:04","Clear","Dry","Dark","-3.2","16.1","3200","57232","17.8","32%","22.0","","Opened","7.357","230","Safe","Calm","0.0","70","12.2","2.6","1005.8","1017.6"
"2026-09-24","02:06:14","Clear","Dry","Dark","-3.4","16.2","3200","57232","17.8","32%","21.9","","Opened","7.296","230","Safe","Calm","0.0","70","12.2","2.5","1005.8","1017.6"
"2026-09-24","02:06:24","Clear","Dry","Dark","-3.4","16.2","3200","57232","17.8","32%","21.9","","Opened","7.369","230","Safe","Calm","0.0","70","12.2","2.4","1005.8","1017.6"
"2026-09-24","02:06:34","Clear","Dry","Dark","-3.3","16.2","3200","57232","17.8","32%","22.0","","Opened","7.320","230","Safe","Calm","0.0","70","12.2","2.5","1005.9","1017.7"
"2026-09-24","02:06:44","Clear","Dry","Dark","-3.3","16.2","3200","57232","17.8","32%","22.0","","Opened","7.540","230","Safe","Calm","0.0","70","12.2","2.5","1005.8","1017.6"
"2026-09-24","02:06:54","Clear","Dry","Dark","-3.5","16.1","3200","57232","17.8","32%","21.9","","Opened","7.349","230","Safe","Calm","0.0","70","12.2","2.4","1005.8","1017.6"
"2026-09-24","02:07:04","Clear","Dry","Dark","-3.3","16.1","3200","57232","17.8","32%","22.0","","Opened","7.291","230","Safe","Calm","0.0","70","12.2","2.5","1005.8","1017.6"
"2026-09-24","02:07:14","Clear","Dry","Dark","-3.1","16.1","3200","57232","17.7","32%","22.0","","Opened","7.355","230","Safe","Calm","0.0","70","12.2","2.7","1005.8","1017.7"
"2026-09-24","02:07:24","Clear","Dry","Dark","-3.3","16.1","3200","57232","17.7","32%","22.0","","Opened","7.296","230","Safe","Calm","0.0","70","12.2","2.5","1005.8","1017.6"
"2026-09-24","02:07:34","Clear","Dry","Dark","-3.3","16.1","3200","57232","17.7","32%","22.0","","Opened","7.359","230","Safe","Calm","0.0","70","12.2","2.5","1005.9","1017.7"
"2026-09-24","02:07:44","Clear","Dry","Dark","-3.4","16.1","3200","57232","17.7","32%","22.0","","Opened","7.451","230","Safe","Calm","0.0","70","12.2","2.4","1005.8","1017.7"
"2026-09-24","02:07:54","Clear","Dry","Dark","-3.2","16.1","3200","57232","17.7","32%","22.0","","Opened","7.382","230","Safe","Calm","0.0","70","12.2","2.6","1005.9","1017.7"
"2026-09-24","02:08:04","Clear","Dry","Dark","-3.3","16.1","3200","57232","17.7","32%","22.0","","Opened","7.336","230","Safe","Calm","0.0","70","12.2","2.5","1005.8","1017.7"
"2026-09-24","02:08:14","Clear","Dry","Dark","-3.3","16.1","3200","57232","17.7","32%","22.0","","Opened","7.260","230","Safe","Calm","0.0","70","12.2","2.6","1005.8","1017.7"
"2026-09-24","02:08:24","Clear","Dry","Dark","-3.2","16.1","3200","57232","17.7","32%","22.0","","Opened","7.344","230","Safe","Calm","0.0","70","12.2","2.6","1005.8","1017.7"
"2026-09-24","02:08:34","Clear","Dry","Dark","-3.2","16.1","3200","57232","17.7","32%","22.0","","Opened","7.291","230","Safe","Calm","0.0","70","12.1","2.5","1005.8","1017.7"
"2026-09-24","02:08:44","Clear","Dry","Dark","-3.3","16.1","3200","57232","17.7","32%","22.0","","Opened","7.511","230","Safe","Calm","0.0","70","12.2","2.5","1005.8","1017.6"
"2026-09-24","02:08:54","Clear","Dry","Dark","-3.2","16.1","3200","57232","17.7","32%","22.0","","Opened","7.316","230","Safe","Calm","0.0","70","12.2","2.6","1005.8","1017.6"
"2026-09-24","02:09:04","Clear","Dry","Dark","-3.3","16.1","3200","57232","17.7","32%","22.0","","Opened","7.385","230","Safe","Calm","0.0","70","12.2","2.5","1005.8","1017.7"
"2026-09-24","02:09:14","Clear","Dry","Dark","-3.3","16.1","3200","57232","17.7","32%","22.0","","Opened","7.327","230","Safe","Calm","0.0","70","12.2","2.5","1005.8","1017.7"
"2026-09-24","02:09:24","Clear","Dry","Dark","-3.1","16.1","3200","57232","17.7","32%","21.9","","Opened","7.283","230","Safe","Calm","0.0","70","12.2","2.7","1005.8","1017.6"
"2026-09-24","02:09:34","Clear","Dry","Dark","-3.1","16.2","3200","57232","17.7","32%","21.9","","Opened","7.360","230","Safe","Calm","0.0","70","12.1","2.7","1005.8","1017.6"
"2026-09-24","02:09:44","Clear","Dry","Dark","-3.1","16.2","3200","57232","17.7","32%","21.9","","Opened","7.442","230","Safe","Calm","0.0","70","12.2","2.6","1005.9","1017.7"
"2026-09-24","02:09:54","Clear","Dry","Dark","-3.3","16.1","3200","57232","17.7","32%","21.9","","Opened","7.381","230","Safe","Calm","0.0","70","12.2","2.5","1005.8","1017.7"
"2026-09-24","02:10:04","Clear","Dry","Dark","-3.2","16.2","3200","57232","17.7","32%","22.0","","Opened","7.333","230","Safe","Calm","0.0","70","12.2","2.5","1005.9","1017.7"
"2026-09-24","02:10:14","Clear","Dry","Dark","-3.2","16.2","3200","57232","17.7","32%","22.0","","Opened","7.268","230","Safe","Calm","0.0","70","12.2","2.6","1005.8","1017.7"
"2026-09-24","02:10:24","Clear","Dry","Dark","-3.2","16.1","3200","57232","17.7","32%","22.0","","Opened","7.346","230","Safe","Calm","0.0","70","12.2","2.6","1005.8","1017.6"
"2026-09-24","02:10:34","Clear","Dry","Dark","-3.2","16.2","3200","57232","17.7","32%","22.1","","Opened","7.286","230","Safe","Calm","0.0","70","12.1","2.6","1005.8","1017.6"
"2026-09-24","02:10:44","Clear","Dry","Dark","-3.2","16.1","3200","57232","17.7","32%","22.1","","Opened","7.500","230","Safe","Calm","0.0","70","12.2","2.5","1005.8","1017.6"
"2026-09-24","02:10:54","Clear","Dry","Dark","-3.1","16.2","3200","57232","17.7","32%","22.0","","Opened","7.316","230","Safe","Calm","0.0","70","12.2","2.7","1005.8","1017.6"
"2026-09-24","02:11:04","Clear","Dry","Dark","-3.0","16.2","3200","57232","17.6","32%","22.0","","Opened","7.379","230","Safe","Calm","0.0","70","12.1","2.7","1005.8","1017.6"
"2026-09-24","02:11:14","Clear","Dry","Dark","-3.0","16.2","3200","57232","17.7","32%","22.0","","Opened","7.310","230","Safe","Calm","0.0","70","12.2","2.7","1005.8","1017.6"
"2026-09-24","02:11:24","Clear","Dry","Dark","-2.8","16.2","3200","57232","17.6","32%","21.9","","Opened","7.396","230","Safe","Calm","0.0","70","12.1","2.9","1005.8","1017.6"
"2026-09-24","02:11:34","Clear","Dry","Dark","-3.1","16.2","3200","57232","17.6","32%","21.9","","Opened","7.337","230","Safe","Calm","0.0","70","12.1","2.6","1005.8","1017.6"
"2026-09-24","02:11:44","Clear","Dry","Dark","-3.2","16.2","3200","57232","17.6","32%","21.9","","Opened","7.421","230","Safe","Calm","0.0","70","12.1","2.6","1005.7","1017.6"
"2026-09-24","02:11:54","Clear","Dry","Dark","-3.1","16.1","3200","57232","17.6","32%","21.9","","Opened","7.356","230","Safe","Calm","0.0","70","12.1","2.6","1005.8","1017.6"
"2026-09-24","02:12:04","Clear","Dry","Dark","-3.1","16.2","3200","57232","17.7","32%","21.8","","Opened","7.315","230","Safe","Calm","0.0","70","12.1","2.6","1005.8","1017.6"
"2026-09-24","02:12:14","Clear","Dry","Dark","-3.1","16.2","3200","57232","17.7","32%","21.8","","Opened","7.371","230","Safe","Calm","0.0","70","12.1","2.6","1005.8","1017.6"
"2026-09-24","02:12:24","Clear","Dry","Dark","-3.1","16.2","3200","57232","17.6","32%","21.8","","Opened","7.310","230","Safe","Calm","0.0","70","12.1","2.6","1005.8","1017.6"
"2026-09-24","02:12:34","Clear","Dry","Dark","-3.1","16.2","3200","57232","17.6","32%","21.8","","Opened","7.381","230","Safe","Calm","0.0","70","12.1","2.7","1005.7","1017.6"
"2026-09-24","02:12:44","Clear","Dry","Dark","-3.0","16.2","3200","57232","17.6","32%","21.7","","Opened","7.447","230","Safe","Calm","0.0","70","12.1","2.7","1005.8","1017.6"
"2026-09-24","02:12:54","Clear","Dry","Dark","-3.1","16.2","3200","57232","17.6","32%","21.7","","Opened","7.384","230","Safe","Calm","0.0","70","12.1","2.6","1005.7","1017.6"
"2026-09-24","02:13:04","Clear","Dry","Dark","-3.2","16.2","3200","57232","17.6","32%","21.7","","Opened","7.330","230","Safe","Calm","0.0","70","12.1","2.5","1005.8","1017.7"
"2026-09-24","02:13:14","Clear","Dry","Dark","-3.1","16.2","3200","57232","17.6","32%","21.7","","Opened","7.265","230","Safe","Calm","0.0","70","12.1","2.6","1005.7","1017.6"
"2026-09-24","02:13:24","Clear","Dry","Dark","-3.2","16.2","3200","57232","17.6","32%","21.7","","Opened","7.334","230","Safe","Calm","0.0","70","12.1","2.6","1005.7","1017.6"
"2026-09-24","02:13:34","Clear","Wet","Dark","-3.3","16.2","3199","57232","17.6","32%","21.7","","Opened","7.300","230","Safe","Calm","0.0","70","12.1","2.5","1005.7","1017.6"
"2026-09-24","02:13:44","Clear","Dry","Dark","-3.2","16.2","3200","57232","17.6","32%","21.7","","Opened","7.509","230","Safe","Calm","0.0","70","12.1","2.5","1005.7","1017.6"
"2026-09-24","02:13:54","Clear","Dry","Dark","-3.1","16.1","3200","57232","17.6","32%","21.7","","Opened","7.328","230","Safe","Calm","0.0","70","12.1","2.6","1005.8","1017.7"
"2026-09-24","02:14:04","Clear","Dry","Dark","-3.1","16.1","3200","57232","17.6","32%","21.6","Heating UP","Opened","7.389","230","Safe","Calm","0.0","70","12.1","2.6","1005.7","1017.6"
"2026-09-24","02:14:14","Clear","Dry","Dark","-3.1","16.1","3200","57232","17.6","33%","21.6","","Opened","7.379","230","Safe","Calm","0.0","70","12.1","2.7","1005.8","1017.7"
"2026-09-24","02:14:24","Clear","Dry","Dark","-3.1","16.1","3200","57232","17.6","33%","21.5","Heating UP","Opened","7.449","230","Safe","Calm","0.0","70","12.1","2.7","1005.8","1017.6"
"2026-09-24","02:14:34","Clear","Dry","Dark","-3.0","16.2","3200","57232","17.6","34%","21.5","Heating UP","Opened","7.448","230","Safe","Calm","0.0","70","12.1","2.7","1005.8","1017.6"
"2026-09-24","02:14:44","Clear","Dry","Dark","-3.0","16.1","3200","57232","17.6","35%","21.4","Heating UP","Opened","7.580","230","Safe","Calm","0.0","70","12.1","2.7","1005.8","1017.6"
"2026-09-24","02:14:54","Clear","Dry","Dark","-3.1","16.2","3200","57232","17.6","36%","21.4","Heating UP","Opened","7.440","230","Safe","Calm","0.0","70","12.1","2.7","1005.8","1017.6"
"2026-09-24","02:15:04","Clear","Dry","Dark","-2.9","16.2","3200","57232","17.6","37%","21.4","Heating UP","Opened","7.425","230","Safe","Calm","0.0","70","12.1","2.8","1005.8","1017.6"
"2026-09-24","02:15:14","Clear","Dry","Dark","-2.9","16.2","3200","57232","17.6","38%","21.4","Heating UP","Opened","7.408","230","Safe","Calm","0.0","70","12.1","2.8","1005.7","1017.6"
"2026-09-24","02:15:24","Clear","Dry","Dark","-3.0","16.1","3200","57232","17.6","39%","21.5","","Opened","7.280","230","Safe","Calm","0.0","70","12.1","2.7","1005.7","1017.6"
"2026-09-24","02:15:34","Clear","Dry","Dark","-3.0","16.2","3200","57232","17.6","39%","21.5","Heating UP","Opened","7.474","230","Safe","Calm","0.0","70","12.1","2.7","1005.8","1017.6"
"2026-09-24","02:15:44","Clear","Dry","Dark","-2.9","16.2","3200","57232","17.6","40%","21.6","","Opened","7.492","230","Safe","Calm","0.0","70","12.1","2.8","1005.7","1017.6"
"2026-09-24","02:15:54","Clear","Dry","Dark","-3.0","16.2","3200","57232","17.6","40%","21.6","","Opened","7.308","230","Safe","Calm","0.0","70","12.1","2.8","1005.8","1017.6"
"2026-09-24","02:16:04","Clear","Dry","Dark","-2.8","16.2","3200","57232","17.6","40%","21.6","","Opened","7.381","230","Safe","Calm","0.0","70","12.0","2.9","1005.8","1017.6"
"2026-09-24","02:16:14","Clear","Dry","Dark","-2.8","16.2","3200","57232","17.6","40%","21.6","","Opened","7.318","230","Safe","Calm","0.0","70","12.1","2.9","1005.8","1017.6"
"2026-09-24","02:16:24","Clear","Dry","Dark","-3.0","16.2","3200","57232","17.6","40%","21.6","","Opened","7.409","230","Safe","Calm","0.0","70","12.0","2.7","1005.7","1017.6"
"2026-09-24","02:16:34","Clear","Dry","Dark","-3.1","16.3","3200","57232","17.6","40%","21.6","","Opened","7.343","230","Safe","Calm","0.0","70","12.0","2.6","1005.7","1017.6"
"2026-09-24","02:16:44","Clear","Dry","Dark","-3.0","16.2","3200","57232","17.6","40%","21.7","","Opened","7.432","230","Safe","Calm","0.0","70","12.0","2.7","1005.7","1017.6"
"2026-09-24","02:16:54","Clear","Dry","Dark","-3.0","16.3","3200","57232","17.6","40%","21.7","","Opened","7.349","230","Safe","Calm","0.0","70","12.0","2.7","1005.7","1017.6"
"2026-09-24","02:17:04","Clear","Dry","Dark","-3.0","16.3","3200","57232","17.5","40%","21.7","","Opened","7.292","230","Safe","Calm","0.0","70","12.0","2.7","1005.8","1017.6"
"2026-09-24","02:17:14","Clear","Dry","Dark","-3.0","16.3","3200","57232","17.6","40%","21.8","","Opened","7.357","230","Safe","Calm","0.0","70","12.0","2.7","1005.7","1017.6"
"2026-09-24","02:17:24","Clear","Dry","Dark","-3.0","16.3","3200","57232","17.5","40%","21.8","","Opened","7.303","230","Safe","Calm","0.0","70","11.9","2.7","1005.7","1017.6"
"2026-09-24","02:17:34","Clear","Dry","Dark","-2.9","16.3","3200","57232","17.6","40%","21.8","","Opened","7.366","230","Safe","Calm","0.0","70","11.9","2.8","1005.8","1017.6"
"2026-09-24","02:17:44","Clear","Dry","Dark","-2.9","16.3","3200","57232","17.5","40%","21.9","","Opened","7.447","230","Safe","Calm","0.0","69","11.9","2.7","1005.7","1017.6"
"2026-09-24","02:17:54","Clear","Dry","Dark","-2.9","16.3","3200","57232","17.6","40%","21.9","","Opened","7.384","230","Safe","Calm","0.0","69","11.9","2.7","1005.7","1017.6"
"2026-09-24","02:18:04","Clear","Dry","Dark","-3.0","16.3","3200","57232","17.6","40%","21.9","","Opened","7.323","230","Safe","Calm","0.0","69","11.9","2.7","1005.8","1017.6"
"2026-09-24","02:18:14","Clear","Dry","Dark","-3.1","16.3","3200","57232","17.5","40%","22.0","","Opened","7.270","230","Safe","Calm","0.0","69","11.9","2.6","1005.7","1017.6"
"2026-09-24","02:18:24","Clear","Dry","Dark","-3.0","16.3","3200","57232","17.5","40%","22.0","","Opened","7.343","230","Safe","Calm","0.0","69","11.8","2.7","1005.7","1017.6"
"2026-09-24","02:18:34","Clear","Dry","Dark","-3.1","16.3","3200","57232","17.6","40%","22.0","","Opened","7.299","230","Safe","Calm","0.0","69","11.8","2.6","1005.7","1017.6"
"2026-09-24","02:18:44","Clear","Dry","Dark","-3.0","16.3","3200","57232","17.5","40%","22.1","","Opened","7.508","230","Safe","Calm","0.0","69","11.8","2.7","1005.7","1017.6"
"2026-09-24","02:18:54","Clear","Dry","Dark","-2.9","16.3","3200","57232","17.5","40%","22.1","","Opened","7.325","230","Safe","Calm","0.0","69","11.8","2.8","1005.8","1017.6"
"2026-09-24","02:19:04","Clear","Dry","Dark","-2.8","16.3","3200","57232","17.5","40%","22.1","","Opened","7.276","230","Safe","Calm","0.0","69","11.8","2.9","1005.6","1017.5"
"2026-09-24","02:19:14","Clear","Dry","Dark","-2.9","16.3","3200","57232","17.5","40%","22.1","","Opened","7.335","230","Safe","Calm","0.0","69","11.8","2.8","1005.6","1017.5"
"2026-09-24","02:19:24","Clear","Dry","Dark","-2.8","16.3","3200","57232","17.5","40%","22.1","","Opened","7.282","230","Safe","Calm","0.0","69","11.7","2.9","1005.6","1017.5"
"2026-09-24","02:19:34","Clear","Dry","Dark","-2.8","16.3","3200","57232","17.5","40%","22.0","","Opened","7.354","230","Safe","Calm","0.0","69","11.7","2.9","1005.7","1017.6"
"2026-09-24","02:19:44","Clear","Dry","Dark","-3.0","16.3","3200","57232","17.5","40%","22.0","","Opened","7.421","230","Safe","Calm","0.0","69","11.7","2.7","1005.7","1017.6"
"2026-09-24","02:19:54","Clear","Dry","Dark","-3.0","16.3","3200","57232","17.5","40%","22.1","","Opened","7.362","230","Safe","Calm","0.0","69","11.7","2.6","1005.7","1017.6"
"2026-09-24","02:20:04","Clear","Dry","Dark","-3.0","16.3","3200","57232","17.5","40%","22.2","Heating DOWN","Opened","7.426","230","Safe","Calm","0.0","69","11.7","2.7","1005.8","1017.6"
"2026-09-24","02:20:14","Clear","Dry","Dark","-3.1","16.3","3200","57232","17.6","39%","22.3","Heating DOWN","Opened","7.403","230","Safe","Calm","0.0","69","11.7","2.6","1005.7","1017.6"
"2026-09-24","02:20:24","Clear","Dry","Dark","-2.7","16.3","3200","57232","17.5","38%","22.2","","Opened","7.283","230","Safe","Calm","0.0","68","11.7","2.9","1005.7","1017.6"
"2026-09-24","02:20:34","Clear","Dry","Dark","-3.0","16.3","3200","57232","17.5","38%","22.2","Heating DOWN","Opened","7.483","230","Safe","Calm","0.0","68","11.7","2.7","1005.7","1017.6"
"2026-09-24","02:20:44","Clear","Dry","Dark","-3.0","16.3","3328","57232","17.6","37%","22.2","Heating DOWN","Opened","7.626","230","Safe","Calm","0.0","68","11.7","2.7","1005.7","1017.6"
"2026-09-24","02:20:54","Clear","Dry","Dark","-2.8","16.3","3200","57232","17.5","36%","22.3","Heating DOWN","Opened","7.470","230","Safe","Calm","0.0","68","11.6","2.9","1005.6","1017.5"
"2026-09-24","02:21:04","Clear","Dry","Dark","-3.0","16.3","3200","57232","17.6","35%","22.3","Heating DOWN","Opened","7.451","230","Safe","Calm","0.0","68","11.6","2.7","1005.8","1017.6"
"2026-09-24","02:21:14","Clear","Dry","Dark","-2.9","16.3","3200","57232","17.5","34%","22.3","Heating DOWN","Opened","7.434","230","Safe","Calm","0.0","68","11.6","2.7","1005.7","1017.6"
"2026-09-24","02:21:24","Clear","Dry","Dark","-3.0","16.3","3328","57232","17.6","33%","22.3","Heating DOWN","Opened","7.427","230","Safe","Calm","0.0","68","11.6","2.7","1005.7","1017.6"
"2026-09-24","02:21:34","Clear","Dry","Dark","-3.0","16.3","3200","57232","17.6","32%","22.4","Heating DOWN","Opened","7.397","230","Safe","Calm","0.0","68","11.6","2.7","1005.7","1017.6"
"2026-09-24","02:21:44","Clear","Dry","Dark","-3.1","16.3","3200","57232","17.6","30%","22.4","Heating DOWN","Opened","7.535","230","Safe","Calm","0.0","68","11.6","2.6","1005.6","1017.5"
"2026-09-24","02:21:54","Clear","Dry","Dark","-2.9","16.3","3200","57232","17.6","28%","22.3","","Opened","7.275","230","Safe","Calm","0.0","68","11.6","2.8","1005.6","1017.5"
"2026-09-24","02:22:04","Clear","Dry","Dark","-3.1","16.3","3200","57232","17.6","28%","22.2","","Opened","7.346","230","Safe","Calm","0.0","68","11.6","2.6","1005.6","1017.5"
"2026-09-24","02:22:14","Clear","Dry","Dark","-3.1","16.3","3200","57232","17.6","28%","22.2","Heating DOWN","Opened","7.399","230","Safe","Calm","0.0","68","11.6","2.6","1005.6","1017.5"
"2026-09-24","02:22:24","Clear","Dry","Dark","-3.1","16.3","3200","57232","17.6","27%","22.2","Heating DOWN","Opened","7.393","230","Safe","Calm","0.0","68","11.6","2.6","1005.7","1017.6"
"2026-09-24","02:22:34","Clear","Dry","Dark","-3.0","16.3","3200","57232","17.5","26%","22.1","","Opened","7.277","230","Safe","Calm","0.0","68","11.6","2.7","1005.7","1017.6"
"2026-09-24","02:22:44","Clear","Dry","Dark","-3.0","16.3","3200","57232","17.6","26%","22.0","","Opened","7.490","230","Safe","Calm","0.0","68","11.6","2.7","1005.7","1017.6"
"2026-09-24","02:22:54","Clear","Dry","Dark","-3.2","16.3","3200","57232","17.6","26%","21.9","","Opened","7.291","230","Safe","Calm","0.0","68","11.6","2.6","1005.6","1017.4"
"2026-09-24","02:23:04","Clear","Dry","Dark","-3.0","16.3","3200","57232","17.6","26%","21.8","","Opened","7.384","230","Safe","Calm","0.0","68","11.5","2.7","1005.8","1017.6"
"2026-09-24","02:23:14","Clear","Dry","Dark","-3.2","16.3","3200","57232","17.6","26%","21.8","","Opened","7.319","230","Safe","Calm","0.0","68","11.5","2.5","1005.6","1017.5"
"2026-09-24","02:23:24","Clear","Dry","Dark","-3.2","16.3","3200","57232","17.6","26%","21.7","","Opened","7.385","230","Safe","Calm","0.0","68","11.5","2.5","1005.6","1017.5"
"2026-09-24","02:23:34","Clear","Dry","Dark","-3.1","16.3","3200","57232","17.6","26%","21.6","","Opened","7.336","230","Safe","Calm","0.0","68","11.5","2.6","1005.6","1017.5"
"2026-09-24","02:23:44","Clear","Dry","Dark","-2.9","16.3","3200","57232","17.6","26%","21.5","Heating UP","Opened","7.545","230","Safe","Calm","0.0","68","11.5","2.8","1005.6","1017.5"
"2026-09-24","02:23:54","Clear","Dry","Dark","-3.1","16.3","3200","57232","17.6","27%","21.4","Heating UP","Opened","7.398","230","Safe","Calm","0.0","68","11.5","2.6","1005.8","1017.6"
"2026-09-24","02:24:04","Clear","Dry","Dark","-3.2","16.3","3200","57232","17.6","28%","21.4","Heating UP","Opened","7.388","230","Safe","Calm","0.0","68","11.5","2.5","1005.6","1017.5"
"2026-09-24","02:24:14","Clear","Dry","Dark","-3.1","16.3","3328","57232","17.6","29%","21.3","Heating UP","Opened","7.496","230","Safe","Calm","0.0","68","11.5","2.6","1005.6","1017.5"
"2026-09-24","02:24:24","Clear","Dry","Dark","-3.2","16.3","3200","57232","17.6","31%","21.3","Heating UP","Opened","7.495","230","Safe","Calm","0.0","68","11.6","2.5","1005.6","1017.5"
"2026-09-24","02:24:34","Clear","Dry","Dark","-3.1","16.3","3328","57232","17.6","33%","21.3","Heating UP","Opened","7.485","230","Safe","Calm","0.0","68","11.5","2.6","1005.6","1017.5"
"2026-09-24","02:24:44","Clear","Dry","Dark","-3.0","16.3","3200","57232","17.6","35%","21.2","Heating UP","Opened","7.635","230","Safe","Calm","0.0","68","11.5","2.7","1005.7","1017.6"
"2026-09-24","02:24:54","Clear","Dry","Dark","-3.0","16.2","3328","57232","17.6","37%","21.2","Heating UP","Opened","7.473","230","Safe","Calm","0.0","68","11.5","2.7","1005.6","1017.5"
"2026-09-24","02:25:04","Clear","Dry","Dark","-3.0","16.3","3200","57232","17.6","39%","21.2","Heating UP","Opened","7.465","230","Safe","Calm","0.0","68","11.5","2.7","1005.7","1017.6"
"2026-09-24","02:25:14","Clear","Dry","Dark","-3.1","16.3","3328","57232","17.6","41%","21.3","","Opened","7.331","230","Safe","Calm","0.0","68","11.5","2.6","1005.6","1017.4"
"2026-09-24","02:25:24","Clear","Dry","Dark","-3.1","16.3","3328","57232","17.5","41%","21.3","Heating UP","Opened","7.398","230","Safe","Calm","0.0","67","11.5","2.6","1005.6","1017.5"
"2026-09-24","02:25:34","Clear","Dry","Dark","-3.2","16.2","3200","57232","17.6","43%","21.4","","Opened","7.388","230","Safe","Calm","0.0","67","11.5","2.5","1005.6","1017.5"
"2026-09-24","02:25:44","Clear","Dry","Dark","-3.1","16.2","3200","57232","17.6","43%","21.5","","Opened","7.479","230","Safe","Calm","0.0","67","11.5","2.6","1005.7","1017.6"
"2026-09-24","02:25:54","Clear","Dry","Dark","-3.1","16.2","3200","57232","17.5","43%","21.5","Heating UP","Opened","7.422","230","Safe","Calm","0.0","67","11.4","2.6","1005.6","1017.5"
"2026-09-24","02:26:04","Clear","Dry","Dark","-3.0","16.2","3200","57232","17.5","43%","21.6","","Opened","7.298","230","Safe","Calm","0.0","67","11.4","2.6","1005.6","1017.5"
"2026-09-24","02:26:14","Clear","Dry","Dark","-3.0","16.2","3200","57232","17.5","43%","21.7","","Opened","7.363","230","Safe","Calm","0.0","67","11.4","2.7","1005.7","1017.6"
"2026-09-24","02:26:24","Clear","Dry","Dark","-3.1","16.2","3200","57232","17.5","43%","21.8","","Opened","7.314","230","Safe","Calm","0.0","67","11.4","2.6","1005.7","1017.6"
"2026-09-24","02:26:34","Clear","Dry","Dark","-3.1","16.2","3200","57232","17.5","43%","21.9","","Opened","7.389","230","Safe","Calm","0.0","67","11.4","2.6","1005.6","1017.5"
"2026-09-24","02:26:44","Clear","Dry","Dark","-3.1","16.2","3200","57232","17.5","43%","21.9","","Opened","7.474","230","Safe","Calm","0.0","67","11.4","2.6","1005.6","1017.5"
"2026-09-24","02:26:54","Clear","Dry","Dark","-3.2","16.2","3200","57232","17.5","43%","22.0","","Opened","7.290","230","Safe","Calm","0.0","67","11.4","2.5","1005.6","1017.4"
"2026-09-24","02:27:04","Clear","Dry","Dark","-3.1","16.2","3200","57232","17.5","43%","22.1","","Opened","7.372","230","Safe","Calm","0.0","67","11.4","2.6","1005.6","1017.5"
"2026-09-24","02:27:14","Clear","Dry","Dark","-3.2","16.2","3200","57232","17.5","43%","22.2","Heating DOWN","Opened","7.422","230","Safe","Calm","0.0","67","11.4","2.5","1005.6","1017.5"
"2026-09-24","02:27:24","Clear","Dry","Dark","-3.1","16.2","3200","57232","17.5","43%","22.2","Heating DOWN","Opened","7.407","230","Safe","Calm","0.0","67","11.4","2.6","1005.6","1017.5"
"2026-09-24","02:27:34","Clear","Dry","Dark","-3.1","16.2","3200","57232","17.5","42%","22.3","Heating DOWN","Opened","7.394","230","Safe","Calm","0.0","67","11.4","2.6","1005.6","1017.5"
"2026-09-24","02:27:44","Clear","Dry","Dark","-3.2","16.2","3328","57232","17.5","41%","22.3","Heating DOWN","Opened","7.537","230","Safe","Calm","0.0","67","11.4","2.5","1005.6","1017.5"
"2026-09-24","02:27:54","Clear","Dry","Dark","-3.1","16.2","3200","57232","17.6","40%","22.4","Heating DOWN","Opened","7.512","230","Safe","Calm","0.0","67","11.5","2.6","1005.6","1017.4"
"2026-09-24","02:28:04","Clear","Dry","Dark","-3.2","16.2","3200","57232","17.6","38%","22.4","Heating DOWN","Opened","7.384","230","Safe","Calm","0.0","67","11.5","2.5","1005.6","1017.5"
"2026-09-24","02:28:14","Clear","Dry","Dark","-3.3","16.2","3200","57232","17.5","36%","22.3","","Opened","7.371","230","Safe","Calm","0.0","67","11.5","2.4","1005.6","1017.4"
"2026-09-24","02:28:24","Clear","Dry","Dark","-3.2","16.2","3200","57232","17.5","36%","22.3","Heating DOWN","Opened","7.445","230","Safe","Calm","0.0","67","11.5","2.5","1005.6","1017.5"
"2026-09-24","02:28:34","Clear","Dry","Dark","-3.1","16.2","3200","57232","17.5","35%","22.3","Heating DOWN","Opened","7.440","230","Safe","Calm","0.0","68","11.5","2.6","1005.6","1017.4"
"2026-09-24","02:28:44","Clear","Dry","Dark","-3.0","16.2","3200","57232","17.5","34%","22.2","","Opened","7.449","230","Safe","Calm","0.0","68","11.5","2.7","1005.6","1017.4"
"2026-09-24","02:28:54","Clear","Dry","Dark","-3.1","16.3","3200","57232","17.6","34%","22.1","","Opened","7.371","230","Safe","Calm","0.0","68","11.5","2.6","1005.6","1017.4"
"2026-09-24","02:29:04","Clear","Dry","Dark","-3.1","16.3","3200","57232","17.6","34%","22.1","","Opened","7.321","230","Safe","Calm","0.0","68","11.6","2.6","1005.6","1017.5"
"2026-09-24","02:29:14","Clear","Dry","Dark","-3.2","16.3","3200","57232","17.5","34%","22.1","","Opened","7.259","230","Safe","Calm","0.0","68","11.5","2.5","1005.6","1017.5"
"2026-09-24","02:29:24","Clear","Dry","Dark","-3.1","16.3","3200","57232","17.5","34%","22.1","","Opened","7.336","230","Safe","Calm","0.0","68","11.6","2.6","1005.6","1017.5"
"2026-09-24","02:29:34","Clear","Dry","Dark","-3.2","16.3","3200","57232","17.6","34%","22.1","","Opened","7.286","230","Safe","Calm","0.0","68","11.6","2.5","1005.6","1017.4"
"2026-09-24","02:29:44","Clear","Dry","Dark","-3.1","16.3","3200","57232","17.5","34%","22.1","","Opened","7.498","230","Safe","Calm","0.0","68","11.6","2.6","1005.6","1017.4"
"2026-09-24","02:29:54","Clear","Dry","Dark","-3.2","16.2","3200","57232","17.6","34%","22.0","","Opened","7.295","230","Safe","Calm","0.0","68","11.6","2.5","1005.6","1017.4"
"2026-09-24","02:30:04","Clear","Dry","Dark","-3.2","16.2","3200","57232","17.5","34%","22.0","","Opened","7.374","230","Safe","Calm","0.0","68","11.6","2.5","1005.6","1017.4"
"2026-09-24","02:30:14","Clear","Dry","Dark","-3.2","16.2","3200","57232","17.5","34%","22.0","","Opened","7.306","230","Safe","Calm","0.0","68","11.6","2.5","1005.6","1017.4"
"2026-09-24","02:30:24","Clear","Dry","Dark","-3.2","16.2","3200","57232","17.5","34%","22.0","","Opened","7.384","230","Safe","Calm","0.0","68","11.6","2.5","1005.6","1017.5"
"2026-09-24","02:30:34","Clear","Dry","Dark","-3.1","16.2","3200","57232","17.6","34%","22.0","","Opened","7.339","230","Safe","Calm","0.0","68","11.6","2.6","1005.6","1017.4"
"2026-09-24","02:30:44","Clear","Dry","Dark","-3.1","16.2","3200","57232","17.5","34%","22.0","","Opened","7.425","230","Safe","Calm","0.0","68","11.6","2.6","1005.6","1017.4"
"2026-09-24","02:30:54","Clear","Dry","Dark","-2.9","16.2","3200","57232","17.5","34%","22.0","","Opened","7.356","230","Safe","Calm","0.0","68","11.6","2.8","1005.6","1017.4"
"2026-09-24","02:31:04","Clear","Dry","Dark","-3.0","16.2","3200","57232","17.5","34%","21.9","","Opened","7.305","230","Safe","Calm","0.0","68","11.6","2.6","1005.6","1017.4"
"2026-09-24","02:31:14","Clear","Dry","Dark","-3.1","16.2","3200","57232","17.5","34%","21.9","","Opened","7.367","230","Safe","Calm","0.0","68","11.7","2.6","1005.4","1017.3"
"2026-09-24","02:31:24","Clear","Dry","Dark","-3.0","16.2","3200","57232","17.5","34%","21.9","","Opened","7.313","230","Safe","Calm","0.0","68","11.6","2.7","1005.5","1017.4"
"2026-09-24","02:31:34","Clear","Dry","Dark","-2.9","16.3","3200","57232","17.5","34%","21.8","","Opened","7.392","230","Safe","Calm","0.0","68","11.7","2.8","1005.7","1017.6"
"2026-09-24","02:31:44","Clear","Dry","Dark","-3.0","16.3","3200","57232","17.5","34%","21.8","","Opened","7.482","230","Safe","Calm","0.0","68","11.6","2.6","1005.5","1017.4"
"2026-09-24","02:31:54","Clear","Dry","Dark","-3.0","16.3","3200","57232","17.5","34%","21.7","","Opened","7.293","230","Safe","Calm","0.0","68","11.6","2.6","1005.6","1017.4"
"2026-09-24","02:32:04","Clear","Dry","Dark","-3.1","16.3","3200","57232","17.5","34%","21.7","","Opened","7.367","230","Safe","Calm","0.0","68","11.7","2.6","1005.6","1017.4"
"2026-09-24","02:32:14","Clear","Dry","Dark","-3.1","16.3","3200","57232","17.5","34%","21.7","","Opened","7.294","230","Safe","Calm","0.0","68","11.7","2.6","1005.6","1017.5"
"2026-09-24","02:32:24","Clear","Dry","Dark","-3.0","16.3","3200","57232","17.5","34%","21.7","","Opened","7.378","230","Safe","Calm","0.0","68","11.7","2.7","1005.6","1017.5"
"2026-09-24","02:32:34","Clear","Dry","Dark","-3.2","16.3","3200","57232","17.5","34%","21.6","","Opened","7.323","230","Safe","Calm","0.0","68","11.7","2.5","1005.5","1017.4"
"2026-09-24","02:32:44","Clear","Dry","Dark","-3.1","16.3","3200","57232","17.5","34%","21.6","","Opened","7.534","230","Safe","Calm","0.0","68","11.7","2.6","1005.6","1017.4"
"2026-09-24","02:32:54","Clear","Dry","Dark","-3.1","16.3","3200","57232","17.5","34%","21.6","","Opened","7.331","230","Safe","Calm","0.0","68","11.7","2.6","1005.6","1017.4"
"2026-09-24","02:33:04","Clear","Dry","Dark","-3.2","16.3","3200","57232","17.5","34%","21.6","","Opened","7.282","230","Safe","Calm","0.0","69","11.7","2.5","1005.5","1017.4"
"2026-09-24","02:33:14","Clear","Dry","Dark","-3.2","16.3","3200","57232","17.5","34%","21.5","Heating UP","Opened","7.453","230","Safe","Calm","0.0","69","11.7","2.5","1005.6","1017.5"
"2026-09-24","02:33:24","Clear","Dry","Dark","-3.1","16.3","3200","57232","17.5","35%","21.5","Heating UP","Opened","7.441","230","Safe","Calm","0.0","69","11.7","2.6","1005.6","1017.5"
"2026-09-24","02:33:34","Clear","Dry","Dark","-3.2","16.3","3200","57232","17.5","36%","21.6","","Opened","7.323","230","Safe","Calm","0.0","69","11.7","2.5","1005.5","1017.4"
"2026-09-24","02:33:44","Clear","Dry","Dark","-3.0","16.3","3200","57232","17.5","36%","21.6","","Opened","7.536","230","Safe","Calm","0.0","69","11.7","2.7","1005.5","1017.4"
"2026-09-24","02:33:54","Clear","Dry","Dark","-3.1","16.3","3200","57232","17.5","36%","21.7","","Opened","7.348","230","Safe","Calm","0.0","69","11.7","2.6","1005.6","1017.4"
"2026-09-24","02:34:04","Clear","Dry","Dark","-3.0","16.3","3200","57232","17.5","36%","21.7","","Opened","7.299","230","Safe","Calm","0.0","69","11.7","2.6","1005.5","1017.4"
"2026-09-24","02:34:14","Clear","Dry","Dark","-3.2","16.3","3200","57232","17.5","36%","21.8","","Opened","7.364","230","Safe","Calm","0.0","69","11.7","2.5","1005.6","1017.4"
"2026-09-24","02:34:24","Clear","Dry","Dark","-3.1","16.3","3200","57232","17.5","36%","21.8","","Opened","7.309","230","Safe","Calm","0.0","69","11.7","2.5","1005.5","1017.4"
"2026-09-24","02:34:34","Clear","Dry","Dark","-3.1","16.2","3200","57232","17.5","36%","21.8","","Opened","7.383","230","Safe","Calm","0.0","69","11.7","2.6","1005.6","1017.4"
"2026-09-24","02:34:44","Clear","Dry","Dark","-3.1","16.3","3200","57232","17.5","36%","21.8","","Opened","7.476","230","Safe","Calm","0.0","69","11.7","2.6","1005.6","1017.4"
"2026-09-24","02:34:54","Clear","Dry","Dark","-3.2","16.3","3200","57232","17.5","36%","21.9","","Opened","7.276","230","Safe","Calm","0.0","69","11.8","2.5","1005.5","1017.4"
"2026-09-24","02:35:04","Clear","Dry","Dark","-3.1","16.3","3200","57232","17.5","36%","21.9","","Opened","7.358","230","Safe","Calm","0.0","69","11.8","2.5","1005.5","1017.4"
"2026-09-24","02:35:14","Clear","Dry","Dark","-3.2","16.2","3200","57232","17.5","36%","21.9","","Opened","7.296","230","Safe","Calm","0.0","69","11.8","2.5","1005.5","1017.4"
"2026-09-24","02:35:24","Clear","Dry","Dark","-3.2","16.2","3200","57232","17.5","36%","22.0","","Opened","7.377","230","Safe","Calm","0.0","69","11.8","2.5","1005.5","1017.4"
"2026-09-24","02:35:34","Clear","Dry","Dark","-3.2","16.2","3200","57232","17.5","36%","22.0","","Opened","7.322","230","Safe","Calm","0.0","69","11.8","2.5","1005.6","1017.4"
"2026-09-24","02:35:44","Clear","Dry","Dark","-3.2","16.2","3200","57232","17.5","36%","22.0","","Opened","7.412","230","Safe","Calm","0.0","69","11.8","2.5","1005.5","1017.4"
"2026-09-24","02:35:54","Clear","Dry","Dark","-3.2","16.2","3200","57232","17.5","36%","22.0","","Opened","7.358","230","Safe","Calm","0.0","69","11.8","2.5","1005.5","1017.4"
"2026-09-24","02:36:04","Clear","Dry","Dark","-3.2","16.2","3200","57232","17.5","36%","22.0","","Opened","7.290","230","Safe","Calm","0.0","69","11.8","2.5","1005.5","1017.4"
"2026-09-24","02:36:14","Clear","Dry","Dark","-3.1","16.2","3200","57232","17.5","36%","22.0","","Opened","7.354","230","Safe","Calm","0.0","69","11.8","2.5","1005.5","1017.4"
"2026-09-24","02:36:24","Clear","Dry","Dark","-3.2","16.2","3200","57232","17.5","36%","22.1","","Opened","7.309","230","Safe","Calm","0.0","69","11.8","2.5","1005.6","1017.4"
"2026-09-24","02:36:34","Clear","Dry","Dark","-3.0","16.2","3200","57232","17.5","36%","22.1","Heating DOWN","Opened","7.496","230","Safe","Calm","0.0","69","11.8","2.7","1005.5","1017.4"
"2026-09-24","02:36:44","Clear","Dry","Dark","-3.2","16.2","3200","57232","17.5","35%","22.1","Heating DOWN","Opened","7.641","230","Safe","Calm","0.0","69","11.8","2.4","1005.5","1017.4"
"2026-09-24","02:36:54","Clear","Dry","Dark","-3.1","16.2","3200","57232","17.5","34%","22.1","Heating DOWN","Opened","7.485","230","Safe","Calm","0.0","69","11.8","2.5","1005.6","1017.4"
"2026-09-24","02:37:04","Clear","Dry","Dark","-3.1","16.2","3328","57232","17.5","33%","22.1","Heating DOWN","Opened","7.480","230","Safe","Calm","0.0","69","11.8","2.5","1005.5","1017.4"
"2026-09-24","02:37:14","Clear","Dry","Dark","-3.2","16.2","3200","57232","17.5","32%","22.1","","Opened","7.341","230","Safe","Calm","0.0","69","11.8","2.5","1005.6","1017.4"
"2026-09-24","02:37:24","Clear","Dry","Dark","-3.2","16.2","3200","57232","17.5","32%","22.1","Heating DOWN","Opened","7.408","230","Safe","Calm","0.0","69","11.8","2.5","1005.6","1017.4"
"2026-09-24","02:37:34","Clear","Dry","Dark","-3.2","16.1","3200","57232","17.5","31%","22.0","","Opened","7.267","230","Safe","Calm","0.0","69","11.8","2.4","1005.5","1017.4"
"2026-09-24","02:37:44","Clear","Dry","Dark","-3.1","16.2","3200","57232","17.5","31%","21.9","","Opened","7.499","230","Safe","Calm","0.0","69","11.8","2.6","1005.5","1017.4"
"2026-09-24","02:37:54","Clear","Dry","Dark","-3.2","16.2","3200","57232","17.5","31%","21.8","","Opened","7.297","230","Safe","Calm","0.0","69","11.8","2.4","1005.6","1017.4"
"2026-09-24","02:38:04","Clear","Dry","Dark","-3.2","16.1","3200","57232","17.5","31%","21.8","","Opened","7.374","230","Safe","Calm","0.0","69","11.8","2.5","1005.5","1017.4"
"2026-09-24","02:38:14","Clear","Dry","Dark","-3.2","16.1","3200","57232","17.5","31%","21.7","","Opened","7.310","230","Safe","Calm","0.0","69","11.8","2.5","1005.5","1017.4"
"2026-09-24","02:38:24","Clear","Dry","Dark","-3.2","16.1","3200","57232","17.4","31%","21.7","","Opened","7.385","230","Safe","Calm","0.0","69","11.7","2.4","1005.5","1017.4"
"2026-09-24","02:38:34","Clear","Dry","Dark","-3.2","16.1","3200","57232","17.5","31%","21.6","","Opened","7.332","230","Safe","Calm","0.0","69","11.8","2.4","1005.4","1017.3"
"2026-09-24","02:38:44","Clear","Dry","Dark","-3.2","16.1","3200","57232","17.5","31%","21.6","","Opened","7.415","230","Safe","Calm","0.0","69","11.8","2.5","1005.5","1017.4"
"2026-09-24","02:38:54","Clear","Dry","Dark","-3.2","16.1","3200","57232","17.5","31%","21.5","","Opened","7.359","230","Safe","Calm","0.0","69","11.8","2.4","1005.5","1017.4"
"2026-09-24","02:39:04","Clear","Dry","Dark","-3.1","16.1","3200","57232","17.5","31%","21.5","","Opened","7.306","230","Safe","Calm","0.0","69","11.8","2.6","1005.4","1017.3"
"2026-09-24","02:39:14","Clear","Dry","Dark","-3.1","16.1","3200","57232","17.5","31%","21.4","Heating UP","Opened","7.494","230","Safe","Calm","0.0","69","11.8","2.5","1005.5","1017.4"
"2026-09-24","02:39:24","Clear","Dry","Dark","-3.1","16.1","3200","57232","17.4","32%","21.4","Heating UP","Opened","7.492","230","Safe","Calm","0.0","69","11.8","2.5","1005.5","1017.4"
"2026-09-24","02:39:34","Clear","Dry","Dark","-3.1","16.1","3328","57232","17.4","33%","21.3","Heating UP","Opened","7.482","230","Safe","Calm","0.0","69","11.8","2.6","1005.5","1017.4"
"2026-09-24","02:39:44","Clear","Dry","Dark","-3.1","16.1","3200","57232","17.4","34%","21.3","Heating UP","Opened","7.623","230","Safe","Calm","0.0","69","11.8","2.5","1005.5","1017.4"
"2026-09-24","02:39:54","Clear","Dry","Dark","-3.1","16.1","3200","57232","17.4","35%","21.3","Heating UP","Opened","7.472","230","Safe","Calm","0.0","69","11.8","2.5","1005.5","1017.4"
"2026-09-24","02:40:04","Clear","Dry","Dark","-2.9","16.1","3200","57232","17.4","36%","21.3","Heating UP","Opened","7.456","230","Safe","Calm","0.0","69","11.8","2.7","1005.5","1017.4"
"2026-09-24","02:40:14","Clear","Dry","Dark","-2.9","16.1","3328","57232","17.4","37%","21.3","Heating UP","Opened","7.440","230","Safe","Calm","0.0","69","11.8","2.7","1005.5","1017.4"
"2026-09-24","02:40:24","Clear","Dry","Dark","-3.0","16.1","3200","57232","17.4","38%","21.3","Heating UP","Opened","7.441","230","Safe","Calm","0.0","69","11.8","2.6","1005.5","1017.4"
"2026-09-24","02:40:34","Clear","Dry","Dark","-3.2","16.1","3200","57232","17.4","39%","21.4","","Opened","7.321","230","Safe","Calm","0.0","69","11.8","2.5","1005.5","1017.4"
"2026-09-24","02:40:44","Clear","Dry","Dark","-3.1","16.1","3200","57232","17.4","39%","21.5","","Opened","7.536","230","Safe","Calm","0.0","69","11.7","2.5","1005.4","1017.3"
"2026-09-24","02:40:54","Clear","Dry","Dark","-3.2","16.1","3200","57232","17.4","39%","21.6","","Opened","7.338","230","Safe","Calm","0.0","69","11.7","2.4","1005.6","1017.4"
"2026-09-24","02:41:04","Clear","Dry","Dark","-3.1","16.1","3200","57232","17.4","39%","21.7","","Opened","7.279","230","Safe","Calm","0.0","69","11.7","2.5","1005.4","1017.3"
"2026-09-24","02:41:14","Clear","Dry","Dark","-3.0","16.1","3200","57232","17.4","39%","21.7","","Opened","7.345","230","Safe","Calm","0.0","69","11.7","2.6","1005.6","1017.4"
"2026-09-24","02:41:24","Clear","Dry","Dark","-3.1","16.1","3200","57232","17.4","39%","21.8","","Opened","7.296","230","Safe","Calm","0.0","69","11.7","2.5","1005.5","1017.4"
"2026-09-24","02:41:34","Clear","Dry","Dark","-3.0","16.1","3200","57232","17.4","39%","21.7","","Opened","7.363","230","Safe","Calm","0.0","69","11.7","2.6","1005.5","1017.4"
"2026-09-24","02:41:44","Clear","Dry","Dark","-3.2","16.1","3200","57232","17.4","39%","21.8","","Opened","7.455","230","Safe","Calm","0.0","69","11.7","2.4","1005.5","1017.4"
"2026-09-24","02:41:54","Clear","Dry","Dark","-3.0","16.1","3200","57232","17.4","39%","21.9","","Opened","7.390","230","Safe","Calm","0.0","69","11.7","2.6","1005.5","1017.4"
"2026-09-24","02:42:04","Clear","Dry","Dark","-3.1","16.1","3200","57232","17.4","39%","21.9","","Opened","7.337","230","Safe","Calm","0.0","69","11.7","2.5","1005.6","1017.5"
"2026-09-24","02:42:14","Clear","Dry","Dark","-3.1","16.1","3200","57232","17.4","39%","22.0","Heating DOWN","Opened","7.392","230","Safe","Calm","0.0","69","11.7","2.5","1005.4","1017.3"
"2026-09-24","02:42:24","Clear","Dry","Dark","-2.9","16.1","3200","57232","17.4","38%","22.0","Heating DOWN","Opened","7.510","230","Safe","Calm","0.0","69","11.7","2.7","1005.5","1017.4"
"2026-09-24","02:42:34","Clear","Dry","Dark","-3.0","16.1","3328","57232","17.4","37%","22.0","","Opened","7.398","230","Safe","Calm","0.0","69","11.7","2.6","1005.5","1017.4"
"2026-09-24","02:42:44","Clear","Dry","Dark","-3.1","16.1","3328","57232","17.4","37%","22.0","Heating DOWN","Opened","7.609","230","Safe","Calm","0.0","69","11.7","2.5","1005.5","1017.4"
"2026-09-24","02:42:54","Clear","Dry","Dark","-3.0","16.1","3200","57232","17.4","36%","22.0","Heating DOWN","Opened","7.452","230","Safe","Calm","0.0","69","11.7","2.6","1005.5","1017.4"
"2026-09-24","02:43:04","Clear","Dry","Dark","-3.0","16.1","3200","57232","17.4","35%","22.0","Heating DOWN","Opened","7.445","230","Safe","Calm","0.0","69","11.7","2.6","1005.4","1017.3"
"2026-09-24","02:43:14","Clear","Dry","Dark","-3.1","16.1","3200","57232","17.4","34%","21.9","","Opened","7.304","230","Safe","Calm","0.0","69","11.7","2.5","1005.4","1017.3"
"2026-09-24","02:43:24","Clear","Dry","Dark","-2.9","16.1","3200","57232","17.4","34%","21.9","","Opened","7.385","230","Safe","Calm","0.0","69","11.7","2.6","1005.5","1017.4"
"2026-09-24","02:43:34","Clear","Dry","Dark","-3.1","16.1","3200","57232","17.4","34%","21.8","","Opened","7.338","230","Safe","Calm","0.0","69","11.7","2.5","1005.5","1017.4"
"2026-09-24","02:43:44","Clear","Dry","Dark","-3.2","16.1","3200","57232","17.4","34%","21.8","","Opened","7.420","230","Safe","Calm","0.0","69","11.7","2.5","1005.5","1017.4"
"2026-09-24","02:43:54","Clear","Dry","Dark","-3.1","16.1","3200","57232","17.4","34%","21.8","","Opened","7.354","230","Safe","Calm","0.0","69","11.7","2.5","1005.4","1017.3"
"2026-09-24","02:44:04","Clear","Dry","Dark","-3.1","16.1","3200","57232","17.4","34%","21.7","","Opened","7.314","230","Safe","Calm","0.0","69","11.7","2.5","1005.5","1017.4"
"2026-09-24","02:44:14","Clear","Dry","Dark","-3.1","16.1","3200","57232","17.4","34%","21.7","","Opened","7.378","230","Safe","Calm","0.0","69","11.7","2.5","1005.6","1017.4"
"2026-09-24","02:44:24","Clear","Dry","Dark","-3.0","16.1","3200","57232","17.4","34%","21.6","","Opened","7.326","230","Safe","Calm","0.0","69","11.6","2.6","1005.5","1017.4"
"2026-09-24","02:44:34","Clear","Dry","Dark","-3.0","16.1","3200","57232","17.4","34%","21.5","","Opened","7.395","230","Safe","Calm","0.0","69","11.6","2.6","1005.4","1017.3"
"2026-09-24","02:44:44","Clear","Dry","Dark","-3.0","16.1","3200","57232","17.4","34%","21.5","","Opened","7.487","230","Safe","Calm","0.0","69","11.6","2.6","1005.5","1017.4"
"2026-09-24","02:44:54","Clear","Dry","Dark","-3.0","16.1","3200","57232","17.4","34%","21.4","","Opened","7.291","230","Safe","Calm","0.0","69","11.6","2.6","1005.6","1017.4"
"2026-09-24","02:45:04","Clear","Dry","Dark","-3.0","16.1","3200","57232","17.4","34%","21.4","","Opened","7.360","230","Safe","Calm","0.0","69","11.6","2.5","1005.5","1017.4"
"2026-09-24","02:45:14","Clear","Dry","Dark","-3.1","16.1","3200","57232","17.4","34%","21.3","Heating UP","Opened","7.423","230","Safe","Calm","0.0","69","11.6","2.5","1005.4","1017.3"
"2026-09-24","02:45:24","Clear","Dry","Dark","-3.0","16.1","3200","57232","17.3","35%","21.4","","Opened","7.301","230","Safe","Calm","0.0","69","11.6","2.5","1005.5","1017.4"
"2026-09-24","02:45:34","Clear","Dry","Dark","-3.0","16.1","3200","57232","17.4","35%","21.4","","Opened","7.378","230","Safe","Calm","0.0","69","11.6","2.6","1005.5","1017.4"
"2026-09-24","02:45:44","Clear","Dry","Dark","-2.9","16.1","3200","57232","17.4","35%","21.3","Heating UP","Opened","7.598","230","Safe","Calm","0.0","69","11.6","2.6","1005.6","1017.4"
"2026-09-24","02:45:54","Clear","Dry","Dark","-3.0","16.1","3200","57232","17.3","36%","21.3","Heating UP","Opened","7.438","230","Safe","Calm","0.0","69","11.6","2.5","1005.6","1017.4"
"2026-09-24","02:46:04","Clear","Dry","Dark","-2.9","16.1","3328","57232","17.4","37%","21.3","Heating UP","Opened","7.434","230","Safe","Calm","0.0","69","11.6","2.6","1005.5","1017.4"
"2026-09-24","02:46:14","Clear","Dry","Dark","-2.9","16.1","3200","57232","17.3","38%","21.3","Heating UP","Opened","7.415","230","Safe","Calm","0.0","69","11.5","2.7","1005.5","1017.4"
"2026-09-24","02:46:24","Clear","Dry","Dark","-3.0","16.1","3200","57232","17.4","39%","21.3","Heating UP","Opened","7.411","230","Safe","Calm","0.0","69","11.5","2.6","1005.5","1017.4"
"2026-09-24","02:46:34","Clear","Dry","Dark","-2.9","16.1","3200","57232","17.3","40%","21.3","Heating UP","Opened","7.403","230","Safe","Calm","0.0","69","11.5","2.7","1005.6","1017.5"
"2026-09-24","02:46:44","Clear","Dry","Dark","-2.9","16.2","3328","57232","17.3","41%","21.3","Heating UP","Opened","7.656","230","Safe","Calm","0.0","68","11.5","2.6","1005.5","1017.4"
"2026-09-24","02:46:54","Clear","Dry","Dark","-2.8","16.1","3200","57232","17.3","42%","21.4","","Opened","7.402","230","Safe","Calm","0.0","68","11.5","2.7","1005.5","1017.4"
"2026-09-24","02:47:04","Clear","Dry","Dark","-2.8","16.2","3200","57232","17.3","42%","21.4","","Opened","7.342","230","Safe","Calm","0.6","68","11.4","2.8","1005.5","1017.4"
"2026-09-24","02:47:14","Clear","Dry","Dark","-3.0","16.2","3200","57232","17.3","42%","21.4","","Opened","7.280","230","Safe","Calm","0.6","68","11.3","2.6","1005.5","1017.4"
"2026-09-24","02:47:24","Clear","Dry","Dark","-2.8","16.2","3200","57232","17.4","42%","21.5","","Opened","7.358","230","Safe","Calm","1.3","68","11.3","2.8","1005.5","1017.4"
"2026-09-24","02:47:34","Clear","Dry","Dark","-2.7","16.2","3200","57232","17.3","42%","21.6","","Opened","7.298","230","Safe","Calm","1.9","68","11.3","2.9","1005.6","1017.4"
"2026-09-24","02:47:44","Clear","Dry","Dark","-2.9","16.2","3200","57232","17.4","42%","21.6","","Opened","7.506","230","Safe","Calm","2.6","68","11.3","2.7","1005.5","1017.4"
"2026-09-24","02:47:54","Clear","Dry","Dark","-2.8","16.2","3200","57232","17.3","42%","21.6","","Opened","7.324","230","Safe","Calm","3.2","67","11.3","2.7","1005.5","1017.4"
"2026-09-24","02:48:04","Clear","Dry","Dark","-3.0","16.3","3200","57232","17.4","42%","21.6","","Opened","7.401","230","Safe","Calm","3.2","67","11.3","2.6","1005.6","1017.4"
"2026-09-24","02:48:14","Clear","Dry","Dark","-2.8","16.3","3200","57232","17.4","42%","21.7","","Opened","7.336","230","Safe","Calm","3.8","67","11.3","2.7","1005.6","1017.4"
"2026-09-24","02:48:24","Clear","Dry","Dark","-2.7","16.3","3200","57232","17.4","42%","21.7","","Opened","7.294","230","Safe","Calm","3.2","67","11.3","2.9","1005.6","1017.4"
"2026-09-24","02:48:34","Clear","Dry","Dark","-2.6","16.3","3200","57232","17.4","42%","21.8","","Opened","7.376","230","Safe","Calm","2.6","67","11.2","2.9","1005.6","1017.4"
"2026-09-24","02:48:44","Clear","Dry","Dark","-2.7","16.3","3200","57232","17.4","42%","21.8","","Opened","7.453","230","Safe","Calm","2.7","67","11.3","2.9","1005.6","1017.5"
"2026-09-24","02:48:54","Clear","Dry","Dark","-2.7","16.3","3200","57232","17.4","42%","21.8","","Opened","7.393","230","Safe","Calm","2.7","67","11.3","2.9","1005.6","1017.4"
"2026-09-24","02:49:04","Clear","Dry","Dark","-2.8","16.3","3200","57232","17.4","42%","21.8","","Opened","7.341","230","Safe","Calm","2.1","67","11.3","2.8","1005.5","1017.4"
"2026-09-24","02:49:14","Clear","Dry","Dark","-2.8","16.4","3200","57232","17.4","42%","21.8","","Opened","7.290","230","Safe","Calm","1.4","67","11.3","2.8","1005.5","1017.4"
"2026-09-24","02:49:24","Clear","Dry","Dark","-2.9","16.4","3200","57232","17.4","42%","21.9","","Opened","7.372","230","Safe","Calm","1.4","67","11.3","2.7","1005.6","1017.4"
"2026-09-24","02:49:34","Clear","Dry","Dark","-3.0","16.4","3200","57232","17.4","42%","22.0","","Opened","7.311","230","Safe","Calm","1.4","67","11.3","2.6","1005.5","1017.4"
"2026-09-24","02:49:44","Clear","Dry","Dark","-2.9","16.3","3200","57232","17.4","42%","22.1","Heating DOWN","Opened","7.656","230","Safe","Calm","0.6","67","11.3","2.7","1005.5","1017.4"
"2026-09-24","02:49:54","Clear","Dry","Dark","-2.9","16.4","3328","57232","17.4","41%","22.1","Heating DOWN","Opened","7.506","230","Safe","Calm","0.0","67","11.3","2.7","1005.5","1017.4"
"2026-09-24","02:50:04","Clear","Dry","Dark","-3.1","16.3","3200","57232","17.4","40%","22.2","Heating DOWN","Opened","7.503","230","Safe","Calm","0.0","67","11.3","2.5","1005.6","1017.4"
"2026-09-24","02:50:14","Clear","Dry","Dark","-2.6","16.4","3200","57232","17.4","39%","22.1","","Opened","7.365","230","Safe","Calm","0.6","67","11.2","3.0","1005.6","1017.5"
"2026-09-24","02:50:24","Clear","Dry","Dark","-2.9","16.4","3200","57232","17.4","39%","22.1","Heating DOWN","Opened","7.430","230","Safe","Calm","0.6","67","11.2","2.7","1005.6","1017.4"
"2026-09-24","02:50:34","Clear","Dry","Dark","-3.0","16.4","3200","57232","17.4","38%","22.1","Heating DOWN","Opened","7.420","230","Safe","Calm","0.6","67","11.2","2.6","1005.5","1017.4"
"2026-09-24","02:50:44","Clear","Dry","Dark","-3.0","16.4","3328","57232","17.4","37%","22.1","Heating DOWN","Opened","7.558","230","Safe","Calm","0.6","67","11.2","2.6","1005.6","1017.4"
"2026-09-24","02:50:54","Clear","Dry","Dark","-3.0","16.4","3200","57232","17.5","36%","22.1","Heating DOWN","Opened","7.405","230","Safe","Calm","0.6","67","11.2","2.6","1005.5","1017.4"
"2026-09-24","02:51:04","Clear","Dry","Dark","-3.0","16.4","3200","57232","17.5","35%","22.0","","Opened","7.287","230","Safe","Calm","0.6","67","11.2","2.6","1005.6","1017.4"
"2026-09-24","02:51:14","Clear","Dry","Dark","-2.9","16.4","3200","57232","17.4","35%","21.9","","Opened","7.351","230","Safe","Calm","0.0","66","11.1","2.7","1005.6","1017.4"
"2026-09-24","02:51:24","Clear","Dry","Dark","-3.0","16.4","3200","57232","17.5","35%","22.0","","Opened","7.295","230","Safe","Calm","0.0","66","11.1","2.6","1005.6","1017.4"
"2026-09-24","02:51:34","Clear","Dry","Dark","-3.0","16.4","3200","57232","17.5","35%","22.0","","Opened","7.374","230","Safe","Calm","0.0","66","11.1","2.6","1005.7","1017.6"
"2026-09-24","02:51:44","Clear","Dry","Dark","-2.9","16.4","3200","57232","17.5","35%","22.0","","Opened","7.458","230","Safe","Calm","0.0","66","11.2","2.7","1005.6","1017.4"
"2026-09-24","02:51:54","Clear","Dry","Dark","-3.0","16.4","3200","57232","17.5","35%","21.9","","Opened","7.391","230","Safe","Calm","0.0","66","11.2","2.7","1005.6","1017.4"
"2026-09-24","02:52:04","Clear","Dry","Dark","-3.0","16.4","3200","57232","17.5","35%","22.0","","Opened","7.337","230","Safe","Calm","0.0","67","11.2","2.6","1005.6","1017.4"
"2026-09-24","02:52:14","Clear","Dry","Dark","-3.1","16.4","3200","57232","17.5","35%","21.9","","Opened","7.262","230","Safe","Calm","0.0","67","11.2","2.5","1005.6","1017.4"
"2026-09-24","02:52:24","Clear","Dry","Dark","-2.9","16.4","3200","57232","17.5","35%","21.9","","Opened","7.355","230","Safe","Calm","0.0","67","11.2","2.7","1005.7","1017.6"
"2026-09-24","02:52:34","Clear","Dry","Dark","-3.1","16.4","3200","57232","17.5","35%","21.9","","Opened","7.301","230","Safe","Calm","0.0","67","11.2","2.6","1005.6","1017.4"
"2026-09-24","02:52:44","Clear","Dry","Dark","-2.9","16.4","3200","57232","17.5","35%","21.8","","Opened","7.525","230","Safe","Calm","0.6","67","11.2","2.7","1005.6","1017.5"
"2026-09-24","02:52:54","Clear","Dry","Dark","-2.9","16.4","3200","57232","17.5","35%","21.8","","Opened","7.316","230","Safe","Calm","0.6","66","11.2","2.7","1005.6","1017.4"
"2026-09-24","02:53:04","Clear","Dry","Dark","-3.0","16.5","3200","57232","17.5","35%","21.8","","Opened","7.273","230","Safe","Calm","0.6","67","11.2","2.6","1005.6","1017.5"
"2026-09-24","02:53:14","Clear","Dry","Dark","-2.7","16.5","3200","57232","17.5","35%","21.7","","Opened","7.334","230","Safe","Calm","1.3","67","11.2","3.0","1005.6","1017.4"
"2026-09-24","02:53:24","Clear","Dry","Dark","-2.7","16.5","3200","57232","17.5","35%","21.7","","Opened","7.279","230","Safe","Calm","2.2","67","11.2","2.9","1005.6","1017.5"
"2026-09-24","02:53:34","Clear","Dry","Dark","-3.1","16.5","3200","57232","17.5","35%","21.6","","Opened","7.361","230","Safe","Calm","2.8","67","11.2","2.6","1005.6","1017.4"
"2026-09-24","02:53:44","Clear","Dry","Dark","-2.9","16.5","3200","57232","17.5","35%","21.5","","Opened","7.440","230","Safe","Calm","2.8","67","11.2","2.7","1005.6","1017.4"
"2026-09-24","02:53:54","Clear","Dry","Dark","-3.0","16.5","3200","57232","17.5","35%","21.5","","Opened","7.380","230","Safe","Calm","2.8","67","11.3","2.6","1005.6","1017.4"
"2026-09-24","02:54:04","Clear","Dry","Dark","-3.1","16.5","3200","57232","17.5","35%","21.6","","Opened","7.323","230","Safe","Calm","2.8","67","11.3","2.6","1005.6","1017.4"
"2026-09-24","02:54:14","Clear","Dry","Dark","-3.0","16.5","3200","57232","17.5","35%","21.6","","Opened","7.264","230","Safe","Calm","2.2","67","11.3","2.6","1005.6","1017.4"
"2026-09-24","02:54:24","Clear","Dry","Dark","-3.1","16.4","3200","57232","17.5","35%","21.7","","Opened","7.344","230","Safe","Calm","1.3","67","11.3","2.6","1005.6","1017.5"
"2026-09-24","02:54:34","Clear","Dry","Dark","-2.9","16.5","3200","57232","17.5","35%","21.6","","Opened","7.289","230","Safe","Calm","0.6","67","11.3","2.7","1005.6","1017.5"
"2026-09-24","02:54:44","Clear","Dry","Dark","-2.9","16.5","3200","57232","17.5","35%","21.6","","Opened","7.498","230","Safe","Calm","0.0","67","11.3","2.7","1005.6","1017.5"
"2026-09-24","02:54:54","Clear","Dry","Dark","-2.8","16.5","3200","57232","17.5","35%","21.6","","Opened","7.307","230","Safe","Calm","0.0","67","11.3","2.8","1005.6","1017.4"
"2026-09-24","02:55:04","Clear","Dry","Dark","-2.9","16.5","3200","57232","17.5","35%","21.6","","Opened","7.385","230","Safe","Calm","0.0","67","11.3","2.7","1005.6","1017.5"
"2026-09-24","02:55:14","Clear","Dry","Dark","-3.0","16.5","3200","57232","17.5","35%","21.6","","Opened","7.313","230","Safe","Calm","0.0","67","11.4","2.7","1005.6","1017.5"
"2026-09-24","02:55:24","Clear","Dry","Dark","-2.9","16.5","3200","57232","17.5","35%","21.6","","Opened","7.398","230","Safe","Calm","0.0","67","11.3","2.8","1005.6","1017.5"
"2026-09-24","02:55:34","Clear","Dry","Dark","-3.0","16.5","3200","57232","17.5","35%","21.6","","Opened","7.343","230","Safe","Calm","0.0","67","11.4","2.7","1005.6","1017.5"
"2026-09-24","02:55:44","Clear","Dry","Dark","-3.0","16.5","3200","57232","17.5","35%","21.7","","Opened","7.416","230","Safe","Calm","0.0","67","11.4","2.7","1005.6","1017.4"
"2026-09-24","02:55:54","Clear","Dry","Dark","-2.8","16.4","3200","57232","17.5","35%","21.7","","Opened","7.373","230","Safe","Calm","0.6","67","11.4","2.8","1005.6","1017.5"
"2026-09-24","02:56:04","Clear","Dry","Dark","-3.0","16.4","3200","57232","17.6","35%","21.7","","Opened","7.300","230","Safe","Calm","0.6","67","11.4","2.7","1005.6","1017.5"
"2026-09-24","02:56:14","Clear","Dry","Dark","-3.1","16.4","3200","57232","17.5","35%","21.8","","Opened","7.364","230","Safe","Calm","0.6","67","11.4","2.6","1005.6","1017.5"
"2026-09-24","02:56:24","Clear","Dry","Dark","-3.0","16.4","3200","57232","17.5","35%","21.8","","Opened","7.293","230","Safe","Calm","0.6","67","11.4","2.7","1005.6","1017.5"
"2026-09-24","02:56:34","Clear","Dry","Dark","-3.0","16.4","3200","57232","17.5","35%","21.8","","Opened","7.380","230","Safe","Calm","0.6","67","11.4","2.7","1005.8","1017.7"
"2026-09-24","02:56:44","Clear","Dry","Dark","-3.1","16.4","3200","57232","17.5","35%","21.8","","Opened","7.470","230","Safe","Calm","0.6","67","11.4","2.6","1005.7","1017.6"
"2026-09-24","02:56:54","Clear","Dry","Dark","-2.9","16.4","3200","57232","17.5","35%","21.8","","Opened","7.274","230","Safe","Calm","0.6","67","11.4","2.8","1005.7","1017.6"
"2026-09-24","02:57:04","Clear","Dry","Dark","-2.9","16.4","3200","57232","17.5","35%","21.7","","Opened","7.347","230","Safe","Calm","1.4","67","11.4","2.7","1005.6","1017.4"
"2026-09-24","02:57:14","Clear","Dry","Dark","-3.1","16.4","3200","57232","17.5","35%","21.6","","Opened","7.271","230","Safe","Calm","2.1","67","11.4","2.6","1005.6","1017.5"
"2026-09-24","02:57:24","Clear","Dry","Dark","-3.1","16.4","3200","57232","17.5","35%","21.6","","Opened","7.356","230","Safe","Calm","2.1","67","11.3","2.6","1005.6","1017.5"
"2026-09-24","02:57:34","Clear","Dry","Dark","-3.1","16.4","3200","57232","17.6","35%","21.6","","Opened","7.287","230","Safe","Calm","2.1","67","11.4","2.6","1005.6","1017.4"
"2026-09-24","02:57:44","Clear","Dry","Dark","-3.2","16.4","3200","57232","17.6","35%","21.7","","Opened","7.522","230","Safe","Calm","2.1","67","11.4","2.5","1005.7","1017.6"
"2026-09-24","02:57:54","Clear","Dry","Dark","-3.2","16.4","3200","57232","17.6","35%","21.7","","Opened","7.333","230","Safe","Calm","1.4","67","11.4","2.5","1005.7","1017.6"
"2026-09-24","02:58:04","Clear","Dry","Dark","-3.1","16.4","3200","57232","17.6","35%","21.7","","Opened","7.392","230","Safe","Calm","0.6","67","11.4","2.6","1005.6","1017.5"
"2026-09-24","02:58:14","Clear","Dry","Dark","-3.1","16.4","3200","57232","17.6","35%","21.8","","Opened","7.338","230","Safe","Calm","0.0","67","11.4","2.6","1005.6","1017.5"
"2026-09-24","02:58:24","Clear","Dry","Dark","-3.1","16.4","3200","57232","17.6","35%","21.8","","Opened","7.290","230","Safe","Calm","0.0","67","11.4","2.6","1005.6","1017.4"
"2026-09-24","02:58:34","Clear","Dry","Dark","-3.0","16.4","3200","57232","17.6","35%","21.8","","Opened","7.358","230","Safe","Calm","0.0","67","11.4","2.7","1005.6","1017.5"
"2026-09-24","02:58:44","Clear","Dry","Dark","-3.0","16.4","3200","57232","17.6","35%","21.7","","Opened","7.468","230","Safe","Calm","0.0","67","11.4","2.7","1005.6","1017.4"
"2026-09-24","02:58:54","Clear","Dry","Dark","-3.1","16.4","3200","57232","17.6","35%","21.7","","Opened","7.393","230","Safe","Calm","0.0","67","11.4","2.6","1005.6","1017.4"
"2026-09-24","02:59:04","Clear","Dry","Dark","-3.1","16.4","3200","57232","17.6","35%","21.7","","Opened","7.342","230","Safe","Calm","0.0","67","11.3","2.6","1005.6","1017.5"
"2026-09-24","02:59:14","Clear","Dry","Dark","-3.1","16.4","3200","57232","17.6","35%","21.8","","Opened","7.262","230","Safe","Calm","0.0","67","11.4","2.6","1005.6","1017.4"
"2026-09-24","02:59:24","Clear","Dry","Dark","-3.1","16.4","3200","57232","17.6","35%","21.9","","Opened","7.356","230","Safe","Calm","0.0","67","11.3","2.6","1005.6","1017.4"
"2026-09-24","02:59:34","Clear","Dry","Dark","-3.2","16.4","3200","57232","17.6","35%","21.9","","Opened","7.311","230","Safe","Calm","0.0","67","11.4","2.6","1005.6","1017.4"
"2026-09-24","02:59:44","Clear","Dry","Dark","-3.0","16.4","3200","57232","17.6","35%","21.9","","Opened","7.510","230","Safe","Calm","0.0","67","11.4","2.7","1005.6","1017.4"
"2026-09-24","02:59:54","Clear","Dry","Dark","-3.0","16.4","3200","57232","17.6","35%","21.9","","Opened","7.308","230","Safe","Calm","0.0","67","11.4","2.7","1005.6","1017.4"
"2026-09-24","03:00:04","Clear","Dry","Dark","-3.2","16.4","3200","57232","17.6","35%","22.0","","Opened","7.382","230","Safe","Calm","0.0","67","11.3","2.6","1005.6","1017.4"
"2026-09-24","03:00:14","Clear","Dry","Dark","-3.2","16.4","3200","57232","17.6","35%","22.0","","Opened","7.311","230","Safe","Calm","0.0","67","11.3","2.5","1005.5","1017.4"
"2026-09-24","03:00:24","Clear","Dry","Dark","-3.1","16.3","3200","57232","17.6","35%","22.0","","Opened","7.392","230","Safe","Calm","0.0","67","11.3","2.6","1005.5","1017.4"
"2026-09-24","03:00:34","Clear","Dry","Dark","-3.2","16.4","3200","57232","17.6","35%","22.0","","Opened","7.352","230","Safe","Calm","0.0","67","11.3","2.6","1005.6","1017.4"
"2026-09-24","03:00:44","Clear","Dry","Dark","-3.1","16.4","3200","57232","17.6","35%","21.9","","Opened","7.438","230","Safe","Calm","0.0","67","11.3","2.6","1005.6","1017.4"
"2026-09-24","03:00:54","Clear","Dry","Dark","-3.2","16.4","3200","57232","17.6","35%","21.9","","Opened","7.373","230","Safe","Calm","0.0","67","11.3","2.5","1005.6","1017.4"
"2026-09-24","03:01:04","Clear","Dry","Dark","-2.9","16.4","3200","57232","17.6","35%","21.9","","Opened","7.319","230","Safe","Calm","0.0","67","11.3","2.8","1005.5","1017.4"
"2026-09-24","03:01:14","Clear","Dry","Dark","-3.2","16.4","3200","57232","17.6","35%","21.8","","Opened","7.385","230","Safe","Calm","0.0","66","11.3","2.5","1005.5","1017.4"
"2026-09-24","03:01:24","Clear","Dry","Dark","-3.2","16.4","3200","57232","17.6","35%","21.9","","Opened","7.328","230","Safe","Calm","0.0","66","11.3","2.5","1005.5","1017.4"
"2026-09-24","03:01:34","Clear","Dry","Dark","-3.2","16.3","3200","57232","17.6","35%","21.9","","Opened","7.395","230","Safe","Calm","0.0","66","11.3","2.5","1005.5","1017.4"
"2026-09-24","03:01:44","Clear","Dry","Dark","-3.2","16.3","3200","57232","17.6","35%","21.9","","Opened","7.511","230","Safe","Calm","0.0","66","11.3","2.5","1005.5","1017.4"
"2026-09-24","03:01:54","Clear","Dry","Dark","-3.2","16.3","3200","57232","17.6","35%","21.9","","Opened","7.296","230","Safe","Calm","0.6","66","11.3","2.5","1005.6","1017.4"
"2026-09-24","03:02:04","Clear","Dry","Dark","-3.2","16.3","3200","57232","17.6","35%","21.8","","Opened","7.364","230","Safe","Calm","0.6","66","11.3","2.5","1005.5","1017.4"
"2026-09-24","03:02:14","Clear","Dry","Dark","-3.2","16.3","3200","57232","17.6","35%","21.9","","Opened","7.297","230","Safe","Calm","0.6","66","11.2","2.5","1005.4","1017.3"
"2026-09-24","03:02:24","Clear","Dry","Dark","-3.2","16.3","3200","57232","17.6","35%","21.9","","Opened","7.377","230","Safe","Calm","0.6","66","11.2","2.5","1005.5","1017.4"
"2026-09-24","03:02:34","Clear","Dry","Dark","-3.2","16.3","3200","57232","17.6","35%","21.9","","Opened","7.324","230","Safe","Calm","0.6","66","11.3","2.5","1005.4","1017.3"
"2026-09-24","03:02:44","Clear","Dry","Dark","-3.2","16.3","3200","57232","17.6","35%","21.9","","Opened","7.541","230","Safe","Calm","0.6","66","11.3","2.5","1005.4","1017.3"
"2026-09-24","03:02:54","Clear","Dry","Dark","-3.2","16.3","3200","57232","17.6","35%","21.9","","Opened","7.358","230","Safe","Calm","0.0","66","11.2","2.5","1005.5","1017.4"
"2026-09-24","03:03:04","Clear","Dry","Dark","-3.3","16.3","3200","57232","17.6","35%","21.9","","Opened","7.307","230","Safe","Calm","0.0","66","11.2","2.4","1005.4","1017.3"
"2026-09-24","03:03:14","Clear","Dry","Dark","-3.3","16.3","3200","57232","17.6","35%","22.0","","Opened","7.364","230","Safe","Calm","0.0","66","11.2","2.4","1005.5","1017.4"
"2026-09-24","03:03:24","Clear","Dry","Dark","-3.3","16.3","3200","57232","17.6","35%","21.9","","Opened","7.324","230","Safe","Calm","0.0","66","11.2","2.4","1005.4","1017.3"
"2026-09-24","03:03:34","Clear","Dry","Dark","-3.3","16.2","3200","57232","17.5","35%","22.0","","Opened","7.272","230","Safe","Calm","0.0","66","11.2","2.4","1005.4","1017.3"
"2026-09-24","03:03:44","Clear","Dry","Dark","-3.2","16.2","3200","57232","17.6","35%","21.9","","Opened","7.505","230","Safe","Calm","0.0","66","11.3","2.5","1005.4","1017.3"
"2026-09-24","03:03:54","Clear","Dry","Dark","-3.2","16.3","3200","57232","17.6","35%","21.9","","Opened","7.294","230","Safe","Calm","0.0","66","11.3","2.5","1005.4","1017.3"
"2026-09-24","03:04:04","Clear","Dry","Dark","-3.3","16.2","3200","57232","17.6","35%","22.0","","Opened","7.374","230","Safe","Calm","0.0","66","11.3","2.4","1005.4","1017.3"
"2026-09-24","03:04:14","Clear","Dry","Dark","-3.3","16.2","3200","57232","17.5","35%","21.9","","Opened","7.301","230","Safe","Calm","0.0","67","11.3","2.4","1005.4","1017.3"
"2026-09-24","03:04:24","Clear","Dry","Dark","-3.3","16.2","3200","57232","17.6","35%","21.8","","Opened","7.388","230","Safe","Calm","0.0","67","11.3","2.4","1005.4","1017.3"
"2026-09-24","03:04:34","Clear","Dry","Dark","-3.3","16.2","3200","57232","17.5","35%","21.9","","Opened","7.333","230","Safe","Calm","0.0","67","11.2","2.4","1005.5","1017.4"
"2026-09-24","03:04:44","Clear","Dry","Dark","-3.3","16.2","3200","57232","17.5","35%","21.9","","Opened","7.426","230","Safe","Calm","0.0","67","11.2","2.4","1005.5","1017.4"
"2026-09-24","03:04:54","Clear","Dry","Dark","-3.3","16.2","3200","57232","17.5","35%","21.8","","Opened","7.354","230","Safe","Calm","0.0","67","11.2","2.3","1005.4","1017.3"
"2026-09-24","03:05:04","Clear","Dry","Dark","-3.3","16.2","3200","57232","17.5","35%","21.8","","Opened","7.313","230","Safe","Calm","0.0","67","11.2","2.4","1005.5","1017.4"
"2026-09-24","03:05:14","Clear","Dry","Dark","-3.3","16.2","3200","57232","17.5","35%","21.8","","Opened","7.372","230","Safe","Calm","0.0","67","11.2","2.4","1005.4","1017.3"
"2026-09-24","03:05:24","Clear","Dry","Dark","-3.2","16.2","3200","57232","17.5","35%","21.8","","Opened","7.334","230","Safe","Calm","0.0","67","11.2","2.5","1005.5","1017.4"
"2026-09-24","03:05:34","Clear","Dry","Dark","-3.3","16.2","3200","57232","17.5","35%","21.8","","Opened","7.390","230","Safe","Calm","0.0","67","11.2","2.4","1005.6","1017.5"
"2026-09-24","03:05:44","Clear","Dry","Dark","-3.4","16.2","3200","57232","17.5","35%","21.8","","Opened","7.490","230","Safe","Calm","0.0","67","11.2","2.3","1005.5","1017.4"
"2026-09-24","03:05:54","Clear","Dry","Dark","-3.4","16.2","3200","57232","17.5","35%","21.8","","Opened","7.395","230","Safe","Calm","0.0","67","11.2","2.3","1005.4","1017.3"
"2026-09-24","03:06:04","Clear","Dry","Dark","-3.3","16.2","3200","57232","17.5","35%","21.8","","Opened","7.347","230","Safe","Calm","0.0","67","11.2","2.3","1005.6","1017.4"
"2026-09-24","03:06:14","Clear","Dry","Dark","-3.4","16.1","3200","57232","17.5","35%","21.8","","Opened","7.277","230","Safe","Calm","0.0","67","11.2","2.2","1005.7","1017.6"
"2026-09-24","03:06:24","Clear","Dry","Dark","-3.4","16.1","3200","57232","17.5","35%","21.9","","Opened","7.354","230","Safe","Calm","0.0","67","11.2","2.3","1005.4","1017.3"
"2026-09-24","03:06:34","Clear","Dry","Dark","-3.3","16.1","3200","57232","17.5","35%","21.9","","Opened","7.294","230","Safe","Calm","0.0","67","11.2","2.3","1005.5","1017.4"
"2026-09-24","03:06:44","Clear","Dry","Dark","-3.4","16.1","3200","57232","17.5","35%","21.8","","Opened","7.508","230","Safe","Calm","0.0","67","11.3","2.3","1005.5","1017.4"
"2026-09-24","03:06:54","Clear","Dry","Dark","-3.3","16.1","3200","57232","17.4","35%","21.8","","Opened","7.317","230","Safe","Calm","0.0","67","11.2","2.4","1005.5","1017.4"
"2026-09-24","03:07:04","Clear","Dry","Dark","-3.4","16.1","3200","57232","17.5","35%","21.9","","Opened","7.389","230","Safe","Calm","0.0","67","11.2","2.2","1005.4","1017.3"
"2026-09-24","03:07:14","Clear","Dry","Dark","-3.4","16.1","3200","57232","17.4","35%","22.0","","Opened","7.320","230","Safe","Calm","0.0","67","11.2","2.3","1005.5","1017.4"
"2026-09-24","03:07:24","Clear","Dry","Dark","-3.3","16.1","3200","57232","17.4","35%","21.9","","Opened","7.272","230","Safe","Calm","0.0","67","11.2","2.3","1005.5","1017.4"
"2026-09-24","03:07:34","Clear","Dry","Dark","-3.3","16.1","3200","57232","17.4","35%","22.0","","Opened","7.326","230","Safe","Calm","0.0","67","11.2","2.3","1005.4","1017.3"
"2026-09-24","03:07:44","Clear","Dry","Dark","-3.3","16.1","3200","57232","17.4","35%","21.9","","Opened","7.432","230","Safe","Calm","0.0","67","11.2","2.3","1005.4","1017.3"
"2026-09-24","03:07:54","Clear","Dry","Dark","-3.3","16.1","3200","57232","17.4","35%","21.9","","Opened","7.356","230","Safe","Calm","0.0","67","11.2","2.3","1005.5","1017.4"
"2026-09-24","03:08:04","Clear","Dry","Dark","-3.2","16.1","3200","57232","17.4","35%","21.8","","Opened","7.297","230","Safe","Calm","0.0","67","11.2","2.4","1005.5","1017.4"
"2026-09-24","03:08:14","Clear","Dry","Dark","-3.3","16.1","3200","57232","17.4","35%","21.7","","Opened","7.356","230","Safe","Calm","0.0","67","11.2","2.3","1005.4","1017.3"
"2026-09-24","03:08:24","Clear","Dry","Dark","-3.2","16.1","3200","57232","17.4","35%","21.7","","Opened","7.309","230","Safe","Calm","0.0","67","11.2","2.4","1005.4","1017.3"
"2026-09-24","03:08:34","Clear","Dry","Dark","-3.3","16.1","3200","57232","17.4","35%","21.6","","Opened","7.383","230","Safe","Calm","0.6","67","11.2","2.3","1005.4","1017.3"
"2026-09-24","03:08:44","Clear","Dry","Dark","-3.3","16.1","3200","57232","17.4","35%","21.7","","Opened","7.485","230","Safe","Calm","0.6","67","11.2","2.3","1005.4","1017.3"
"2026-09-24","03:08:54","Clear","Dry","Dark","-3.2","16.1","3200","57232","17.4","35%","21.6","","Opened","7.290","230","Safe","Calm","0.6","67","11.2","2.3","1005.4","1017.3"
"2026-09-24","03:09:04","Clear","Dry","Dark","-3.1","16.1","3200","57232","17.4","35%","21.6","","Opened","7.367","230","Safe","Calm","0.6","67","11.2","2.5","1005.4","1017.3"
"2026-09-24","03:09:14","Clear","Dry","Dark","-3.2","16.1","3200","57232","17.4","35%","21.5","","Opened","7.293","230","Safe","Calm","0.6","67","11.2","2.4","1005.4","1017.3"
"2026-09-24","03:09:24","Clear","Dry","Dark","-3.4","16.1","3200","57232","17.4","35%","21.6","","Opened","7.371","230","Safe","Calm","0.6","67","11.2","2.2","1005.5","1017.4"
"2026-09-24","03:09:34","Clear","Dry","Dark","-3.2","16.1","3200","57232","17.4","35%","21.6","","Opened","7.321","230","Safe","Calm","0.0","67","11.2","2.4","1005.4","1017.3"
"2026-09-24","03:09:44","Clear","Dry","Dark","-3.4","16.1","3200","57232","17.3","35%","21.6","","Opened","7.529","230","Safe","Calm","0.0","67","11.2","2.2","1005.4","1017.3"
"2026-09-24","03:09:54","Clear","Dry","Dark","-3.3","16.1","3200","57232","17.3","35%","21.6","","Opened","7.354","230","Safe","Calm","0.0","67","11.2","2.3","1005.5","1017.4"
"2026-09-24","03:10:04","Clear","Dry","Dark","-3.0","16.1","3200","57232","17.3","35%","21.5","","Opened","7.309","230","Safe","Calm","0.0","67","11.2","2.5","1005.5","1017.4"
"2026-09-24","03:10:14","Clear","Dry","Dark","-3.1","16.1","3200","57232","17.3","35%","21.5","","Opened","7.371","230","Safe","Calm","0.0","67","11.2","2.4","1005.6","1017.4"
"2026-09-24","03:10:24","Clear","Dry","Dark","-3.2","16.0","3200","57232","17.3","35%","21.4","","Opened","7.323","230","Safe","Calm","0.0","67","11.2","2.4","1005.4","1017.3"
"2026-09-24","03:10:34","Clear","Dry","Dark","-3.1","16.0","3200","57232","17.3","35%","21.4","","Opened","7.283","230","Safe","Calm","0.0","67","11.2","2.4","1005.5","1017.4"
"2026-09-24","03:10:44","Clear","Dry","Dark","-3.1","16.1","3200","57232","17.3","35%","21.3","","Opened","7.481","230","Safe","Calm","0.0","67","11.2","2.4","1005.4","1017.3"
"2026-09-24","03:10:54","Clear","Dry","Dark","-3.2","16.0","3200","57232","17.3","35%","21.3","","Opened","7.289","230","Safe","Calm","0.0","67","11.1","2.3","1005.4","1017.3"
"2026-09-24","03:11:04","Clear","Dry","Dark","-3.2","16.0","3200","57232","17.3","35%","21.4","","Opened","7.344","230","Safe","Calm","0.0","67","11.2","2.3","1005.4","1017.3"
"2026-09-24","03:11:14","Clear","Dry","Dark","-3.1","16.1","3200","57232","17.3","35%","21.4","","Opened","7.282","230","Safe","Calm","0.0","67","11.2","2.5","1005.5","1017.4"
"2026-09-24","03:11:24","Clear","Dry","Dark","-3.1","16.0","3200","57232","17.3","35%","21.3","","Opened","7.358","230","Safe","Calm","0.0","67","11.2","2.4","1005.4","1017.3"
"2026-09-24","03:11:34","Clear","Dry","Dark","-3.2","16.0","3200","57232","17.3","35%","21.4","","Opened","7.309","230","Safe","Calm","0.0","67","11.1","2.4","1005.4","1017.3"
"2026-09-24","03:11:44","Clear","Dry","Dark","-3.2","16.0","3200","57232","17.3","35%","21.4","","Opened","7.533","230","Safe","Calm","0.0","67","11.1","2.3","1005.4","1017.3"
"2026-09-24","03:11:54","Clear","Dry","Dark","-3.2","16.0","3200","57232","17.2","35%","21.4","","Opened","7.336","230","Safe","Calm","0.0","67","11.1","2.3","1005.4","1017.3"
"2026-09-24","03:12:04","Clear","Dry","Dark","-3.2","16.0","3200","57232","17.3","35%","21.4","","Opened","7.286","230","Safe","Calm","0.0","67","11.2","2.3","1005.4","1017.3"
"2026-09-24","03:12:14","Clear","Dry","Dark","-3.1","16.0","3200","57232","17.3","35%","21.3","","Opened","7.354","230","Safe","Calm","0.0","67","11.1","2.4","1005.6","1017.5"
"2026-09-24","03:12:24","Clear","Dry","Dark","-3.1","16.0","3200","57232","17.3","35%","21.3","","Opened","7.295","230","Safe","Calm","0.0","67","11.1","2.4","1005.4","1017.3"
"2026-09-24","03:12:34","Clear","Dry","Dark","-3.1","16.0","3200","57232","17.3","35%","21.3","","Opened","7.361","230","Safe","Calm","0.0","67","11.1","2.4","1005.3","1017.2"
"2026-09-24","03:12:44","Clear","Dry","Dark","-3.1","16.0","3200","57232","17.3","35%","21.4","","Opened","7.449","230","Safe","Calm","0.0","67","11.1","2.4","1005.4","1017.3"
"2026-09-24","03:12:54","Clear","Dry","Dark","-3.0","16.0","3200","57232","17.3","35%","21.4","","Opened","7.379","230","Safe","Calm","0.0","67","11.1","2.5","1005.4","1017.3"
"2026-09-24","03:13:04","Clear","Dry","Dark","-3.1","16.0","3200","57232","17.2","35%","21.3","","Opened","7.332","230","Safe","Calm","0.0","67","11.1","2.4","1005.4","1017.3"
"2026-09-24","03:13:14","Clear","Dry","Dark","-3.1","16.0","3200","57232","17.3","35%","21.3","","Opened","7.265","230","Safe","Calm","0.0","67","11.1","2.4","1005.4","1017.3"
"2026-09-24","03:13:24","Clear","Dry","Dark","-3.2","16.0","3200","57232","17.3","35%","21.3","","Opened","7.341","230","Safe","Calm","0.0","67","11.1","2.3","1005.5","1017.4"
"2026-09-24","03:13:34","Clear","Dry","Dark","-3.1","16.0","3200","57232","17.3","35%","21.4","","Opened","7.302","230","Safe","Calm","0.0","67","11.1","2.4","1005.4","1017.3"
"2026-09-24","03:13:45","Clear","Dry","Dark","-3.1","16.0","3200","57232","17.3","35%","21.4","","Opened","7.514","230","Safe","Calm","0.0","67","11.1","2.4","1005.4","1017.3"
"2026-09-24","03:13:54","Clear","Dry","Dark","-3.1","15.9","3200","57232","17.3","35%","21.4","","Opened","7.335","230","Safe","Calm","0.0","67","11.1","2.4","1005.5","1017.4"
"2026-09-24","03:14:04","Clear","Dry","Dark","-3.0","15.9","3200","57232","17.2","35%","21.5","","Opened","7.278","230","Safe","Calm","0.0","67","11.1","2.5","1005.4","1017.3"
"2026-09-24","03:14:14","Clear","Dry","Dark","-3.2","16.0","3200","57232","17.3","35%","21.5","","Opened","7.347","230","Safe","Calm","0.0","67","11.1","2.3","1005.4","1017.3"
"2026-09-24","03:14:24","Clear","Dry","Dark","-3.1","15.9","3200","57232","17.2","35%","21.5","","Opened","7.297","230","Safe","Calm","0.0","67","11.1","2.4","1005.4","1017.3"
"2026-09-24","03:14:34","Clear","Dry","Dark","-3.1","16.0","3200","57232","17.3","35%","21.5","","Opened","7.352","230","Safe","Calm","0.0","67","11.1","2.4","1005.4","1017.3"
"2026-09-24","03:14:44","Clear","Dry","Dark","-2.9","16.0","3200","57232","17.2","35%","21.5","","Opened","7.447","230","Safe","Calm","0.6","67","11.1","2.6","1005.3","1017.2"
"2026-09-24","03:14:54","Clear","Dry","Dark","-2.8","16.0","3200","57232","17.3","35%","21.5","","Opened","7.387","230","Safe","Calm","1.3","67","11.1","2.7","1005.4","1017.3"
"2026-09-24","03:15:04","Clear","Dry","Dark","-2.9","16.0","3200","57232","17.3","35%","21.4","","Opened","7.331","230","Safe","Calm","1.9","67","11.1","2.6","1005.4","1017.3"
"2026-09-24","03:15:14","Clear","Wet","Dark","-3.1","16.0","3199","57232","17.2","35%","21.4","","Opened","7.269","230","Safe","Calm","2.6","67","11.1","2.4","1005.3","1017.2"
"2026-09-24","03:15:24","Clear","Dry","Dark","-3.0","16.0","3200","57232","17.2","35%","21.5","","Opened","7.340","230","Safe","Calm","2.6","67","11.1","2.5","1005.4","1017.3"
"2026-09-24","03:15:34","Clear","Dry","Dark","-3.0","16.0","3200","57232","17.3","35%","21.5","","Opened","7.297","230","Safe","Calm","2.6","67","11.1","2.5","1005.4","1017.3"
"2026-09-24","03:15:45","Clear","Dry","Dark","-3.0","16.0","3200","57232","17.3","35%","21.5","","Opened","7.516","230","Safe","Calm","1.9","67","11.1","2.5","1005.4","1017.3"
"2026-09-24","03:15:54","Clear","Dry","Dark","-3.0","16.0","3200","57232","17.3","35%","21.6","","Opened","7.313","230","Safe","Calm","1.3","67","11.1","2.5","1005.4","1017.3"
"2026-09-24","03:16:04","Clear","Dry","Dark","-3.2","16.0","3200","57232","17.3","35%","21.6","","Opened","7.392","230","Safe","Calm","0.6","67","11.1","2.3","1005.4","1017.3"
"2026-09-24","03:16:14","Clear","Dry","Dark","-3.2","15.9","3200","57232","17.3","35%","21.7","","Opened","7.334","230","Safe","Calm","0.0","67","11.1","2.3","1005.3","1017.2"
"2026-09-24","03:16:24","Clear","Dry","Dark","-3.1","15.9","3200","57232","17.2","35%","21.8","","Opened","7.283","230","Safe","Calm","0.0","67","11.1","2.4","1005.4","1017.3"
"2026-09-24","03:16:34","Clear","Dry","Dark","-3.2","15.9","3200","57232","17.3","35%","21.8","","Opened","7.354","230","Safe","Calm","0.0","67","11.1","2.3","1005.4","1017.3"
"2026-09-24","03:16:44","Clear","Dry","Dark","-3.1","15.9","3200","57232","17.3","35%","21.8","","Opened","7.450","230","Safe","Calm","0.0","67","11.1","2.4","1005.4","1017.3"
"2026-09-24","03:16:54","Clear","Dry","Dark","-3.0","15.9","3200","57232","17.3","35%","21.9","Heating DOWN","Opened","7.502","230","Safe","Calm","0.0","67","11.1","2.5","1005.3","1017.2"
"2026-09-24","03:17:04","Clear","Dry","Dark","-3.1","15.9","3200","57232","17.3","34%","21.9","Heating DOWN","Opened","7.484","230","Safe","Calm","0.0","67","11.1","2.4","1005.3","1017.2"
"2026-09-24","03:17:14","Clear","Dry","Dark","-2.9","15.9","3328","57232","17.3","33%","21.9","Heating DOWN","Opened","7.466","230","Safe","Calm","0.0","67","11.1","2.6","1005.3","1017.2"
"2026-09-24","03:17:24","Clear","Dry","Dark","-3.1","15.9","3200","57232","17.3","32%","21.9","Heating DOWN","Opened","7.452","230","Safe","Calm","0.0","67","11.1","2.4","1005.3","1017.2"
"2026-09-24","03:17:34","Clear","Dry","Dark","-3.2","15.9","3200","57232","17.3","31%","22.0","Heating DOWN","Opened","7.441","230","Safe","Calm","0.0","67","11.1","2.3","1005.4","1017.3"
"2026-09-24","03:17:45","Clear","Dry","Dark","-3.2","15.9","3200","57232","17.3","30%","22.0","Heating DOWN","Opened","7.567","230","Safe","Calm","0.0","67","11.1","2.3","1005.4","1017.3"
"2026-09-24","03:17:54","Clear","Dry","Dark","-3.1","15.9","3328","57232","17.2","29%","22.0","Heating DOWN","Opened","7.424","230","Safe","Calm","0.0","67","11.0","2.4","1005.4","1017.3"
"2026-09-24","03:18:04","Clear","Dry","Dark","-3.1","15.9","3200","57232","17.3","28%","22.0","Heating DOWN","Opened","7.414","230","Safe","Calm","0.0","67","11.1","2.4","1005.3","1017.2"
"2026-09-24","03:18:14","Clear","Dry","Dark","-3.0","15.9","3200","57232","17.3","27%","21.9","","Opened","7.270","230","Safe","Calm","0.0","67","11.1","2.5","1005.4","1017.3"
"2026-09-24","03:18:24","Clear","Dry","Dark","-3.1","15.9","3200","57232","17.3","27%","21.8","","Opened","7.357","230","Safe","Calm","0.0","67","11.0","2.4","1005.3","1017.2"
"2026-09-24","03:18:34","Clear","Dry","Dark","-3.1","15.9","3200","57232","17.3","27%","21.8","","Opened","7.304","230","Safe","Calm","0.0","67","11.0","2.4","1005.3","1017.2"
"2026-09-24","03:18:45","Clear","Dry","Dark","-3.0","15.9","3200","57232","17.3","27%","21.7","","Opened","7.516","230","Safe","Calm","0.0","67","11.0","2.5","1005.5","1017.4"
"2026-09-24","03:18:54","Clear","Dry","Dark","-2.9","15.9","3200","57232","17.2","27%","21.7","","Opened","7.329","230","Safe","Calm","0.0","67","11.0","2.6","1005.4","1017.3"
"2026-09-24","03:19:04","Clear","Dry","Dark","-2.9","15.9","3200","57232","17.2","27%","21.6","","Opened","7.279","230","Safe","Calm","0.0","67","11.0","2.6","1005.4","1017.3"
"2026-09-24","03:19:14","Clear","Dry","Dark","-2.9","15.9","3200","57232","17.3","27%","21.5","","Opened","7.339","230","Safe","Calm","0.0","67","11.0","2.6","1005.4","1017.3"
"2026-09-24","03:19:24","Clear","Dry","Dark","-3.0","15.9","3200","57232","17.3","27%","21.4","","Opened","7.285","230","Safe","Calm","0.0","67","11.0","2.5","1005.3","1017.2"
"2026-09-24","03:19:34","Clear","Dry","Dark","-3.0","15.9","3200","57232","17.3","27%","21.3","","Opened","7.359","230","Safe","Calm","0.0","67","11.0","2.5","1005.3","1017.2"
"2026-09-24","03:19:45","Clear","Dry","Dark","-3.0","15.9","3200","57232","17.2","27%","21.2","Heating UP","Opened","7.558","230","Safe","Calm","0.0","67","11.0","2.5","1005.3","1017.2"
"2026-09-24","03:19:54","Clear","Dry","Dark","-2.9","15.9","3200","57232","17.2","28%","21.2","Heating UP","Opened","7.403","230","Safe","Calm","0.0","67","11.0","2.6","1005.4","1017.3"
"2026-09-24","03:20:04","Clear","Dry","Dark","-3.1","15.9","3328","57232","17.3","29%","21.1","Heating UP","Opened","7.388","230","Safe","Calm","0.0","67","11.0","2.5","1005.4","1017.3"
"2026-09-24","03:20:15","Clear","Dry","Dark","-3.1","15.9","3200","57232","17.3","30%","21.1","Heating UP","Opened","7.499","230","Safe","Calm","0.0","67","11.0","2.4","1005.4","1017.3"
"2026-09-24","03:20:25","Clear","Dry","Dark","-2.9","15.9","3200","57232","17.2","31%","21.1","Heating UP","Opened","7.496","230","Safe","Calm","0.0","67","11.0","2.6","1005.4","1017.3"
"2026-09-24","03:20:35","Clear","Dry","Dark","-3.0","15.9","3200","57232","17.3","32%","21.0","Heating UP","Opened","7.484","230","Safe","Calm","0.0","67","11.0","2.5","1005.4","1017.3"
"2026-09-24","03:20:45","Clear","Dry","Dark","-2.9","15.9","3200","57232","17.2","34%","21.0","Heating UP","Opened","7.618","230","Safe","Calm","0.0","67","11.0","2.6","1005.4","1017.3"
"2026-09-24","03:20:55","Clear","Dry","Dark","-2.9","15.9","3200","57232","17.3","36%","21.0","Heating UP","Opened","7.450","230","Safe","Calm","0.0","67","11.0","2.6","1005.3","1017.2"
"2026-09-24","03:21:04","Clear","Dry","Dark","-3.0","15.9","3200","57232","17.2","38%","21.0","Heating UP","Opened","7.448","230","Safe","Calm","0.0","67","11.0","2.5","1005.3","1017.2"
"2026-09-24","03:21:14","Clear","Dry","Dark","-3.0","16.0","3200","57232","17.2","40%","21.0","Heating UP","Opened","7.429","230","Safe","Calm","0.0","67","11.0","2.5","1005.4","1017.3"
"2026-09-24","03:21:24","Clear","Dry","Dark","-3.1","15.9","3200","57232","17.2","42%","21.1","","Opened","7.306","230","Safe","Calm","0.0","67","11.0","2.4","1005.3","1017.2"
"2026-09-24","03:21:34","Clear","Dry","Dark","-2.8","15.9","3200","57232","17.3","42%","21.2","","Opened","7.376","230","Safe","Calm","0.0","67","11.0","2.7","1005.5","1017.4"
"2026-09-24","03:21:45","Clear","Dry","Dark","-2.9","15.9","3200","57232","17.2","42%","21.3","","Opened","7.465","230","Safe","Calm","0.0","66","10.9","2.5","1005.3","1017.2"
"2026-09-24","03:21:54","Clear","Dry","Dark","-2.9","15.9","3200","57232","17.3","42%","21.4","","Opened","7.277","230","Safe","Calm","0.0","67","11.0","2.7","1005.4","1017.3"
"2026-09-24","03:22:04","Clear","Dry","Dark","-3.0","15.9","3200","57232","17.2","42%","21.5","","Opened","7.326","230","Safe","Calm","0.0","67","11.0","2.5","1005.3","1017.2"
"2026-09-24","03:22:14","Clear","Dry","Dark","-2.9","15.9","3200","57232","17.3","42%","21.5","","Opened","7.265","230","Safe","Calm","0.0","67","11.0","2.6","1005.4","1017.3"
"2026-09-24","03:22:24","Clear","Dry","Dark","-2.9","16.0","3200","57232","17.3","42%","21.6","","Opened","7.316","230","Safe","Calm","0.0","66","11.0","2.6","1005.3","1017.2"
"2026-09-24","03:22:34","Clear","Dry","Dark","-2.7","16.0","3200","57232","17.3","42%","21.6","","Opened","7.371","230","Safe","Calm","0.0","66","11.0","2.8","1005.4","1017.3"
"2026-09-24","03:22:44","Clear","Dry","Dark","-3.0","16.0","3200","57232","17.2","42%","21.7","","Opened","7.441","230","Safe","Calm","0.0","66","11.0","2.5","1005.4","1017.3"
"2026-09-24","03:22:54","Clear","Dry","Dark","-3.0","16.0","3200","57232","17.3","42%","21.8","","Opened","7.358","230","Safe","Calm","0.0","66","11.0","2.5","1005.3","1017.2"
"2026-09-24","03:23:04","Clear","Dry","Dark","-3.0","16.0","3200","57232","17.2","42%","21.8","","Opened","7.301","230","Safe","Calm","0.0","66","10.9","2.5","1005.3","1017.2"
"2026-09-24","03:23:15","Clear","Dry","Dark","-2.9","15.9","3200","57232","17.2","42%","21.9","Heating DOWN","Opened","7.471","230","Safe","Calm","0.0","66","10.9","2.6","1005.3","1017.2"
"2026-09-24","03:23:25","Clear","Dry","Dark","-2.9","15.9","3328","57232","17.2","41%","21.9","Heating DOWN","Opened","7.445","230","Safe","Calm","0.0","66","10.9","2.6","1005.4","1017.3"
"2026-09-24","03:23:34","Clear","Dry","Dark","-2.9","15.9","3200","57232","17.3","40%","21.9","Heating DOWN","Opened","7.421","230","Safe","Calm","0.0","66","10.9","2.6","1005.3","1017.2"
"2026-09-24","03:23:45","Clear","Dry","Dark","-3.0","15.9","3200","57232","17.3","39%","21.9","Heating DOWN","Opened","7.558","230","Safe","Calm","0.0","66","11.0","2.6","1005.3","1017.2"
"2026-09-24","03:23:54","Clear","Dry","Dark","-2.6","15.9","3200","57232","17.3","38%","21.9","Heating DOWN","Opened","7.405","230","Safe","Calm","0.0","66","11.0","2.9","1005.4","1017.3"
"2026-09-24","03:24:04","Clear","Dry","Dark","-2.8","16.0","3328","57232","17.2","37%","21.8","","Opened","7.286","230","Safe","Calm","0.0","66","10.9","2.7","1005.4","1017.3"
"2026-09-24","03:24:14","Clear","Dry","Dark","-2.8","16.0","3328","57232","17.2","37%","21.7","","Opened","7.352","230","Safe","Calm","0.6","67","11.0","2.7","1005.3","1017.2"
"2026-09-24","03:24:24","Clear","Dry","Dark","-2.8","16.0","3328","57232","17.2","37%","21.7","","Opened","7.301","230","Safe","Calm","0.6","66","11.0","2.7","1005.3","1017.2"
"2026-09-24","03:24:34","Clear","Dry","Dark","-2.7","16.0","3328","57232","17.2","37%","21.7","","Opened","7.364","230","Safe","Calm","0.6","67","11.0","2.8","1005.4","1017.3"
"2026-09-24","03:24:45","Clear","Dry","Dark","-2.8","16.0","3328","57232","17.2","37%","21.6","","Opened","7.455","230","Safe","Calm","0.6","67","11.0","2.7","1005.4","1017.3"
"2026-09-24","03:24:54","Clear","Dry","Dark","-2.6","16.0","3328","57232","17.2","37%","21.5","","Opened","7.396","230","Safe","Calm","0.6","67","10.9","2.9","1005.3","1017.2"
"2026-09-24","03:25:04","Clear","Dry","Dark","-2.7","16.0","3328","57232","17.2","37%","21.5","","Opened","7.341","230","Safe","Calm","0.6","67","11.0","2.8","1005.3","1017.1"
"2026-09-24","03:25:14","Clear","Dry","Dark","-2.6","16.0","3328","57232","17.2","37%","21.5","","Opened","7.276","230","Safe","Calm","0.0","67","11.0","2.8","1005.4","1017.3"
"2026-09-24","03:25:24","Clear","Dry","Dark","-2.8","16.1","3328","57232","17.2","37%","21.5","","Opened","7.354","230","Safe","Calm","0.0","67","11.0","2.6","1005.3","1017.2"
"2026-09-24","03:25:34","Clear","Dry","Dark","-2.8","16.1","3328","57232","17.2","37%","21.5","","Opened","7.309","230","Safe","Calm","0.0","67","11.0","2.7","1005.4","1017.3"
"2026-09-24","03:25:45","Clear","Dry","Dark","-2.7","16.0","3328","57232","17.2","37%","21.5","","Opened","7.519","230","Safe","Calm","0.0","67","11.0","2.7","1005.3","1017.2"
"2026-09-24","03:25:54","Clear","Dry","Dark","-2.7","16.1","3328","57232","17.2","37%","21.5","","Opened","7.328","230","Safe","Calm","0.6","67","11.0","2.8","1005.3","1017.2"
"2026-09-24","03:26:04","Clear","Dry","Dark","-2.7","16.1","3328","57232","17.3","37%","21.5","","Opened","7.265","230","Safe","Calm","0.6","67","11.0","2.8","1005.3","1017.1"
"2026-09-24","03:26:14","Clear","Dry","Dark","-2.6","16.1","3328","57232","17.2","37%","21.5","","Opened","7.350","230","Safe","Calm","1.3","67","11.0","2.9","1005.3","1017.1"
"2026-09-24","03:26:24","Clear","Dry","Dark","-2.5","16.1","3328","57232","17.2","37%","21.5","","Opened","7.299","230","Safe","Calm","2.1","66","10.9","3.0","1005.3","1017.2"
"2026-09-24","03:26:34","Clear","Dry","Dark","-2.6","16.1","3328","57232","17.2","37%","21.4","","Opened","7.367","230","Safe","Calm","2.1","66","10.9","2.9","1005.4","1017.3"
"2026-09-24","03:26:45","Clear","Dry","Dark","-2.5","16.1","3328","57232","17.2","37%","21.4","","Opened","7.457","230","Safe","Calm","2.7","66","10.9","3.0","1005.3","1017.2"
"2026-09-24","03:26:54","Clear","Dry","Dark","-2.4","16.1","3328","57232","17.2","37%","21.4","","Opened","7.394","230","Safe","Calm","2.7","66","10.9","3.1","1005.3","1017.1"
"2026-09-24","03:27:04","Clear","Dry","Dark","-2.5","16.1","3328","57232","17.3","37%","21.4","","Opened","7.349","230","Safe","Calm","3.5","66","10.9","3.0","1005.3","1017.1"
"2026-09-24","03:27:14","Clear","Dry","Dark","-2.5","16.1","3328","57232","17.2","37%","21.4","","Opened","7.279","230","Safe","Calm","3.5","66","10.9","3.0","1005.3","1017.2"
"2026-09-24","03:27:24","Clear","Dry","Dark","-2.6","16.1","3328","57232","17.3","37%","21.4","","Opened","7.343","230","Safe","Calm","3.3","66","10.9","2.9","1005.3","1017.1"
"2026-09-24","03:27:34","Clear","Dry","Dark","-2.6","16.1","3328","57232","17.2","37%","21.4","","Opened","7.287","230","Safe","Calm","4.0","66","10.9","2.9","1005.3","1017.2"
"2026-09-24","03:27:45","Clear","Dry","Dark","-2.5","16.1","3328","57232","17.3","37%","21.4","","Opened","7.516","230","Safe","Calm","4.0","66","10.9","3.0","1005.3","1017.1"
"2026-09-24","03:27:54","Clear","Dry","Dark","-2.6","16.2","3328","57232","17.2","37%","21.4","","Opened","7.328","230","Safe","Calm","3.3","66","10.9","2.9","1005.3","1017.2"
"2026-09-24","03:28:04","Clear","Dry","Dark","-2.6","16.2","3328","57232","17.3","37%","21.4","","Opened","7.275","230","Safe","Calm","2.6","66","10.9","2.9","1005.3","1017.1"
"2026-09-24","03:28:14","Clear","Dry","Dark","-2.4","16.2","3328","57232","17.3","37%","21.4","","Opened","7.337","230","Safe","Calm","1.9","66","10.9","3.1","1005.3","1017.1"
"2026-09-24","03:28:24","Clear","Dry","Dark","-2.5","16.2","3328","57232","17.3","37%","21.4","","Opened","7.285","230","Safe","Calm","1.3","66","10.9","3.0","1005.3","1017.1"
"2026-09-24","03:28:34","Clear","Dry","Dark","-2.5","16.2","3328","57232","17.3","37%","21.4","","Opened","7.365","230","Safe","Calm","0.6","66","10.9","3.0","1005.3","1017.2"
"2026-09-24","03:28:45","Clear","Dry","Dark","-2.6","16.2","3328","57232","17.3","37%","21.5","","Opened","7.455","230","Safe","Calm","0.0","66","10.9","2.9","1005.3","1017.2"
"2026-09-24","03:28:54","Clear","Dry","Dark","-2.6","16.2","3328","57232","17.3","37%","21.5","","Opened","7.386","230","Safe","Calm","0.0","66","10.9","2.9","1005.3","1017.1"
"2026-09-24","03:29:04","Clear","Dry","Dark","-2.6","16.2","3328","57232","17.3","37%","21.6","","Opened","7.334","230","Safe","Calm","0.0","66","10.9","3.0","1005.3","1017.2"
"2026-09-24","03:29:14","Clear","Dry","Dark","-2.6","16.2","3328","57232","17.3","37%","21.6","","Opened","7.269","230","Safe","Calm","0.0","66","10.9","3.0","1005.3","1017.1"
"2026-09-24","03:29:24","Clear","Dry","Dark","-2.4","16.2","3328","57232","17.3","37%","21.6","","Opened","7.351","230","Safe","Calm","0.0","66","10.9","3.2","1005.3","1017.1"
"2026-09-24","03:29:34","Clear","Dry","Dark","-2.4","16.3","3328","57232","17.3","37%","21.6","","Opened","7.279","230","Safe","Calm","0.0","66","10.8","3.1","1005.2","1017.1"
"2026-09-24","03:29:45","Clear","Dry","Dark","-2.3","16.3","3328","57232","17.3","37%","21.6","","Opened","7.506","230","Safe","Calm","0.0","66","10.8","3.2","1005.3","1017.1"
"2026-09-24","03:29:54","Clear","Dry","Dark","-2.6","16.3","3328","57232","17.3","37%","21.7","","Opened","7.305","230","Safe","Calm","0.0","66","10.8","2.9","1005.3","1017.1"
"2026-09-24","03:30:04","Clear","Dry","Dark","-2.4","16.3","3328","57232","17.3","37%","21.7","","Opened","7.378","230","Safe","Calm","0.0","66","10.8","3.1","1005.3","1017.2"
"2026-09-24","03:30:14","Clear","Dry","Dark","-2.4","16.3","3328","57232","17.3","37%","21.7","","Opened","7.311","230","Safe","Calm","0.0","65","10.7","3.1","1005.3","1017.2"
"2026-09-24","03:30:24","Clear","Dry","Dark","-2.5","16.3","3328","57232","17.3","37%","21.7","","Opened","7.393","230","Safe","Calm","0.0","65","10.7","3.0","1005.3","1017.1"
"2026-09-24","03:30:34","Clear","Dry","Dark","-2.6","16.3","3328","57232","17.3","37%","21.7","","Opened","7.339","230","Safe","Calm","0.0","65","10.7","2.9","1005.2","1017.1"
"2026-09-24","03:30:45","Clear","Dry","Dark","-2.6","16.3","3328","57232","17.4","37%","21.7","","Opened","7.439","230","Safe","Calm","0.0","65","10.7","2.9","1005.3","1017.1"
"2026-09-24","03:30:54","Clear","Dry","Dark","-2.5","16.3","3328","57232","17.4","37%","21.7","","Opened","7.358","230","Safe","Calm","0.0","65","10.7","3.0","1005.3","1017.2"
"2026-09-24","03:31:04","Clear","Dry","Dark","-2.5","16.3","3328","57232","17.4","37%","21.7","","Opened","7.303","230","Safe","Calm","0.0","65","10.6","3.0","1005.3","1017.1"
"2026-09-24","03:31:14","Clear","Dry","Dark","-2.4","16.3","3328","57232","17.4","37%","21.7","","Opened","7.363","230","Safe","Calm","0.0","65","10.6","3.2","1005.3","1017.1"
"2026-09-24","03:31:24","Clear","Dry","Dark","-2.6","16.3","3328","57232","17.4","37%","21.6","","Opened","7.310","230","Safe","Calm","0.0","64","10.6","3.0","1005.2","1017.1"
"2026-09-24","03:31:34","Clear","Dry","Dark","-2.5","16.3","3328","57232","17.3","37%","21.6","","Opened","7.383","230","Safe","Calm","0.0","64","10.5","3.0","1005.3","1017.2"
"2026-09-24","03:31:45","Clear","Dry","Dark","-2.5","16.3","3328","57232","17.4","37%","21.6","","Opened","7.474","230","Safe","Calm","0.0","64","10.5","3.0","1005.3","1017.1"
"2026-09-24","03:31:54","Clear","Dry","Dark","-2.4","16.3","3328","57232","17.4","37%","21.6","","Opened","7.301","230","Safe","Calm","0.0","64","10.5","3.1","1005.3","1017.1"
"2026-09-24","03:32:04","Clear","Dry","Dark","-2.5","16.3","3328","57232","17.4","37%","21.6","","Opened","7.374","230","Safe","Calm","0.0","64","10.5","3.0","1005.2","1017.1"
"2026-09-24","03:32:14","Clear","Dry","Dark","-2.6","16.3","3328","57232","17.4","37%","21.6","","Opened","7.304","230","Safe","Calm","0.0","64","10.5","3.0","1005.3","1017.2"
"2026-09-24","03:32:24","Clear","Dry","Dark","-2.7","16.3","3328","57232","17.4","37%","21.6","","Opened","7.389","230","Safe","Calm","0.0","64","10.4","2.9","1005.3","1017.1"
"2026-09-24","03:32:34","Clear","Dry","Dark","-2.7","16.3","3328","57232","17.4","37%","21.7","","Opened","7.325","230","Safe","Calm","0.0","64","10.4","2.9","1005.3","1017.1"
"2026-09-24","03:32:45","Clear","Dry","Dark","-2.7","16.3","3328","57232","17.4","37%","21.7","","Opened","7.419","230","Safe","Calm","0.0","64","10.4","2.9","1005.2","1017.1"
"2026-09-24","03:32:54","Clear","Dry","Dark","-2.8","16.3","3328","57232","17.4","37%","21.7","","Opened","7.350","230","Safe","Calm","0.6","64","10.4","2.8","1005.3","1017.1"
"2026-09-24","03:33:04","Clear","Dry","Dark","-2.7","16.3","3328","57232","17.4","37%","21.8","","Opened","7.293","230","Safe","Calm","0.6","64","10.4","2.9","1005.3","1017.1"
"2026-09-24","03:33:14","Clear","Dry","Dark","-2.8","16.3","3328","57232","17.4","37%","21.8","","Opened","7.350","230","Safe","Calm","0.6","64","10.4","2.8","1005.3","1017.1"
"2026-09-24","03:33:24","Clear","Dry","Dark","-2.6","16.3","3328","57232","17.4","37%","21.9","","Opened","7.307","230","Safe","Calm","0.6","64","10.4","2.9","1005.3","1017.1"
"2026-09-24","03:33:34","Clear","Dry","Dark","-2.7","16.3","3328","57232","17.4","37%","21.9","","Opened","7.373","230","Safe","Calm","0.6","63","10.4","2.9","1005.3","1017.1"
"2026-09-24","03:33:45","Clear","Dry","Dark","-2.6","16.3","3328","57232","17.4","37%","21.9","","Opened","7.451","230","Safe","Calm","0.6","64","10.4","2.9","1005.3","1017.1"
"2026-09-24","03:33:55","Clear","Dry","Dark","-2.6","16.3","3328","57232","17.4","37%","21.9","","Opened","7.370","230","Safe","Calm","0.0","63","10.4","3.0","1005.3","1017.1"
"2026-09-24","03:34:04","Clear","Dry","Dark","-2.6","16.2","3328","57232","17.4","37%","21.9","","Opened","7.321","230","Safe","Calm","0.0","63","10.4","3.0","1005.2","1017.1"
"2026-09-24","03:34:15","Clear","Dry","Dark","-2.7","16.2","3328","57232","17.4","37%","21.9","","Opened","7.387","230","Safe","Calm","0.0","63","10.4","3.0","1005.3","1017.1"
"2026-09-24","03:34:24","Clear","Dry","Dark","-2.7","16.3","3328","57232","17.4","37%","21.9","","Opened","7.335","230","Safe","Calm","0.0","63","10.4","2.9","1005.2","1017.1"
"2026-09-24","03:34:34","Clear","Dry","Dark","-2.7","16.3","3328","57232","17.4","37%","21.9","","Opened","7.285","230","Safe","Calm","0.0","63","10.4","2.9","1005.3","1017.1"
"2026-09-24","03:34:45","Clear","Dry","Dark","-2.7","16.3","3328","57232","17.4","37%","21.9","","Opened","7.498","230","Safe","Calm","0.0","63","10.4","2.9","1005.3","1017.1"
"2026-09-24","03:34:54","Clear","Dry","Dark","-2.7","16.2","3328","57232","17.4","37%","21.9","","Opened","7.308","230","Safe","Calm","0.0","63","10.4","2.9","1005.2","1017.1"
"2026-09-24","03:35:05","Clear","Dry","Dark","-2.6","16.2","3328","57232","17.4","37%","22.0","","Opened","7.359","230","Safe","Calm","0.0","63","10.3","3.0","1005.2","1017.1"
"2026-09-24","03:35:14","Clear","Dry","Dark","-2.5","16.3","3328","57232","17.4","37%","22.0","","Opened","7.294","230","Safe","Calm","0.0","63","10.3","3.1","1005.2","1017.1"
"2026-09-24","03:35:25","Clear","Dry","Dark","-2.6","16.3","3328","57232","17.4","37%","21.9","","Opened","7.361","230","Safe","Calm","0.0","63","10.3","3.0","1005.3","1017.2"
"2026-09-24","03:35:34","Clear","Dry","Dark","-2.6","16.3","3328","57232","17.4","37%","21.9","","Opened","7.305","230","Safe","Calm","0.0","63","10.3","3.0","1005.3","1017.1"
"2026-09-24","03:35:45","Clear","Dry","Dark","-2.7","16.3","3328","57232","17.4","37%","21.8","","Opened","7.514","230","Safe","Calm","0.0","63","10.3","3.0","1005.3","1017.1"
"2026-09-24","03:35:55","Clear","Dry","Dark","-2.6","16.3","3328","57232","17.4","37%","21.9","","Opened","7.327","230","Safe","Calm","0.0","63","10.3","3.0","1005.3","1017.1"
"2026-09-24","03:36:04","Clear","Dry","Dark","-2.6","16.3","3328","57232","17.4","37%","21.9","","Opened","7.272","230","Safe","Calm","0.0","63","10.3","3.0","1005.3","1017.1"
"2026-09-24","03:36:15","Clear","Dry","Dark","-2.8","16.3","3328","57232","17.4","37%","22.0","","Opened","7.334","230","Safe","Calm","0.0","63","10.3","2.8","1005.2","1017.1"
"2026-09-24","03:36:25","Clear","Dry","Dark","-2.6","16.3","3328","57232","17.4","37%","22.1","Heating DOWN","Opened","7.395","230","Safe","Calm","0.0","63","10.3","3.0","1005.3","1017.1"
"2026-09-24","03:36:34","Clear","Dry","Dark","-2.4","16.3","3213","57232","17.4","36%","22.0","","Opened","7.265","230","Safe","Calm","0.0","63","10.3","3.2","1005.3","1017.1"
"2026-09-24","03:36:45","Clear","Dry","Dark","-2.6","16.3","3322","57232","17.4","36%","22.1","Heating DOWN","Opened","7.604","230","Safe","Calm","0.6","63","10.3","3.0","1005.3","1017.1"
"2026-09-24","03:36:55","Clear","Dry","Dark","-2.7","16.3","3200","57232","17.4","35%","22.0","","Opened","7.358","230","Safe","Calm","0.6","63","10.3","2.9","1005.2","1017.1"
"2026-09-24","03:37:05","Clear","Dry","Dark","-2.6","16.3","3200","57232","17.4","35%","22.1","Heating DOWN","Opened","7.420","230","Safe","Calm","0.6","63","10.2","3.0","1005.3","1017.1"
"2026-09-24","03:37:15","Clear","Dry","Dark","-2.7","16.3","3200","57232","17.4","34%","22.1","Heating DOWN","Opened","7.402","230","Safe","Calm","0.6","63","10.2","2.9","1005.3","1017.1"
"2026-09-24","03:37:25","Clear","Dry","Dark","-2.8","16.3","3328","57232","17.4","33%","22.1","Heating DOWN","Opened","7.390","230","Safe","Calm","0.6","63","10.3","2.9","1005.3","1017.2"
"2026-09-24","03:37:35","Clear","Dry","Dark","-2.7","16.3","3200","57232","17.4","32%","22.2","Heating DOWN","Opened","7.494","230","Safe","Calm","0.6","63","10.3","2.9","1005.2","1017.1"
"2026-09-24","03:37:45","Clear","Dry","Dark","-2.6","16.3","3200","57232","17.4","31%","22.2","Heating DOWN","Opened","7.625","230","Safe","Calm","0.0","63","10.2","3.0","1005.3","1017.1"
"2026-09-24","03:37:55","Clear","Dry","Dark","-2.7","16.3","3200","57232","17.4","30%","22.2","Heating DOWN","Opened","7.480","230","Safe","Calm","0.0","63","10.2","3.0","1005.1","1017.0"
"2026-09-24","03:38:05","Clear","Dry","Dark","-2.7","16.3","3328","57232","17.4","29%","22.2","Heating DOWN","Opened","7.473","230","Safe","Calm","0.0","63","10.3","2.9","1005.2","1017.1"
"2026-09-24","03:38:15","Clear","Dry","Dark","-2.5","16.3","3200","57232","17.4","28%","22.1","","Opened","7.333","230","Safe","Calm","0.0","63","10.2","3.2","1005.2","1017.1"
"2026-09-24","03:38:24","Clear","Dry","Dark","-2.8","16.2","3200","57232","17.5","28%","21.9","","Opened","7.284","230","Safe","Calm","0.0","63","10.2","2.9","1005.3","1017.1"
"2026-09-24","03:38:35","Clear","Dry","Dark","-2.7","16.2","3200","57232","17.4","28%","21.8","","Opened","7.358","230","Safe","Calm","0.0","63","10.2","3.0","1005.3","1017.1"
"2026-09-24","03:38:45","Clear","Dry","Dark","-2.5","16.3","3200","57232","17.5","28%","21.6","","Opened","7.444","230","Safe","Calm","0.0","63","10.2","3.1","1005.2","1017.1"
"2026-09-24","03:38:55","Clear","Dry","Dark","-2.6","16.3","3200","57232","17.4","28%","21.6","","Opened","7.378","230","Safe","Calm","0.0","62","10.2","3.0","1005.2","1017.1"
"2026-09-24","03:39:05","Clear","Dry","Dark","-2.7","16.2","3200","57232","17.4","28%","21.6","","Opened","7.329","230","Safe","Calm","0.0","63","10.2","2.9","1005.2","1017.1"
"2026-09-24","03:39:14","Clear","Dry","Dark","-2.7","16.3","3200","57232","17.4","28%","21.5","","Opened","7.255","230","Safe","Calm","0.0","63","10.2","2.9","1005.3","1017.1"
"2026-09-24","03:39:25","Clear","Dry","Dark","-2.7","16.2","3200","57232","17.4","28%","21.5","","Opened","7.339","230","Safe","Calm","0.0","63","10.2","2.9","1005.2","1017.1"
"2026-09-24","03:39:34","Clear","Dry","Dark","-2.9","16.2","3200","57232","17.4","28%","21.5","","Opened","7.289","230","Safe","Calm","0.0","63","10.2","2.8","1005.3","1017.1"
"2026-09-24","03:39:45","Clear","Dry","Dark","-2.5","16.2","3200","57232","17.4","28%","21.5","","Opened","7.499","230","Safe","Calm","0.0","63","10.2","3.1","1005.2","1017.1"
"2026-09-24","03:39:55","Clear","Dry","Dark","-2.9","16.2","3200","57232","17.4","28%","21.5","","Opened","7.302","230","Safe","Calm","0.0","63","10.2","2.7","1005.2","1017.1"
"2026-09-24","03:40:05","Clear","Dry","Dark","-2.8","16.2","3200","57232","17.4","28%","21.4","Heating UP","Opened","7.498","230","Safe","Calm","0.0","63","10.2","2.7","1005.3","1017.1"
"2026-09-24","03:40:15","Clear","Dry","Dark","-2.8","16.2","3328","57232","17.4","29%","21.3","Heating UP","Opened","7.480","230","Safe","Calm","0.0","63","10.2","2.7","1005.2","1017.1"
"2026-09-24","03:40:25","Clear","Dry","Dark","-2.8","16.1","3200","57232","17.4","30%","21.2","Heating UP","Opened","7.470","230","Safe","Calm","0.0","63","10.2","2.8","1005.2","1017.1"
"2026-09-24","03:40:35","Clear","Dry","Dark","-2.7","16.2","3200","57232","17.4","31%","21.1","Heating UP","Opened","7.453","230","Safe","Calm","0.0","63","10.2","2.8","1005.3","1017.1"
"2026-09-24","03:40:45","Clear","Dry","Dark","-2.7","16.2","3328","57232","17.4","33%","21.0","Heating UP","Opened","7.581","230","Safe","Calm","0.0","63","10.2","2.8","1005.2","1017.1"
"2026-09-24","03:40:55","Clear","Dry","Dark","-2.8","16.1","3200","57232","17.3","35%","21.0","Heating UP","Opened","7.423","230","Safe","Calm","0.0","63","10.2","2.7","1005.2","1017.1"
"2026-09-24","03:41:04","Clear","Dry","Dark","-2.8","16.1","3328","57232","17.3","37%","21.1","","Opened","7.286","230","Safe","Calm","0.0","63","10.2","2.7","1005.2","1017.1"
"2026-09-24","03:41:15","Clear","Dry","Dark","-2.9","16.1","3328","57232","17.3","37%","21.2","","Opened","7.341","230","Safe","Calm","0.0","63","10.1","2.6","1005.2","1017.1"
"2026-09-24","03:41:25","Clear","Dry","Dark","-2.9","16.0","3328","57232","17.3","37%","21.1","Heating UP","Opened","7.391","230","Safe","Calm","0.0","63","10.2","2.7","1005.1","1017.0"
"2026-09-24","03:41:35","Clear","Dry","Dark","-2.9","16.0","3200","57232","17.3","39%","21.2","","Opened","7.388","230","Safe","Calm","0.0","63","10.2","2.6","1005.1","1017.0"
"2026-09-24","03:41:45","Clear","Dry","Dark","-2.8","16.0","3200","57232","17.3","39%","21.2","Heating UP","Opened","7.593","230","Safe","Calm","0.0","63","10.2","2.8","1005.2","1017.1"
"2026-09-24","03:41:55","Clear","Dry","Dark","-2.7","16.0","3200","57232","17.3","40%","21.2","Heating UP","Opened","7.449","230","Safe","Calm","0.0","63","10.1","2.8","1005.3","1017.1"
"2026-09-24","03:42:05","Clear","Dry","Dark","-2.7","16.0","3328","57232","17.3","41%","21.2","Heating UP","Opened","7.442","230","Safe","Calm","0.0","63","10.1","2.8","1005.2","1017.1"
"2026-09-24","03:42:15","Clear","Dry","Dark","-2.7","16.0","3200","57232","17.3","42%","21.3","","Opened","7.301","230","Safe","Calm","0.0","63","10.1","2.8","1005.2","1017.1"
"2026-09-24","03:42:25","Clear","Dry","Dark","-2.5","16.0","3200","57232","17.2","42%","21.3","","Opened","7.367","230","Safe","Calm","0.0","63","10.1","2.9","1005.1","1017.0"
"2026-09-24","03:42:35","Clear","Dry","Dark","-2.8","15.9","3200","57232","17.2","42%","21.3","","Opened","7.314","230","Safe","Calm","0.0","63","10.1","2.7","1005.1","1017.0"
"2026-09-24","03:42:45","Clear","Dry","Dark","-2.7","15.9","3200","57232","17.2","42%","21.4","","Opened","7.515","230","Safe","Calm","0.0","63","10.1","2.8","1005.1","1017.0"
"2026-09-24","03:42:55","Clear","Dry","Dark","-2.6","16.0","3200","57232","17.2","42%","21.3","","Opened","7.335","230","Safe","Calm","0.0","63","10.1","2.9","1005.1","1017.0"
"2026-09-24","03:43:05","Clear","Dry","Dark","-2.6","15.9","3200","57232","17.2","42%","21.3","","Opened","7.280","230","Safe","Calm","0.0","63","10.0","2.9","1005.1","1017.0"
"2026-09-24","03:43:15","Clear","Dry","Dark","-2.7","15.9","3200","57232","17.2","42%","21.4","","Opened","7.345","230","Safe","Calm","0.0","63","10.0","2.8","1005.1","1017.0"
"2026-09-24","03:43:25","Clear","Dry","Dark","-2.7","15.9","3200","57232","17.2","42%","21.4","","Opened","7.275","230","Safe","Calm","0.0","63","10.0","2.8","1005.1","1017.0"
"2026-09-24","03:43:35","Clear","Dry","Dark","-2.6","15.9","3200","57232","17.1","42%","21.4","","Opened","7.340","230","Safe","Calm","0.0","63","10.0","2.8","1005.2","1017.1"
"2026-09-24","03:43:45","Clear","Dry","Dark","-2.7","15.9","3200","57232","17.2","42%","21.4","","Opened","7.438","230","Safe","Calm","0.0","63","10.0","2.7","1005.1","1017.0"
"2026-09-24","03:43:55","Clear","Dry","Dark","-2.6","15.9","3200","57232","17.1","42%","21.4","","Opened","7.356","230","Safe","Calm","0.0","63","10.0","2.8","1005.2","1017.1"
"2026-09-24","03:44:05","Clear","Dry","Dark","-2.7","15.9","3200","57232","17.1","42%","21.5","","Opened","7.287","230","Safe","Calm","0.0","63","10.0","2.7","1005.1","1017.0"
"2026-09-24","03:44:15","Clear","Dry","Dark","-2.5","15.9","3200","57232","17.1","42%","21.5","","Opened","7.351","230","Safe","Calm","0.0","63","10.0","2.9","1005.2","1017.1"
"2026-09-24","03:44:25","Clear","Dry","Dark","-2.8","15.9","3200","57232","17.1","42%","21.5","","Opened","7.310","230","Safe","Calm","0.0","63","10.0","2.6","1005.2","1017.1"
"2026-09-24","03:44:35","Clear","Dry","Dark","-2.6","15.9","3200","57232","17.1","42%","21.5","","Opened","7.383","230","Safe","Calm","0.6","63","10.0","2.8","1005.1","1017.0"
"2026-09-24","03:44:45","Clear","Dry","Dark","-2.5","15.9","3200","57232","17.1","42%","21.5","","Opened","7.531","230","Safe","Calm","1.4","63","10.0","2.9","1005.1","1017.0"
"2026-09-24","03:44:55","Clear","Dry","Dark","-2.5","15.9","3200","57232","17.1","42%","21.5","","Opened","7.277","230","Safe","Calm","2.2","63","10.0","2.9","1005.1","1017.0"
"2026-09-24","03:45:05","Clear","Dry","Dark","-2.6","15.9","3200","57232","17.1","42%","21.6","","Opened","7.357","230","Safe","Calm","3.1","63","10.0","2.8","1005.2","1017.1"
"2026-09-24","03:45:15","Clear","Dry","Dark","-2.7","15.8","3200","57232","17.1","42%","21.7","","Opened","7.298","230","Safe","Calm","3.9","63","10.0","2.7","1005.1","1017.0"
"2026-09-24","03:45:25","Clear","Dry","Dark","-2.8","15.8","3200","57232","17.0","42%","21.7","Heating DOWN","Opened","7.490","230","Safe","Calm","4.7","63","10.0","2.5","1005.1","1017.0"
"2026-09-24","03:45:35","Clear","Dry","Dark","-2.8","15.8","3328","57232","17.0","41%","21.7","Heating DOWN","Opened","7.472","230","Safe","Calm","4.8","63","10.0","2.6","1005.1","1017.0"
"2026-09-24","03:45:45","Clear","Dry","Dark","-2.6","15.8","3200","57232","17.0","40%","21.6","","Opened","7.503","230","Safe","Calm","4.7","64","10.0","2.7","1005.1","1017.0"
"2026-09-24","03:45:55","Clear","Dry","Dark","-2.6","15.8","3200","57232","17.0","40%","21.6","","Opened","7.290","230","Safe","Calm","3.9","64","10.0","2.7","1005.1","1017.0"
"2026-09-24","03:46:05","Clear","Dry","Dark","-2.4","15.8","3328","57232","17.0","40%","21.7","Heating DOWN","Opened","7.473","230","Safe","Calm","3.0","63","10.0","2.9","1005.1","1017.0"
"2026-09-24","03:46:15","Clear","Dry","Dark","-2.5","15.9","3200","57232","17.0","39%","21.7","Heating DOWN","Opened","7.430","230","Safe","Calm","2.2","63","10.0","2.8","1005.1","1017.0"
"2026-09-24","03:46:25","Clear","Dry","Dark","-2.4","15.9","3200","57232","17.0","38%","21.6","","Opened","7.304","230","Safe","Calm","1.4","64","10.0","2.9","1005.1","1017.0"
"2026-09-24","03:46:35","Clear","Dry","Dark","-2.3","15.9","3200","57232","17.0","38%","21.6","Heating DOWN","Opened","7.482","230","Safe","Calm","0.6","63","10.0","3.0","1005.2","1017.1"
"2026-09-24","03:46:45","Clear","Dry","Dark","-2.4","15.9","3328","57232","17.0","37%","21.6","","Opened","7.492","230","Safe","Calm","0.0","63","10.0","2.9","1005.1","1017.0"
"2026-09-24","03:46:55","Clear","Dry","Dark","-2.2","16.0","3328","57232","17.0","37%","21.6","Heating DOWN","Opened","7.426","230","Safe","Calm","0.0","63","9.9","3.1","1005.2","1017.1"
"2026-09-24","03:47:05","Clear","Dry","Dark","-2.4","16.0","3328","57232","17.0","36%","21.6","Heating DOWN","Opened","7.405","230","Safe","Calm","0.0","63","9.9","3.0","1005.1","1017.0"
"2026-09-24","03:47:15","Clear","Dry","Dark","-2.1","16.0","3200","57232","17.0","35%","21.5","","Opened","7.271","230","Safe","Calm","0.0","63","10.0","3.2","1005.1","1017.0"
"2026-09-24","03:47:25","Clear","Dry","Dark","-2.4","16.0","3200","57232","17.0","35%","21.4","","Opened","7.345","230","Safe","Calm","0.0","63","10.0","2.9","1005.1","1017.0"
"2026-09-24","03:47:35","Clear","Dry","Dark","-2.3","16.0","3200","57232","17.0","35%","21.4","","Opened","7.286","230","Safe","Calm","0.0","63","9.9","3.0","1005.1","1017.0"
"2026-09-24","03:47:45","Clear","Dry","Dark","-2.4","16.0","3200","57232","17.0","35%","21.4","","Opened","7.498","230","Safe","Calm","0.0","63","9.9","3.0","1005.1","1017.0"
"2026-09-24","03:47:55","Clear","Dry","Dark","-2.3","16.0","3200","57232","17.0","35%","21.4","","Opened","7.311","230","Safe","Calm","0.0","63","9.9","3.0","1005.2","1017.1"
"2026-09-24","03:48:05","Clear","Dry","Dark","-2.4","16.0","3200","57232","17.0","35%","21.3","","Opened","7.369","230","Safe","Calm","0.0","63","9.9","2.9","1005.1","1017.0"
"2026-09-24","03:48:15","Clear","Dry","Dark","-2.3","16.0","3200","57232","17.0","35%","21.3","","Opened","7.308","230","Safe","Calm","0.0","63","9.9","3.0","1005.1","1017.0"
"2026-09-24","03:48:25","Clear","Dry","Dark","-2.5","16.0","3200","57232","17.0","35%","21.4","","Opened","7.384","230","Safe","Calm","0.0","63","10.0","2.8","1005.1","1017.0"
"2026-09-24","03:48:35","Clear","Dry","Dark","-2.4","16.0","3200","57232","17.0","35%","21.4","","Opened","7.349","230","Safe","Calm","0.0","63","10.0","3.0","1005.2","1017.1"
"2026-09-24","03:48:45","Clear","Dry","Dark","-2.3","16.0","3200","57232","17.0","35%","21.4","","Opened","7.439","230","Safe","Calm","0.0","63","10.0","3.0","1005.2","1017.1"
"2026-09-24","03:48:55","Clear","Dry","Dark","-2.4","16.0","3200","57232","17.0","35%","21.4","","Opened","7.359","230","Safe","Calm","0.0","63","10.0","3.0","1005.2","1017.1"
"2026-09-24","03:49:05","Clear","Dry","Dark","-2.3","16.0","3200","57232","17.0","35%","21.3","","Opened","7.302","230","Safe","Calm","0.0","63","10.0","3.0","1005.1","1017.0"
"2026-09-24","03:49:15","Clear","Dry","Dark","-2.3","16.0","3200","57232","17.0","35%","21.3","","Opened","7.369","230","Safe","Calm","0.0","63","10.0","3.0","1005.1","1017.0"
"2026-09-24","03:49:25","Clear","Dry","Dark","-2.2","16.1","3200","57232","17.0","35%","21.3","","Opened","7.311","230","Safe","Calm","0.0","63","9.9","3.1","1005.2","1017.1"
"2026-09-24","03:49:35","Clear","Dry","Dark","-2.3","16.1","3200","57232","17.0","35%","21.3","","Opened","7.387","230","Safe","Calm","0.0","63","10.0","3.0","1005.1","1017.0"
"2026-09-24","03:49:45","Clear","Dry","Dark","-2.5","16.1","3200","57232","17.0","35%","21.3","","Opened","7.474","230","Safe","Calm","0.0","63","10.0","2.8","1005.2","1017.1"
"2026-09-24","03:49:55","Clear","Dry","Dark","-2.6","16.1","3200","57232","17.0","35%","21.4","","Opened","7.274","230","Safe","Calm","0.0","63","9.9","2.8","1005.1","1017.0"
"2026-09-24","03:50:05","Clear","Dry","Dark","-2.4","16.0","3200","57232","17.0","35%","21.5","","Opened","7.354","230","Safe","Calm","0.0","63","10.0","2.9","1005.1","1017.0"
"2026-09-24","03:50:15","Clear","Dry","Dark","-2.5","16.0","3200","57232","17.0","35%","21.4","","Opened","7.282","230","Safe","Calm","0.0","63","10.0","2.9","1005.2","1017.1"
"2026-09-24","03:50:25","Clear","Dry","Dark","-2.3","16.1","3200","57232","17.0","35%","21.3","","Opened","7.372","230","Safe","Calm","0.0","63","10.0","3.1","1005.1","1017.0"
"2026-09-24","03:50:35","Clear","Dry","Dark","-2.5","16.1","3200","57232","17.0","35%","21.3","","Opened","7.312","230","Safe","Calm","0.0","63","9.9","2.9","1005.1","1017.0"
"2026-09-24","03:50:45","Clear","Dry","Dark","-2.5","16.1","3200","57232","17.0","35%","21.3","","Opened","7.532","230","Safe","Calm","0.0","63","10.0","2.9","1005.1","1017.0"
"2026-09-24","03:50:55","Clear","Dry","Dark","-2.4","16.0","3200","57232","17.0","35%","21.3","","Opened","7.333","230","Safe","Calm","0.0","63","10.0","3.0","1005.2","1017.1"
"2026-09-24","03:51:05","Clear","Dry","Dark","-2.6","16.0","3200","57232","17.0","35%","21.3","","Opened","7.270","230","Safe","Calm","0.0","63","10.0","2.7","1005.1","1017.0"
"2026-09-24","03:51:15","Clear","Dry","Dark","-2.4","16.0","3200","57232","17.0","35%","21.4","","Opened","7.350","230","Safe","Calm","0.0","63","10.0","2.9","1005.1","1017.0"
"2026-09-24","03:51:25","Clear","Dry","Dark","-2.7","16.0","3200","57232","17.0","35%","21.4","","Opened","7.290","230","Safe","Calm","0.0","63","10.0","2.7","1005.1","1017.0"
"2026-09-24","03:51:35","Clear","Dry","Dark","-2.5","16.0","3200","57232","17.0","35%","21.3","","Opened","7.365","230","Safe","Calm","0.0","63","10.0","2.8","1005.2","1017.1"
"2026-09-24","03:51:45","Clear","Dry","Dark","-2.5","16.0","3200","57232","17.0","35%","21.4","","Opened","7.504","230","Safe","Calm","0.0","63","10.0","2.9","1005.2","1017.1"
"2026-09-24","03:51:55","Clear","Dry","Dark","-2.5","16.1","3200","57232","17.0","35%","21.3","","Opened","7.387","230","Safe","Calm","0.0","63","10.0","2.9","1005.3","1017.1"
"2026-09-24","03:52:05","Clear","Dry","Dark","-2.4","16.0","3200","57232","17.0","35%","21.3","","Opened","7.335","230","Safe","Calm","0.0","63","10.0","2.9","1005.1","1017.0"
"2026-09-24","03:52:15","Clear","Dry","Dark","-2.5","16.0","3200","57232","17.0","35%","21.3","","Opened","7.279","230","Safe","Calm","0.0","63","10.0","2.8","1005.2","1017.1"
"2026-09-24","03:52:25","Clear","Dry","Dark","-2.5","16.0","3200","57232","17.0","35%","21.3","","Opened","7.349","230","Safe","Calm","0.0","63","10.0","2.9","1005.2","1017.1"
"2026-09-24","03:52:35","Clear","Dry","Dark","-2.5","16.0","3200","57232","17.0","35%","21.4","","Opened","7.302","230","Safe","Calm","0.0","63","9.9","2.8","1005.3","1017.1"
"2026-09-24","03:52:45","Clear","Dry","Dark","-2.6","16.0","3200","57232","17.0","35%","21.4","","Opened","7.502","230","Safe","Calm","0.0","63","10.0","2.7","1005.1","1017.0"
"2026-09-24","03:52:55","Clear","Dry","Dark","-2.5","16.0","3200","57232","17.0","35%","21.4","","Opened","7.310","230","Safe","Calm","0.0","63","9.9","2.8","1005.3","1017.1"
"2026-09-24","03:53:05","Clear","Dry","Dark","-2.6","16.0","3200","57232","17.0","35%","21.5","","Opened","7.389","230","Safe","Calm","0.0","63","10.0","2.7","1005.1","1017.0"
"2026-09-24","03:53:15","Clear","Dry","Dark","-2.4","16.0","3200","57232","17.0","35%","21.5","","Opened","7.331","230","Safe","Calm","0.0","63","10.0","2.9","1005.2","1017.1"
"2026-09-24","03:53:25","Clear","Dry","Dark","-2.6","16.0","3200","57232","17.0","35%","21.5","","Opened","7.281","230","Safe","Calm","0.0","63","10.0","2.8","1005.2","1017.1"
"2026-09-24","03:53:35","Clear","Dry","Dark","-2.5","16.0","3200","57232","17.0","35%","21.5","","Opened","7.340","230","Safe","Calm","0.0","63","10.0","2.8","1005.2","1017.1"
"2026-09-24","03:53:45","Clear","Dry","Dark","-2.6","16.0","3200","57232","17.0","35%","21.5","","Opened","7.431","230","Safe","Calm","0.0","63","10.0","2.7","1005.2","1017.1"
"2026-09-24","03:53:55","Clear","Dry","Dark","-2.6","16.0","3200","57232","17.0","35%","21.5","","Opened","7.380","230","Safe","Calm","0.0","63","10.0","2.8","1005.3","1017.1"
"2026-09-24","03:54:05","Clear","Dry","Dark","-2.4","15.9","3200","57232","17.0","35%","21.6","","Opened","7.323","230","Safe","Calm","0.0","63","10.0","2.9","1005.2","1017.1"
"2026-09-24","03:54:15","Clear","Dry","Dark","-2.4","15.9","3200","57232","17.0","35%","21.5","","Opened","7.385","230","Safe","Calm","0.0","63","10.0","2.9","1005.2","1017.1"
"2026-09-24","03:54:25","Clear","Dry","Dark","-2.4","15.9","3200","57232","17.0","35%","21.6","","Opened","7.342","230","Safe","Calm","0.0","63","10.0","2.9","1005.2","1017.1"
"2026-09-24","03:54:35","Clear","Dry","Dark","-2.5","15.9","3200","57232","17.0","35%","21.6","","Opened","7.274","230","Safe","Calm","0.0","63","10.0","2.8","1005.1","1017.0"
"2026-09-24","03:54:45","Clear","Dry","Dark","-2.6","15.9","3200","57232","17.0","35%","21.6","","Opened","7.469","230","Safe","Calm","0.0","63","10.0","2.7","1005.1","1017.0"
"2026-09-24","03:54:55","Clear","Dry","Dark","-2.4","15.9","3200","57232","17.0","35%","21.6","Heating DOWN","Opened","7.406","230","Safe","Calm","0.0","64","10.0","2.9","1005.2","1017.1"
"2026-09-24","03:55:05","Clear","Dry","Dark","-2.5","15.9","3200","57232","17.0","34%","21.5","","Opened","7.272","230","Safe","Calm","0.0","64","10.0","2.8","1005.2","1017.1"
"2026-09-24","03:55:15","Clear","Dry","Dark","-2.5","15.9","3200","57232","16.9","34%","21.4","","Opened","7.356","230","Safe","Calm","0.0","64","10.0","2.8","1005.1","1017.0"
"2026-09-24","03:55:25","Clear","Dry","Dark","-2.5","15.9","3200","57232","16.9","34%","21.4","","Opened","7.290","230","Safe","Calm","0.0","64","10.1","2.8","1005.1","1017.0"
"2026-09-24","03:55:35","Clear","Dry","Dark","-2.5","16.0","3200","57232","16.9","34%","21.3","","Opened","7.372","230","Safe","Calm","0.0","64","10.0","2.8","1005.1","1017.0"
"2026-09-24","03:55:45","Clear","Dry","Dark","-2.5","15.9","3200","57232","16.9","34%","21.3","","Opened","7.451","230","Safe","Calm","0.0","64","10.1","2.7","1005.3","1017.1"
"2026-09-24","03:55:55","Clear","Dry","Dark","-2.5","15.9","3200","57232","16.9","34%","21.4","","Opened","7.269","230","Safe","Calm","0.0","64","10.1","2.8","1005.2","1017.1"
"2026-09-24","03:56:05","Clear","Dry","Dark","-2.4","15.9","3200","57232","17.0","34%","21.3","","Opened","7.322","230","Safe","Calm","0.0","64","10.1","2.9","1005.3","1017.1"
"2026-09-24","03:56:15","Clear","Dry","Dark","-2.3","15.9","3200","57232","16.9","34%","21.3","","Opened","7.266","230","Safe","Calm","0.0","64","10.1","2.9","1005.2","1017.1"
"2026-09-24","03:56:25","Clear","Dry","Dark","-2.6","15.9","3200","57232","16.9","34%","21.3","","Opened","7.343","230","Safe","Calm","0.0","64","10.1","2.7","1005.3","1017.1"
"2026-09-24","03:56:35","Clear","Dry","Dark","-2.6","15.9","3200","57232","16.9","34%","21.3","","Opened","7.280","230","Safe","Calm","0.0","64","10.1","2.7","1005.2","1017.1"
"2026-09-24","03:56:45","Clear","Dry","Dark","-2.5","15.9","3200","57232","16.9","34%","21.2","","Opened","7.496","230","Safe","Calm","0.0","64","10.1","2.8","1005.1","1017.0"
"2026-09-24","03:56:55","Clear","Dry","Dark","-2.4","15.9","3200","57232","16.9","34%","21.2","","Opened","7.315","230","Safe","Calm","0.0","65","10.2","2.8","1005.3","1017.2"
"2026-09-24","03:57:05","Clear","Dry","Dark","-2.5","15.9","3200","57232","16.9","34%","21.2","","Opened","7.385","230","Safe","Calm","0.0","65","10.2","2.8","1005.2","1017.1"
"2026-09-24","03:57:15","Clear","Dry","Dark","-2.5","15.9","3200","57232","16.9","34%","21.2","","Opened","7.326","230","Safe","Calm","0.0","65","10.2","2.8","1005.2","1017.1"
"2026-09-24","03:57:25","Clear","Dry","Dark","-2.5","15.9","3200","57232","16.9","34%","21.2","","Opened","7.274","230","Safe","Calm","0.0","65","10.2","2.8","1005.2","1017.1"
"2026-09-24","03:57:35","Clear","Dry","Dark","-2.4","15.9","3200","57232","16.9","34%","21.1","","Opened","7.340","230","Safe","Calm","0.0","65","10.2","2.8","1005.1","1017.0"
"2026-09-24","03:57:45","Clear","Dry","Dark","-2.6","15.9","3200","57232","16.9","34%","21.1","","Opened","7.415","230","Safe","Calm","0.0","65","10.2","2.7","1005.1","1017.0"
"2026-09-24","03:57:55","Clear","Dry","Dark","-2.4","15.9","3200","57232","16.9","34%","21.1","","Opened","7.371","230","Safe","Calm","0.0","65","10.2","2.8","1005.2","1017.1"
"2026-09-24","03:58:05","Clear","Dry","Dark","-2.5","15.9","3200","57232","16.9","34%","21.1","","Opened","7.306","230","Safe","Calm","0.0","65","10.2","2.7","1005.1","1017.0"
"2026-09-24","03:58:15","Clear","Dry","Dark","-2.5","15.9","3200","57232","16.9","34%","21.1","","Opened","7.383","230","Safe","Calm","0.0","65","10.2","2.7","1005.2","1017.1"
"2026-09-24","03:58:25","Clear","Dry","Dark","-2.5","15.9","3200","57232","16.9","34%","21.1","","Opened","7.322","230","Safe","Calm","0.0","65","10.2","2.7","1005.1","1017.0"
"2026-09-24","03:58:35","Clear","Dry","Dark","-2.5","15.9","3200","57232","16.8","34%","21.1","","Opened","7.280","230","Safe","Calm","0.0","65","10.2","2.7","1005.1","1017.0"
"2026-09-24","03:58:45","Clear","Dry","Dark","-2.6","15.8","3200","57232","16.8","34%","21.1","","Opened","7.489","230","Safe","Calm","0.0","65","10.2","2.6","1005.2","1017.1"
"2026-09-24","03:58:55","Clear","Dry","Dark","-2.6","15.8","3200","57232","16.8","34%","21.0","","Opened","7.295","230","Safe","Calm","0.0","65","10.2","2.7","1005.1","1017.0"
"2026-09-24","03:59:05","Clear","Dry","Dark","-2.6","15.8","3200","57232","16.8","34%","20.9","","Opened","7.366","230","Safe","Calm","0.0","65","10.2","2.6","1005.1","1017.0"
"2026-09-24","03:59:15","Clear","Dry","Dark","-2.6","15.8","3200","57232","16.8","34%","20.9","","Opened","7.308","230","Safe","Calm","0.0","65","10.3","2.6","1005.1","1017.0"
"2026-09-24","03:59:25","Clear","Dry","Dark","-2.6","15.8","3200","57232","16.8","34%","20.8","Heating UP","Opened","7.502","230","Safe","Calm","0.0","65","10.3","2.6","1005.2","1017.1"
"2026-09-24","03:59:35","Clear","Dry","Dark","-2.6","15.8","3200","57232","16.8","35%","20.8","Heating UP","Opened","7.498","230","Safe","Calm","0.0","65","10.3","2.7","1005.1","1017.0"
"2026-09-24","03:59:45","Clear","Dry","Dark","-2.6","15.8","3200","57232","16.8","36%","20.7","Heating UP","Opened","7.629","230","Safe","Calm","0.0","65","10.3","2.6","1005.2","1017.1"
"2026-09-24","03:59:55","Clear","Dry","Dark","-2.5","15.8","3328","57232","16.8","37%","20.7","Heating UP","Opened","7.497","230","Safe","Calm","0.0","66","10.3","2.7","1005.2","1017.1"
"2026-09-24","04:00:05","Clear","Dry","Dark","-2.6","15.7","3200","57232","16.7","38%","20.7","Heating UP","Opened","7.484","230","Safe","Calm","0.0","66","10.2","2.6","1005.1","1017.0"
"2026-09-24","04:00:15","Clear","Dry","Dark","-2.5","15.7","3200","57232","16.7","39%","20.7","Heating UP","Opened","7.469","230","Safe","Calm","0.0","66","10.3","2.7","1005.1","1017.0"
"2026-09-24","04:00:25","Clear","Dry","Dark","-2.6","15.7","3200","57232","16.7","40%","20.8","","Opened","7.337","230","Safe","Calm","0.0","66","10.3","2.6","1005.1","1017.0"
"2026-09-24","04:00:35","Clear","Dry","Dark","-2.6","15.7","3200","57232","16.7","40%","20.8","","Opened","7.290","230","Safe","Calm","0.0","66","10.3","2.6","1005.2","1017.1"
"2026-09-24","04:00:45","Clear","Dry","Dark","-2.5","15.7","3200","57232","16.7","40%","20.9","","Opened","7.500","230","Safe","Calm","0.0","66","10.3","2.6","1005.1","1017.0"
"2026-09-24","04:00:55","Clear","Dry","Dark","-2.5","15.7","3200","57232","16.7","40%","20.9","","Opened","7.300","230","Safe","Calm","0.0","66","10.3","2.6","1005.2","1017.1"
"2026-09-24","04:01:05","Clear","Dry","Dark","-2.5","15.7","3200","57232","16.7","40%","21.0","","Opened","7.373","230","Safe","Calm","0.0","66","10.3","2.6","1005.1","1017.0"
"2026-09-24","04:01:15","Clear","Dry","Dark","-2.3","15.7","3200","57232","16.7","40%","21.1","","Opened","7.310","230","Safe","Calm","0.0","66","10.3","2.8","1005.1","1017.0"
"2026-09-24","04:01:25","Clear","Dry","Dark","-2.4","15.7","3200","57232","16.7","40%","21.1","","Opened","7.380","230","Safe","Calm","0.0","66","10.3","2.7","1005.2","1017.1"
"2026-09-24","04:01:35","Clear","Dry","Dark","-2.5","15.7","3200","57232","16.7","40%","21.1","","Opened","7.333","230","Safe","Calm","0.0","66","10.3","2.6","1005.1","1017.0"
"2026-09-24","04:01:45","Clear","Dry","Dark","-2.4","15.7","3200","57232","16.7","40%","21.1","","Opened","7.415","230","Safe","Calm","0.0","66","10.3","2.7","1005.1","1017.0"
"2026-09-24","04:01:55","Clear","Dry","Dark","-2.6","15.7","3200","57232","16.7","40%","21.2","","Opened","7.344","230","Safe","Calm","0.0","66","10.3","2.5","1005.1","1017.0"
"2026-09-24","04:02:05","Clear","Dry","Dark","-2.3","15.7","3200","57232","16.7","40%","21.1","","Opened","7.293","230","Safe","Calm","0.0","66","10.3","2.8","1005.1","1017.0"
"2026-09-24","04:02:15","Clear","Dry","Dark","-2.4","15.7","3200","57232","16.6","40%","21.1","","Opened","7.361","230","Safe","Calm","0.0","66","10.3","2.7","1005.1","1017.0"
"2026-09-24","04:02:25","Clear","Dry","Dark","-2.5","15.6","3200","57232","16.6","40%","21.1","","Opened","7.313","230","Safe","Calm","0.0","66","10.3","2.6","1005.1","1017.0"
"2026-09-24","04:02:35","Clear","Dry","Dark","-2.5","15.6","3200","57232","16.6","40%","21.2","","Opened","7.393","230","Safe","Calm","0.0","66","10.3","2.6","1005.1","1017.0"
"2026-09-24","04:02:45","Clear","Dry","Dark","-2.5","15.6","3200","57232","16.6","40%","21.3","Heating DOWN","Opened","7.558","230","Safe","Calm","0.0","66","10.2","2.6","1005.1","1017.0"
"2026-09-24","04:02:55","Clear","Dry","Dark","-2.1","15.6","3200","57232","16.6","39%","21.3","Heating DOWN","Opened","7.429","230","Safe","Calm","0.0","66","10.3","2.9","1005.1","1017.0"
"2026-09-24","04:03:05","Clear","Dry","Dark","-2.5","15.7","3200","57232","16.6","38%","21.3","Heating DOWN","Opened","7.395","230","Safe","Calm","0.0","66","10.2","2.6","1005.0","1016.9"
"2026-09-24","04:03:15","Clear","Dry","Dark","-2.5","15.7","3328","57232","16.6","37%","21.3","Heating DOWN","Opened","7.381","230","Safe","Calm","0.0","66","10.3","2.6","1005.1","1017.0"
"2026-09-24","04:03:25","Clear","Dry","Dark","-2.4","15.7","3200","57232","16.6","36%","21.3","Heating DOWN","Opened","7.498","230","Safe","Calm","0.0","66","10.2","2.6","1005.1","1017.0"
"2026-09-24","04:03:35","Clear","Dry","Dark","-2.6","15.7","3200","57232","16.6","35%","21.3","Heating DOWN","Opened","7.483","230","Safe","Calm","0.0","66","10.2","2.5","1005.1","1017.0"
"2026-09-24","04:03:45","Clear","Dry","Dark","-2.5","15.6","3200","57232","16.6","34%","21.3","Heating DOWN","Opened","7.616","230","Safe","Calm","0.0","66","10.2","2.5","1005.0","1016.9"
"2026-09-24","04:03:55","Clear","Dry","Dark","-2.6","15.6","3328","57232","16.6","33%","21.3","Heating DOWN","Opened","7.470","230","Safe","Calm","0.0","66","10.2","2.5","1005.0","1016.9"
"2026-09-24","04:04:05","Clear","Dry","Dark","-2.6","15.6","3200","57232","16.6","32%","21.3","Heating DOWN","Opened","7.439","230","Safe","Calm","0.0","66","10.2","2.5","1005.1","1017.0"
"2026-09-24","04:04:15","Clear","Dry","Dark","-2.5","15.6","3200","57232","16.6","31%","21.2","","Opened","7.320","230","Safe","Calm","0.0","66","10.2","2.6","1005.0","1016.9"
"2026-09-24","04:04:25","Clear","Dry","Dark","-2.5","15.6","3200","57232","16.6","31%","21.2","","Opened","7.393","230","Safe","Calm","0.0","66","10.3","2.6","1005.0","1016.9"
"2026-09-24","04:04:35","Clear","Dry","Dark","-2.6","15.6","3200","57232","16.5","31%","21.1","","Opened","7.339","230","Safe","Calm","0.0","66","10.2","2.5","1005.0","1016.9"
"2026-09-24","04:04:45","Clear","Dry","Dark","-2.6","15.6","3200","57232","16.6","31%","21.0","","Opened","7.423","230","Safe","Calm","0.0","66","10.3","2.5","1005.0","1016.9"
"2026-09-24","04:04:55","Clear","Dry","Dark","-2.5","15.5","3200","57232","16.5","31%","21.0","","Opened","7.369","230","Safe","Calm","0.0","66","10.3","2.5","1005.0","1016.9"
"2026-09-24","04:05:05","Clear","Dry","Dark","-2.6","15.5","3200","57232","16.5","31%","20.9","","Opened","7.303","230","Safe","Calm","0.0","66","10.3","2.4","1004.9","1016.8"
"2026-09-24","04:05:15","Clear","Dry","Dark","-2.6","15.5","3200","57232","16.5","31%","20.9","","Opened","7.376","230","Safe","Calm","0.0","66","10.2","2.4","1005.0","1016.9"
"2026-09-24","04:05:25","Clear","Dry","Dark","-2.5","15.5","3200","57232","16.5","31%","20.9","","Opened","7.322","230","Safe","Calm","0.0","66","10.2","2.5","1005.0","1016.9"
"2026-09-24","04:05:35","Clear","Dry","Dark","-2.5","15.5","3200","57232","16.5","31%","20.9","","Opened","7.405","230","Safe","Calm","0.0","66","10.2","2.6","1005.0","1016.9"
"2026-09-24","04:05:45","Clear","Dry","Dark","-2.6","15.5","3200","57232","16.5","31%","20.8","","Opened","7.493","230","Safe","Calm","0.0","66","10.2","2.4","1004.9","1016.8"
"2026-09-24","04:05:55","Clear","Dry","Dark","-2.5","15.4","3200","57232","16.5","31%","20.7","","Opened","7.296","230","Safe","Calm","0.0","66","10.2","2.5","1004.9","1016.8"
"2026-09-24","04:06:05","Clear","Dry","Dark","-2.6","15.4","3200","57232","16.5","31%","20.7","","Opened","7.357","230","Safe","Calm","0.0","66","10.2","2.4","1005.0","1016.9"
"2026-09-24","04:06:15","Clear","Dry","Dark","-2.6","15.4","3200","57232","16.5","31%","20.7","","Opened","7.297","230","Safe","Calm","0.0","66","10.2","2.4","1005.0","1016.9"
"2026-09-24","04:06:25","Clear","Dry","Dark","-2.5","15.4","3200","57232","16.5","31%","20.6","","Opened","7.374","230","Safe","Calm","0.0","66","10.2","2.5","1004.9","1016.9"
"2026-09-24","04:06:35","Clear","Dry","Dark","-2.3","15.4","3200","57232","16.4","31%","20.6","","Opened","7.309","230","Safe","Calm","0.0","66","10.2","2.7","1004.9","1016.9"
"2026-09-24","04:06:45","Clear","Dry","Dark","-2.5","15.4","3200","57232","16.5","31%","20.5","Heating UP","Opened","7.628","230","Safe","Calm","0.0","66","10.2","2.5","1004.9","1016.9"
"2026-09-24","04:06:55","Clear","Dry","Dark","-2.7","15.4","3200","57232","16.5","32%","20.5","Heating UP","Opened","7.487","230","Safe","Calm","0.0","66","10.1","2.3","1005.0","1016.9"
"2026-09-24","04:07:05","Clear","Dry","Dark","-2.6","15.4","3328","57232","16.4","33%","20.4","Heating UP","Opened","7.458","230","Safe","Calm","0.0","66","10.1","2.4","1004.9","1016.8"
"2026-09-24","04:07:15","Clear","Dry","Dark","-2.5","15.3","3200","57232","16.4","34%","20.3","Heating UP","Opened","7.448","230","Safe","Calm","0.0","66","10.1","2.5","1005.0","1016.9"
"2026-09-24","04:07:25","Clear","Dry","Dark","-2.7","15.3","3200","57232","16.4","36%","20.2","Heating UP","Opened","7.440","230","Safe","Calm","0.0","66","10.2","2.3","1004.9","1016.9"
"2026-09-24","04:07:35","Clear","Dry","Dark","-2.5","15.3","3200","57232","16.4","38%","20.1","Heating UP","Opened","7.421","230","Safe","Calm","0.0","66","10.1","2.4","1004.9","1016.9"
"2026-09-24","04:07:45","Clear","Dry","Dark","-2.6","15.4","3200","57232","16.4","40%","20.2","","Opened","7.428","230","Safe","Calm","0.0","67","10.1","2.4","1005.1","1017.0"
"2026-09-24","04:07:55","Clear","Dry","Dark","-2.6","15.3","3200","57232","16.4","40%","20.2","Heating UP","Opened","7.493","230","Safe","Calm","0.0","67","10.1","2.3","1004.9","1016.9"
"2026-09-24","04:08:05","Clear","Dry","Dark","-2.4","15.3","3200","57232","16.4","42%","20.2","Heating UP","Opened","7.483","230","Safe","Calm","0.0","67","10.2","2.5","1004.9","1016.9"
"2026-09-24","04:08:15","Clear","Dry","Dark","-2.4","15.3","3200","57232","16.3","43%","20.2","Heating UP","Opened","7.472","230","Safe","Calm","0.0","67","10.1","2.5","1005.0","1016.9"
"2026-09-24","04:08:25","Clear","Dry","Dark","-2.5","15.3","3200","57232","16.4","45%","20.2","Heating UP","Opened","7.467","230","Safe","Calm","0.0","67","10.2","2.5","1005.0","1016.9"
"2026-09-24","04:08:35","Clear","Dry","Dark","-2.4","15.4","3200","57232","16.3","47%","20.2","Heating UP","Opened","7.457","230","Safe","Calm","0.0","67","10.2","2.5","1004.9","1016.9"
"2026-09-24","04:08:45","Clear","Dry","Dark","-2.6","15.4","3200","57232","16.3","49%","20.4","","Opened","7.458","230","Safe","Calm","0.0","67","10.2","2.3","1004.9","1016.9"
"2026-09-24","04:08:55","Clear","Dry","Dark","-2.2","15.4","3200","57232","16.3","49%","20.4","Heating UP","Opened","7.511","230","Safe","Calm","0.0","67","10.1","2.7","1004.9","1016.9"
"2026-09-24","04:09:05","Clear","Dry","Dark","-2.3","15.4","3200","57232","16.3","50%","20.6","","Opened","7.378","230","Safe","Calm","0.0","67","10.1","2.6","1005.0","1016.9"
"2026-09-24","04:09:15","Clear","Dry","Dark","-2.7","15.4","3200","57232","16.3","50%","20.7","","Opened","7.324","230","Safe","Calm","0.0","67","10.1","2.2","1004.9","1016.9"
"2026-09-24","04:09:25","Clear","Dry","Dark","-2.6","15.4","3200","57232","16.3","50%","20.8","","Opened","7.391","230","Safe","Calm","0.8","67","10.1","2.3","1004.9","1016.9"
"2026-09-24","04:09:35","Clear","Dry","Dark","-2.5","15.4","3200","57232","16.3","50%","20.9","","Opened","7.340","230","Safe","Calm","0.8","67","10.1","2.4","1004.9","1016.9"
"2026-09-24","04:09:45","Clear","Dry","Dark","-2.5","15.4","3200","57232","16.3","50%","21.1","Heating DOWN","Opened","7.547","230","Safe","Calm","0.8","67","10.1","2.3","1004.9","1016.9"
"2026-09-24","04:09:55","Clear","Dry","Dark","-2.5","15.4","3200","57232","16.3","49%","21.2","Heating DOWN","Opened","7.511","230","Safe","Calm","0.8","67","10.1","2.3","1004.9","1016.9"
"2026-09-24","04:10:05","Clear","Wet","Dark","-2.5","15.4","3200","57232","16.3","47%","21.3","Heating DOWN","Opened","7.497","230","Safe","Calm","0.8","67","10.2","2.3","1005.0","1016.9"
"2026-09-24","04:10:15","Clear","Dry","Dark","-2.3","15.4","3200","57232","16.3","45%","21.3","Heating DOWN","Opened","7.478","230","Safe","Calm","0.8","67","10.1","2.5","1005.1","1017.0"
"2026-09-24","04:10:25","Clear","Dry","Dark","-2.3","15.4","3200","57232","16.2","43%","21.3","Heating DOWN","Opened","7.468","230","Safe","Calm","0.0","67","10.1","2.5","1004.9","1016.8"
"2026-09-24","04:10:35","Clear","Dry","Dark","-2.4","15.4","3200","57232","16.3","42%","21.3","Heating DOWN","Opened","7.454","230","Safe","Calm","0.0","67","10.2","2.5","1004.9","1016.9"
"2026-09-24","04:10:45","Clear","Dry","Dark","-2.2","15.4","3200","57232","16.3","40%","21.3","Heating DOWN","Opened","7.586","230","Safe","Calm","0.0","67","10.2","2.6","1004.9","1016.9"
"2026-09-24","04:10:55","Clear","Dry","Dark","-2.3","15.4","3200","57232","16.3","38%","21.3","Heating DOWN","Opened","7.438","230","Safe","Calm","0.0","67","10.2","2.5","1004.9","1016.9"
"2026-09-24","04:11:05","Clear","Dry","Dark","-2.1","15.4","3200","57232","16.2","36%","21.3","Heating DOWN","Opened","7.411","230","Safe","Calm","0.0","67","10.2","2.7","1004.9","1016.8"
"2026-09-24","04:11:15","Clear","Dry","Dark","-2.1","15.4","3200","57232","16.2","34%","21.1","","Opened","7.265","230","Safe","Calm","0.0","67","10.2","2.7","1004.9","1016.8"
"2026-09-24","04:11:25","Clear","Dry","Dark","-2.0","15.4","3200","57232","16.3","34%","21.1","Heating DOWN","Opened","7.461","230","Safe","Calm","0.0","67","10.2","2.9","1004.9","1016.9"
"2026-09-24","04:11:35","Clear","Dry","Dark","-2.1","15.5","3328","57232","16.2","33%","21.0","","Opened","7.338","230","Safe","Calm","0.0","67","10.2","2.8","1004.9","1016.8"
"2026-09-24","04:11:45","Clear","Dry","Dark","-2.1","15.5","3328","57232","16.2","33%","21.0","Heating DOWN","Opened","7.537","230","Safe","Calm","0.0","67","10.2","2.8","1004.9","1016.8"
"2026-09-24","04:11:55","Clear","Dry","Dark","-2.0","15.5","3200","57232","16.2","32%","20.9","","Opened","7.276","230","Safe","Calm","0.6","67","10.2","2.8","1004.9","1016.8"
"2026-09-24","04:12:05","Clear","Dry","Dark","-2.1","15.5","3200","57232","16.2","32%","20.9","","Opened","7.346","230","Safe","Calm","0.6","67","10.2","2.8","1004.9","1016.8"
"2026-09-24","04:12:15","Clear","Dry","Dark","-2.2","15.5","3200","57232","16.3","32%","20.9","","Opened","7.286","230","Safe","Calm","0.6","67","10.2","2.6","1004.9","1016.9"
"2026-09-24","04:12:25","Clear","Dry","Dark","-2.2","15.5","3200","57232","16.3","32%","20.9","","Opened","7.365","230","Safe","Calm","0.6","67","10.2","2.6","1004.9","1016.9"
"2026-09-24","04:12:35","Clear","Dry","Dark","-2.2","15.5","3200","57232","16.3","32%","20.9","","Opened","7.306","230","Safe","Calm","0.6","67","10.2","2.7","1004.9","1016.9"
"2026-09-24","04:12:45","Clear","Dry","Dark","-2.0","15.6","3200","57232","16.3","32%","20.9","","Opened","7.531","230","Safe","Calm","0.6","67","10.2","2.9","1004.9","1016.9"
"2026-09-24","04:12:55","Clear","Dry","Dark","-2.1","15.6","3200","57232","16.3","32%","20.9","","Opened","7.339","230","Safe","Calm","0.0","67","10.2","2.8","1004.9","1016.9"
"2026-09-24","04:13:05","Clear","Dry","Dark","-2.1","15.6","3200","57232","16.3","32%","20.8","","Opened","7.277","230","Safe","Calm","0.0","67","10.2","2.7","1004.9","1016.9"
"2026-09-24","04:13:15","Clear","Dry","Dark","-2.2","15.6","3200","57232","16.3","32%","20.8","","Opened","7.353","230","Safe","Calm","0.0","67","10.2","2.7","1004.9","1016.8"
"2026-09-24","04:13:25","Clear","Dry","Dark","-2.3","15.6","3200","57232","16.3","32%","20.8","","Opened","7.299","230","Safe","Calm","0.0","67","10.2","2.6","1004.9","1016.8"
"2026-09-24","04:13:35","Clear","Dry","Dark","-2.3","15.6","3200","57232","16.3","32%","20.7","","Opened","7.368","230","Safe","Calm","0.0","67","10.2","2.6","1004.9","1016.9"
"2026-09-24","04:13:45","Clear","Dry","Dark","-2.1","15.6","3200","57232","16.3","32%","20.6","","Opened","7.439","230","Safe","Calm","0.0","67","10.2","2.8","1004.9","1016.9"
"2026-09-24","04:13:55","Clear","Dry","Dark","-2.1","15.6","3200","57232","16.3","32%","20.6","","Opened","7.387","230","Safe","Calm","0.0","67","10.2","2.8","1004.9","1016.8"
"2026-09-24","04:14:05","Clear","Dry","Dark","-2.3","15.6","3200","57232","16.3","32%","20.5","","Opened","7.312","230","Safe","Calm","0.0","67","10.2","2.7","1004.9","1016.8"
"2026-09-24","04:14:15","Clear","Dry","Dark","-2.3","15.6","3200","57232","16.3","32%","20.5","","Opened","7.381","230","Safe","Calm","0.0","67","10.2","2.6","1004.9","1016.9"
"2026-09-24","04:14:25","Clear","Dry","Dark","-2.3","15.6","3200","57232","16.4","32%","20.4","Heating UP","Opened","7.448","230","Safe","Calm","0.0","67","10.2","2.7","1004.9","1016.8"
"2026-09-24","04:14:35","Clear","Dry","Dark","-2.2","15.5","3328","57232","16.4","33%","20.4","Heating UP","Opened","7.436","230","Safe","Calm","0.0","67","10.3","2.7","1004.9","1016.9"
"2026-09-24","04:14:45","Clear","Dry","Dark","-2.0","15.5","3200","57232","16.3","34%","20.4","Heating UP","Opened","7.564","230","Safe","Calm","0.0","67","10.2","2.9","1004.9","1016.8"
"2026-09-24","04:14:55","Clear","Dry","Dark","-2.2","15.6","3200","57232","16.4","35%","20.3","Heating UP","Opened","7.399","230","Safe","Calm","0.0","67","10.3","2.7","1004.9","1016.8"
"2026-09-24","04:15:05","Clear","Dry","Dark","-2.2","15.6","3200","57232","16.4","36%","20.3","Heating UP","Opened","7.389","230","Safe","Calm","0.0","67","10.3","2.8","1004.9","1016.8"
"2026-09-24","04:15:15","Clear","Dry","Dark","-2.2","15.6","3328","57232","16.4","37%","20.4","","Opened","7.382","230","Safe","Calm","0.0","67","10.3","2.8","1004.9","1016.9"
"2026-09-24","04:15:25","Clear","Dry","Dark","-2.2","15.6","3328","57232","16.4","37%","20.4","Heating UP","Opened","7.444","230","Safe","Calm","0.0","67","10.3","2.8","1004.9","1016.9"
"2026-09-24","04:15:35","Clear","Dry","Dark","-2.0","15.6","3200","57232","16.4","38%","20.5","","Opened","7.312","230","Safe","Calm","0.6","67","10.3","2.9","1004.9","1016.8"
"2026-09-24","04:15:45","Clear","Dry","Dark","-2.3","15.6","3200","57232","16.4","38%","20.5","","Opened","7.527","230","Safe","Calm","0.6","67","10.3","2.7","1004.9","1016.9"
"2026-09-24","04:15:55","Clear","Dry","Dark","-2.3","15.6","3200","57232","16.4","38%","20.6","","Opened","7.348","230","Safe","Calm","0.6","67","10.3","2.7","1004.9","1016.9"
"2026-09-24","04:16:05","Clear","Dry","Dark","-2.3","15.6","3200","57232","16.4","38%","20.6","","Opened","7.288","230","Safe","Calm","0.6","67","10.3","2.7","1004.9","1016.8"
"2026-09-24","04:16:15","Clear","Dry","Dark","-2.2","15.6","3200","57232","16.4","38%","20.7","","Opened","7.354","230","Safe","Calm","0.6","67","10.3","2.7","1004.9","1016.8"
"2026-09-24","04:16:25","Clear","Dry","Dark","-2.1","15.5","3200","57232","16.4","38%","20.7","","Opened","7.290","230","Safe","Calm","0.6","67","10.3","2.8","1004.9","1016.9"
"2026-09-24","04:16:35","Clear","Dry","Dark","-2.2","15.5","3200","57232","16.4","38%","20.8","","Opened","7.361","230","Safe","Calm","0.0","67","10.3","2.7","1004.9","1016.8"
"2026-09-24","04:16:45","Clear","Dry","Dark","-2.2","15.5","3200","57232","16.4","38%","20.8","","Opened","7.456","230","Safe","Calm","0.0","67","10.3","2.8","1004.9","1016.8"
"2026-09-24","04:16:55","Clear","Dry","Dark","-1.8","15.6","3200","57232","16.4","38%","20.9","","Opened","7.279","230","Safe","Calm","0.0","67","10.3","3.2","1004.9","1016.8"
"2026-09-24","04:17:05","Clear","Dry","Dark","-2.1","15.6","3200","57232","16.4","38%","20.9","","Opened","7.346","230","Safe","Calm","0.0","67","10.3","2.9","1004.9","1016.9"
"2026-09-24","04:17:15","Clear","Dry","Dark","-2.2","15.6","3200","57232","16.4","38%","20.9","","Opened","7.279","230","Safe","Calm","0.0","67","10.2","2.8","1004.9","1016.8"
"2026-09-24","04:17:25","Clear","Dry","Dark","-2.1","15.6","3200","57232","16.4","38%","20.9","","Opened","7.357","230","Safe","Calm","0.0","67","10.2","2.9","1004.8","1016.7"
"2026-09-24","04:17:35","Clear","Dry","Dark","-2.1","15.6","3200","57232","16.4","38%","20.8","","Opened","7.292","230","Safe","Calm","0.0","66","10.2","2.8","1004.9","1016.8"
"2026-09-24","04:17:45","Clear","Dry","Dark","-2.2","15.6","3200","57232","16.4","38%","20.8","","Opened","7.510","230","Safe","Calm","0.0","66","10.2","2.8","1004.9","1016.9"
"2026-09-24","04:17:55","Clear","Dry","Dark","-2.4","15.6","3200","57232","16.5","38%","20.8","","Opened","7.331","230","Safe","Calm","0.0","66","10.2","2.6","1004.8","1016.7"
"2026-09-24","04:18:05","Clear","Dry","Dark","-2.3","15.6","3200","57232","16.5","38%","21.0","","Opened","7.370","230","Safe","Calm","0.0","66","10.2","2.7","1004.8","1016.7"
"2026-09-24","04:18:15","Clear","Dry","Dark","-2.2","15.6","3200","57232","16.4","38%","21.0","","Opened","7.317","230","Safe","Calm","0.0","66","10.2","2.8","1004.9","1016.8"
"2026-09-24","04:18:25","Clear","Dry","Dark","-2.4","15.6","3200","57232","16.4","38%","21.0","","Opened","7.380","230","Safe","Calm","0.0","66","10.2","2.6","1004.9","1016.8"
"2026-09-24","04:18:35","Clear","Dry","Dark","-2.3","15.6","3200","57232","16.5","38%","21.1","","Opened","7.320","230","Safe","Calm","0.0","66","10.2","2.7","1004.9","1016.8"
"2026-09-24","04:18:45","Clear","Dry","Dark","-2.4","15.6","3200","57232","16.5","38%","21.2","Heating DOWN","Opened","7.525","230","Safe","Calm","0.0","66","10.2","2.6","1004.8","1016.7"
"2026-09-24","04:18:55","Clear","Dry","Dark","-2.3","15.6","3328","57232","16.5","37%","21.2","Heating DOWN","Opened","7.508","230","Safe","Calm","0.0","66","10.2","2.7","1004.8","1016.7"
"2026-09-24","04:19:05","Clear","Dry","Dark","-2.2","15.6","3327","57232","16.5","36%","21.3","Heating DOWN","Opened","7.488","230","Safe","Calm","0.0","66","10.2","2.8","1004.9","1016.8"
"2026-09-24","04:19:15","Clear","Dry","Dark","-2.2","15.6","3200","57232","16.5","35%","21.3","Heating DOWN","Opened","7.472","230","Safe","Calm","0.0","66","10.2","2.9","1004.8","1016.7"
"2026-09-24","04:19:25","Clear","Dry","Dark","-1.8","15.6","3200","57232","16.5","34%","21.3","Heating DOWN","Opened","7.460","230","Safe","Calm","0.0","66","10.2","3.2","1004.8","1016.7"
"2026-09-24","04:19:35","Clear","Dry","Dark","-2.0","15.7","3328","57232","16.5","33%","21.2","","Opened","7.336","230","Safe","Calm","0.0","66","10.1","3.0","1004.8","1016.7"
"2026-09-24","04:19:45","Clear","Dry","Dark","-2.1","15.6","3328","57232","16.5","33%","21.2","Heating DOWN","Opened","7.655","230","Safe","Calm","0.0","66","10.1","2.9","1004.9","1016.8"
"2026-09-24","04:19:55","Clear","Dry","Dark","-2.2","15.7","3208","57232","16.5","32%","21.2","Heating DOWN","Opened","7.393","230","Safe","Calm","0.0","66","10.0","2.8","1004.9","1016.8"
"2026-09-24","04:20:05","Clear","Dry","Dark","-2.4","15.7","3200","57232","16.5","31%","21.2","Heating DOWN","Opened","7.385","230","Safe","Calm","0.0","65","10.0","2.6","1004.8","1016.7"
"2026-09-24","04:20:15","Clear","Dry","Dark","-2.3","15.7","3200","57232","16.5","30%","21.2","Heating DOWN","Opened","7.500","230","Safe","Calm","0.0","65","10.0","2.7","1004.9","1016.8"
"2026-09-24","04:20:25","Clear","Dry","Dark","-2.3","15.7","3328","57232","16.5","29%","21.2","","Opened","7.365","230","Safe","Calm","0.0","65","10.0","2.7","1004.9","1016.8"
"2026-09-24","04:20:35","Clear","Dry","Dark","-2.1","15.7","3328","57232","16.6","29%","21.1","","Opened","7.319","230","Safe","Calm","0.0","65","10.0","2.9","1004.9","1016.8"
"2026-09-24","04:20:45","Clear","Dry","Dark","-2.2","15.7","3328","57232","16.5","29%","21.1","","Opened","7.514","230","Safe","Calm","0.0","65","10.0","2.8","1004.9","1016.8"
"2026-09-24","04:20:55","Clear","Dry","Dark","-2.1","15.7","3328","57232","16.5","29%","21.0","","Opened","7.337","230","Safe","Calm","0.0","65","10.0","2.9","1004.8","1016.7"
"2026-09-24","04:21:05","Clear","Dry","Dark","-2.2","15.7","3328","57232","16.6","29%","21.0","","Opened","7.380","230","Safe","Calm","0.0","65","10.0","2.9","1004.8","1016.7"
"2026-09-24","04:21:15","Clear","Dry","Dark","-2.2","15.7","3328","57232","16.6","29%","20.9","","Opened","7.330","230","Safe","Calm","0.0","65","10.1","2.8","1004.9","1016.8"
"2026-09-24","04:21:25","Clear","Dry","Dark","-2.1","15.7","3328","57232","16.6","29%","20.9","","Opened","7.286","230","Safe","Calm","0.0","65","10.0","3.0","1004.9","1016.8"
"2026-09-24","04:21:35","Clear","Dry","Dark","-2.2","15.7","3328","57232","16.6","29%","20.8","","Opened","7.363","230","Safe","Calm","0.0","65","10.0","2.8","1004.9","1016.8"
"2026-09-24","04:21:45","Clear","Dry","Dark","-2.3","15.7","3328","57232","16.6","29%","20.8","","Opened","7.430","230","Safe","Calm","0.0","65","10.0","2.8","1004.9","1016.8"
"2026-09-24","04:21:55","Clear","Dry","Dark","-2.3","15.7","3328","57232","16.6","29%","20.8","","Opened","7.363","230","Safe","Calm","0.0","65","10.0","2.8","1004.9","1016.8"
"2026-09-24","04:22:05","Clear","Dry","Dark","-2.3","15.7","3328","57232","16.6","29%","20.8","","Opened","7.306","230","Safe","Calm","0.0","65","10.0","2.8","1004.9","1016.8"
"2026-09-24","04:22:15","Clear","Dry","Dark","-2.1","15.7","3328","57232","16.6","29%","20.8","","Opened","7.376","230","Safe","Calm","0.0","65","10.0","3.0","1004.8","1016.7"
"2026-09-24","04:22:25","Clear","Dry","Dark","-2.1","15.7","3328","57232","16.6","29%","20.7","","Opened","7.295","230","Safe","Calm","0.0","65","10.0","3.0","1005.0","1016.9"
"2026-09-24","04:22:35","Clear","Dry","Dark","-2.2","15.7","3328","57232","16.6","29%","20.7","","Opened","7.379","230","Safe","Calm","0.0","65","10.0","2.9","1004.8","1016.7"
"2026-09-24","04:22:45","Clear","Dry","Dark","-2.1","15.7","3328","57232","16.6","29%","20.6","Heating UP","Opened","7.589","230","Safe","Calm","0.0","65","10.1","3.1","1004.9","1016.8"
"2026-09-24","04:22:55","Clear","Dry","Dark","-2.2","15.7","3200","57232","16.6","30%","20.6","Heating UP","Opened","7.439","230","Safe","Calm","0.0","65","10.1","2.9","1004.9","1016.8"
"2026-09-24","04:23:05","Clear","Dry","Dark","-2.1","15.8","3200","57232","16.7","31%","20.6","Heating UP","Opened","7.418","230","Safe","Calm","0.0","65","10.1","3.0","1004.8","1016.7"
"2026-09-24","04:23:15","Clear","Dry","Dark","-2.0","15.8","3200","57232","16.7","32%","20.5","Heating UP","Opened","7.405","230","Safe","Calm","0.0","65","10.0","3.1","1004.9","1016.8"
"2026-09-24","04:23:25","Clear","Dry","Dark","-1.9","15.8","3200","57232","16.7","34%","20.6","","Opened","7.283","230","Safe","Calm","0.0","65","10.0","3.2","1004.8","1016.7"
"2026-09-24","04:23:35","Clear","Dry","Dark","-1.8","15.8","3200","57232","16.7","34%","20.6","Heating UP","Opened","7.474","230","Safe","Calm","0.0","65","10.0","3.3","1004.9","1016.8"
"2026-09-24","04:23:45","Clear","Dry","Dark","-2.0","15.8","3200","57232","16.7","35%","20.6","Heating UP","Opened","7.602","230","Safe","Calm","0.0","65","10.0","3.1","1004.9","1016.8"
"2026-09-24","04:23:55","Clear","Dry","Dark","-2.0","15.8","3200","57232","16.7","36%","20.7","","Opened","7.349","230","Safe","Calm","0.0","65","10.0","3.2","1004.9","1016.8"
"2026-09-24","04:24:05","Clear","Dry","Dark","-2.0","15.8","3200","57232","16.7","36%","20.8","","Opened","7.282","230","Safe","Calm","0.0","65","10.0","3.1","1005.1","1017.0"
"2026-09-24","04:24:15","Clear","Dry","Dark","-1.9","15.8","3200","57232","16.7","36%","20.8","","Opened","7.355","230","Safe","Calm","0.0","65","10.0","3.2","1004.9","1016.8"
"2026-09-24","04:24:25","Clear","Dry","Dark","-2.0","15.8","3200","57232","16.7","36%","20.9","","Opened","7.304","230","Safe","Calm","0.0","65","10.0","3.2","1004.8","1016.7"
"2026-09-24","04:24:35","Clear","Dry","Dark","-2.0","15.8","3200","57232","16.7","36%","20.9","","Opened","7.380","230","Safe","Calm","0.0","65","10.0","3.2","1004.8","1016.7"
"2026-09-24","04:24:45","Clear","Dry","Dark","-1.9","15.8","3200","57232","16.7","36%","20.9","","Opened","7.463","230","Safe","Calm","0.0","64","10.0","3.3","1004.9","1016.8"
"2026-09-24","04:24:55","Clear","Dry","Dark","-2.0","15.8","3200","57232","16.8","36%","20.9","","Opened","7.291","230","Safe","Calm","0.0","64","10.0","3.2","1004.8","1016.7"
"2026-09-24","04:25:05","Clear","Dry","Dark","-1.9","15.9","3201","57232","16.8","36%","20.9","","Opened","7.350","230","Safe","Calm","0.0","64","10.0","3.2","1004.8","1016.7"
"2026-09-24","04:25:15","Clear","Dry","Dark","-1.8","15.9","3321","57232","16.8","36%","21.0","","Opened","7.302","230","Safe","Calm","0.0","64","10.0","3.4","1004.8","1016.7"
"2026-09-24","04:25:25","Clear","Wet","Dark","-1.8","15.9","3200","57232","16.8","36%","21.0","","Opened","7.377","230","Safe","Calm","0.0","64","10.0","3.3","1004.9","1016.8"
"2026-09-24","04:25:35","Clear","Dry","Dark","-1.7","15.9","3200","57232","16.8","36%","21.0","","Opened","7.311","230","Safe","Calm","0.0","64","10.0","3.5","1004.8","1016.7"
"2026-09-24","04:25:45","Clear","Dry","Dark","-1.8","15.9","3200","57232","16.8","36%","21.0","","Opened","7.521","230","Safe","Calm","0.0","64","10.0","3.4","1004.8","1016.7"
"2026-09-24","04:25:55","Clear","Dry","Dark","-1.8","15.9","3328","57232","16.8","36%","21.1","","Opened","7.344","230","Safe","Calm","0.0","64","10.0","3.4","1004.9","1016.8"
"2026-09-24","04:26:05","Clear","Dry","Dark","-1.6","15.9","3200","57232","16.8","36%","21.1","","Opened","7.280","230","Safe","Calm","0.0","64","10.0","3.6","1004.8","1016.7"
"2026-09-24","04:26:15","Clear","Dry","Dark","-1.7","16.0","3328","57232","16.8","36%","21.1","","Opened","7.355","230","Safe","Calm","0.0","64","10.0","3.5","1004.8","1016.7"
"2026-09-24","04:26:25","Clear","Dry","Dark","-1.7","16.0","3328","57232","16.8","36%","21.2","","Opened","7.303","230","Safe","Calm","0.0","64","10.0","3.5","1004.8","1016.7"
"2026-09-24","04:26:35","Clear","Dry","Dark","-1.6","16.0","3326","57232","16.9","36%","21.2","","Opened","7.380","230","Safe","Calm","0.0","64","10.0","3.6","1004.9","1016.8"
"2026-09-24","04:26:45","Clear","Dry","Dark","-1.4","16.0","3328","57232","16.9","36%","21.2","","Opened","7.442","230","Safe","Calm","0.0","64","10.0","3.8","1004.8","1016.7"
"2026-09-24","04:26:55","Clear","Dry","Dark","-1.6","16.0","3328","57232","16.9","36%","21.2","","Opened","7.388","230","Safe","Calm","0.0","64","10.0","3.7","1004.8","1016.7"
"2026-09-24","04:27:05","Clear","Dry","Dark","-1.7","16.0","3328","57232","16.9","36%","21.2","","Opened","7.340","230","Safe","Calm","0.0","64","10.0","3.6","1004.9","1016.8"
"2026-09-24","04:27:15","Clear","Dry","Dark","-1.5","16.1","3327","57232","16.9","36%","21.3","","Opened","7.274","230","Safe","Calm","0.0","64","10.1","3.7","1004.9","1016.8"
"2026-09-24","04:27:25","Clear","Dry","Dark","-1.6","16.1","3328","57232","16.9","36%","21.3","","Opened","7.370","230","Safe","Calm","0.0","64","10.1","3.7","1004.9","1016.8"
"2026-09-24","04:27:35","Clear","Dry","Dark","-1.5","16.1","3328","57232","16.9","36%","21.3","","Opened","7.303","230","Safe","Calm","0.0","64","10.1","3.8","1004.9","1016.8"
"2026-09-24","04:27:45","Clear","Dry","Dark","-1.6","16.1","3328","57232","16.9","36%","21.3","","Opened","7.504","230","Safe","Calm","0.0","64","10.1","3.7","1004.8","1016.7"
"2026-09-24","04:27:55","Clear","Dry","Dark","-1.5","16.1","3326","57232","17.0","36%","21.3","","Opened","7.316","230","Safe","Calm","0.0","64","10.1","3.8","1004.9","1016.8"
"2026-09-24","04:28:05","Clear","Dry","Dark","-1.6","16.1","3328","57232","17.0","36%","21.4","","Opened","7.387","230","Safe","Calm","0.0","64","10.1","3.7","1004.9","1016.8"
"2026-09-24","04:28:15","Clear","Dry","Dark","-1.6","16.1","3328","57232","17.0","36%","21.4","","Opened","7.325","230","Safe","Calm","0.0","64","10.1","3.8","1004.8","1016.7"
"2026-09-24","04:28:25","Clear","Dry","Dark","-1.5","16.1","3327","57232","17.0","36%","21.5","","Opened","7.277","230","Safe","Calm","0.0","64","10.1","3.8","1004.8","1016.7"
"2026-09-24","04:28:35","Clear","Dry","Dark","-1.5","16.2","3328","57232","17.0","36%","21.6","","Opened","7.336","230","Safe","Calm","0.0","64","10.1","3.9","1004.9","1016.8"
"2026-09-24","04:28:45","Clear","Dry","Dark","-1.6","16.2","3327","57232","17.0","36%","21.6","","Opened","7.528","230","Safe","Calm","0.0","64","10.1","3.8","1004.8","1016.7"
"2026-09-24","04:28:55","Clear","Dry","Dark","-1.7","16.2","3328","57232","17.1","36%","21.6","","Opened","7.343","230","Safe","Calm","0.0","64","10.1","3.7","1004.8","1016.7"
"2026-09-24","04:29:05","Clear","Dry","Dark","-1.5","16.2","3327","57232","17.1","36%","21.6","","Opened","7.281","230","Safe","Calm","0.0","64","10.1","3.8","1004.9","1016.8"
"2026-09-24","04:29:15","Clear","Dry","Dark","-1.6","16.2","3327","57232","17.1","36%","21.6","","Opened","7.350","230","Safe","Calm","0.0","64","10.2","3.8","1004.8","1016.7"
"2026-09-24","04:29:25","Clear","Dry","Dark","-1.6","16.2","3327","57232","17.1","36%","21.6","","Opened","7.300","230","Safe","Calm","0.0","64","10.2","3.8","1004.8","1016.7"
"2026-09-24","04:29:35","Clear","Dry","Dark","-1.7","16.2","3328","57232","17.1","36%","21.6","","Opened","7.375","230","Safe","Calm","0.0","64","10.2","3.7","1004.9","1016.8"
"2026-09-24","04:29:45","Clear","Dry","Dark","-1.6","16.2","3328","57232","17.1","36%","21.7","","Opened","7.460","230","Safe","Calm","0.0","64","10.2","3.8","1004.9","1016.8"
"2026-09-24","04:29:55","Clear","Dry","Dark","-1.5","16.2","3328","57232","17.1","36%","21.7","","Opened","7.286","230","Safe","Calm","0.0","64","10.1","3.9","1004.9","1016.8"
"2026-09-24","04:30:05","Clear","Dry","Dark","-1.7","16.3","3328","57232","17.1","36%","21.6","","Opened","7.334","230","Safe","Calm","0.0","64","10.2","3.8","1004.9","1016.8"
"2026-09-24","04:30:15","Clear","Dry","Dark","-1.7","16.3","3328","57232","17.1","36%","21.6","","Opened","7.275","230","Safe","Calm","0.0","63","10.1","3.8","1004.8","1016.7"
"2026-09-24","04:30:25","Clear","Dry","Dark","-1.7","16.2","3328","57232","17.1","36%","21.7","","Opened","7.355","230","Safe","Calm","0.0","63","10.1","3.7","1004.9","1016.8"
"2026-09-24","04:30:35","Clear","Dry","Dark","-1.7","16.2","3328","57232","17.2","36%","21.7","","Opened","7.302","230","Safe","Calm","0.0","63","10.2","3.8","1004.9","1016.8"
"2026-09-24","04:30:45","Clear","Dry","Dark","-1.7","16.2","3328","57232","17.2","36%","21.8","Heating DOWN","Opened","7.623","230","Safe","Calm","0.0","63","10.2","3.7","1004.8","1016.7"
"2026-09-24","04:30:55","Clear","Dry","Dark","-1.8","16.2","3200","57232","17.2","35%","21.9","Heating DOWN","Opened","7.490","230","Safe","Calm","0.0","63","10.2","3.6","1004.9","1016.8"
"2026-09-24","04:31:05","Clear","Dry","Dark","-1.8","16.2","3200","57232","17.2","34%","21.9","Heating DOWN","Opened","7.474","230","Safe","Calm","0.0","63","10.2","3.7","1005.0","1016.9"
"2026-09-24","04:31:15","Clear","Dry","Dark","-1.7","16.2","3328","57232","17.1","33%","21.9","Heating DOWN","Opened","7.458","230","Safe","Calm","0.0","63","10.1","3.7","1004.8","1016.7"
"2026-09-24","04:31:25","Clear","Dry","Dark","-1.8","16.2","3284","57232","17.2","32%","21.8","","Opened","7.337","230","Safe","Calm","0.0","63","10.1","3.7","1004.9","1016.8"
"2026-09-24","04:31:35","Clear","Dry","Dark","-1.8","16.1","3200","57232","17.1","32%","21.7","","Opened","7.275","230","Safe","Calm","0.0","63","10.1","3.6","1004.9","1016.8"
"2026-09-24","04:31:45","Clear","Dry","Dark","-1.8","16.1","3200","57232","17.1","32%","21.7","","Opened","7.486","230","Safe","Calm","0.0","63","10.1","3.6","1004.8","1016.7"
"2026-09-24","04:31:55","Clear","Dry","Dark","-1.8","16.1","3200","57232","17.2","32%","21.6","","Opened","7.302","230","Safe","Calm","0.0","63","10.1","3.6","1004.9","1016.8"
"2026-09-24","04:32:05","Clear","Dry","Dark","-1.7","16.1","3200","57232","17.1","32%","21.6","","Opened","7.388","230","Safe","Calm","0.0","63","10.1","3.7","1004.9","1016.8"
"2026-09-24","04:32:15","Clear","Dry","Dark","-1.8","16.1","3200","57232","17.1","32%","21.5","","Opened","7.323","230","Safe","Calm","0.0","63","10.1","3.7","1004.9","1016.8"
"2026-09-24","04:32:25","Clear","Dry","Dark","-1.7","16.1","3200","57232","17.1","32%","21.5","","Opened","7.272","230","Safe","Calm","0.0","63","10.1","3.7","1004.9","1016.8"
"2026-09-24","04:32:35","Clear","Dry","Dark","-1.7","16.1","3200","57232","17.1","32%","21.4","","Opened","7.334","230","Safe","Calm","0.0","63","10.1","3.7","1004.9","1016.8"
"2026-09-24","04:32:45","Clear","Dry","Dark","-1.7","16.1","3200","57232","17.1","32%","21.4","","Opened","7.424","230","Safe","Calm","0.0","63","10.1","3.7","1004.9","1016.8"
"2026-09-24","04:32:55","Clear","Dry","Dark","-1.7","16.1","3200","57232","17.1","32%","21.3","","Opened","7.372","230","Safe","Calm","0.0","63","10.1","3.6","1004.9","1016.8"
"2026-09-24","04:33:05","Clear","Dry","Dark","-1.7","16.0","3200","57232","17.1","32%","21.3","","Opened","7.301","230","Safe","Calm","0.0","63","10.1","3.7","1004.9","1016.8"
"2026-09-24","04:33:15","Clear","Dry","Dark","-1.7","16.0","3200","57232","17.1","32%","21.3","","Opened","7.353","230","Safe","Calm","0.0","63","10.1","3.7","1004.9","1016.8"
"2026-09-24","04:33:25","Clear","Dry","Dark","-1.7","16.0","3200","57232","17.1","32%","21.3","","Opened","7.297","230","Safe","Calm","0.0","63","10.0","3.7","1004.9","1016.8"
"2026-09-24","04:33:35","Clear","Dry","Dark","-1.7","16.0","3200","57232","17.1","32%","21.3","","Opened","7.385","230","Safe","Calm","0.0","63","10.0","3.7","1004.9","1016.8"
"2026-09-24","04:33:45","Clear","Dry","Dark","-1.7","16.0","3200","57232","17.1","32%","21.3","","Opened","7.467","230","Safe","Calm","0.0","63","10.0","3.6","1004.9","1016.8"
"2026-09-24","04:33:55","Clear","Dry","Dark","-1.8","16.0","3200","57232","17.0","32%","21.2","","Opened","7.282","230","Safe","Calm","0.0","63","10.0","3.5","1004.9","1016.8"
"2026-09-24","04:34:05","Clear","Dry","Dark","-1.8","16.0","3200","57232","17.0","32%","21.0","Heating UP","Opened","7.466","230","Safe","Calm","0.0","63","10.0","3.6","1004.9","1016.8"
"2026-09-24","04:34:15","Clear","Dry","Dark","-1.9","15.9","3328","57232","17.0","33%","21.0","Heating UP","Opened","7.455","230","Safe","Calm","0.0","63","10.0","3.5","1004.9","1016.8"
"2026-09-24","04:34:25","Clear","Dry","Dark","-1.7","15.9","3200","57232","17.0","34%","20.9","Heating UP","Opened","7.447","230","Safe","Calm","0.0","63","10.0","3.6","1005.0","1016.9"
"2026-09-24","04:34:35","Clear","Dry","Dark","-1.7","15.9","3200","57232","17.0","35%","20.9","Heating UP","Opened","7.430","230","Safe","Calm","0.0","63","10.0","3.6","1004.9","1016.8"
"2026-09-24","04:34:45","Clear","Dry","Dark","-1.7","15.9","3200","57232","16.9","36%","20.9","Heating UP","Opened","7.573","230","Safe","Calm","0.0","63","9.9","3.6","1004.9","1016.8"
"2026-09-24","04:34:55","Clear","Dry","Dark","-1.7","15.9","3328","57232","16.9","37%","20.9","Heating UP","Opened","7.430","230","Safe","Calm","0.0","63","9.9","3.5","1005.0","1016.9"
"2026-09-24","04:35:05","Clear","Dry","Dark","-1.7","15.9","3200","57232","16.9","38%","20.9","Heating UP","Opened","7.418","230","Safe","Calm","0.0","64","9.9","3.6","1005.1","1017.0"
"2026-09-24","04:35:15","Clear","Dry","Dark","-1.7","15.9","3200","57232","16.9","39%","20.9","Heating UP","Opened","7.398","230","Safe","Calm","0.0","64","9.9","3.6","1004.9","1016.8"
"2026-09-24","04:35:25","Clear","Dry","Dark","-1.7","15.9","3200","57232","16.9","40%","21.0","","Opened","7.284","230","Safe","Calm","0.0","64","9.9","3.5","1005.0","1016.9"
"2026-09-24","04:35:35","Clear","Dry","Dark","-1.6","15.9","3328","57232","16.9","40%","21.1","","Opened","7.373","230","Safe","Calm","0.0","64","9.9","3.7","1004.9","1016.8"
"2026-09-24","04:35:45","Clear","Dry","Dark","-1.6","15.9","3328","57232","16.8","40%","21.0","","Opened","7.457","230","Safe","Calm","0.0","64","9.9","3.6","1004.9","1016.8"
"2026-09-24","04:35:55","Clear","Dry","Dark","-1.7","15.8","3200","57232","16.8","40%","20.9","","Opened","7.388","230","Safe","Calm","0.0","64","9.9","3.5","1005.0","1016.9"
"2026-09-24","04:36:05","Clear","Dry","Dark","-1.7","15.8","3200","57232","16.8","40%","20.9","","Opened","7.343","230","Safe","Calm","0.0","64","9.8","3.5","1004.9","1016.8"
"2026-09-24","04:36:15","Clear","Dry","Dark","-1.5","15.8","3328","57232","16.8","40%","20.9","","Opened","7.391","230","Safe","Calm","0.0","64","9.8","3.7","1004.9","1016.8"
"2026-09-24","04:36:25","Clear","Dry","Dark","-1.7","15.8","3328","57232","16.8","40%","20.9","","Opened","7.324","230","Safe","Calm","0.0","64","9.8","3.5","1004.9","1016.8"
"2026-09-24","04:36:35","Clear","Dry","Dark","-1.7","15.8","3328","57232","16.7","40%","20.9","","Opened","7.274","230","Safe","Calm","0.0","64","9.8","3.5","1004.9","1016.8"
"2026-09-24","04:36:45","Clear","Dry","Dark","-1.6","15.8","3200","57232","16.7","40%","20.9","","Opened","7.491","230","Safe","Calm","0.0","64","9.8","3.6","1005.0","1016.9"
"2026-09-24","04:36:55","Clear","Dry","Dark","-1.6","15.8","3220","57232","16.7","40%","21.0","","Opened","7.305","230","Safe","Calm","0.0","64","9.8","3.5","1005.0","1016.9"
"2026-09-24","04:37:05","Clear","Dry","Dark","-1.7","15.8","3328","57232","16.7","40%","21.1","","Opened","7.356","230","Safe","Calm","0.0","64","9.8","3.4","1005.0","1016.9"
"2026-09-24","04:37:15","Clear","Dry","Dark","-1.8","15.8","3328","57232","16.7","40%","21.1","","Opened","7.303","230","Safe","Calm","0.0","64","9.8","3.4","1005.0","1016.9"
"2026-09-24","04:37:25","Clear","Dry","Dark","-1.6","15.8","3328","57232","16.7","40%","21.1","","Opened","7.382","230","Safe","Calm","0.0","64","9.8","3.5","1004.9","1016.8"
"2026-09-24","04:37:35","Clear","Dry","Dark","-1.7","15.8","3328","57232","16.7","40%","21.1","","Opened","7.322","230","Safe","Calm","0.0","64","9.9","3.5","1004.9","1016.8"
"2026-09-24","04:37:45","Clear","Dry","Dark","-1.7","15.8","3328","57232","16.7","40%","21.1","","Opened","7.533","230","Safe","Calm","0.0","64","9.9","3.5","1005.0","1016.9"
"2026-09-24","04:37:55","Clear","Dry","Dark","-1.7","15.8","3328","57232","16.7","40%","21.2","","Opened","7.353","230","Safe","Calm","0.0","64","9.9","3.4","1005.1","1017.0"
"2026-09-24","04:38:05","Clear","Dry","Dark","-1.7","15.8","3327","57232","16.6","40%","21.3","","Opened","7.277","230","Safe","Calm","0.0","64","9.8","3.4","1005.0","1016.9"
"2026-09-24","04:38:15","Clear","Dry","Dark","-1.6","15.8","3328","57232","16.7","40%","21.4","Heating DOWN","Opened","7.456","230","Safe","Calm","0.0","64","9.9","3.5","1005.0","1016.9"
"2026-09-24","04:38:25","Clear","Dry","Dark","-1.7","15.8","3200","57232","16.6","39%","21.4","Heating DOWN","Opened","7.451","230","Safe","Calm","0.0","64","9.8","3.4","1005.0","1016.9"
"2026-09-24","04:38:35","Clear","Dry","Dark","-1.6","15.8","3200","57232","16.7","38%","21.4","Heating DOWN","Opened","7.434","230","Safe","Calm","0.0","64","9.9","3.6","1004.9","1016.8"
"2026-09-24","04:38:46","Clear","Dry","Dark","-1.6","15.8","3328","57232","16.6","37%","21.4","Heating DOWN","Opened","7.562","230","Safe","Calm","0.0","64","9.9","3.5","1005.0","1016.9"
"2026-09-24","04:38:55","Clear","Dry","Dark","-1.4","15.8","3328","57232","16.6","36%","21.4","Heating DOWN","Opened","7.413","230","Safe","Calm","0.0","64","9.8","3.7","1005.1","1017.0"
"2026-09-24","04:39:05","Clear","Dry","Dark","-1.5","15.8","3200","57232","16.6","35%","21.3","","Opened","7.273","230","Safe","Calm","0.0","64","9.8","3.6","1004.9","1016.8"
"2026-09-24","04:39:15","Clear","Dry","Dark","-1.5","15.8","3200","57232","16.6","35%","21.2","","Opened","7.356","230","Safe","Calm","0.0","64","9.9","3.6","1005.0","1016.9"
"2026-09-24","04:39:25","Clear","Dry","Dark","-1.5","15.8","3200","57232","16.6","35%","21.2","","Opened","7.298","230","Safe","Calm","0.0","64","9.8","3.6","1004.9","1016.8"
"2026-09-24","04:39:35","Clear","Dry","Dark","-1.5","15.8","3200","57232","16.6","35%","21.1","","Opened","7.387","230","Safe","Calm","0.8","64","9.9","3.6","1004.9","1016.8"
"2026-09-24","04:39:45","Clear","Dry","Dark","-1.5","15.8","3200","57232","16.6","35%","20.9","","Opened","7.474","230","Safe","Calm","1.6","64","9.8","3.6","1005.1","1017.0"
"2026-09-24","04:39:55","Clear","Dry","Dark","-1.3","15.8","3200","57232","16.6","35%","20.8","","Opened","7.273","230","Safe","Calm","2.6","65","9.9","3.7","1005.0","1016.9"
"2026-09-24","04:40:05","Clear","Dry","Dark","-1.2","15.8","3200","57232","16.5","35%","20.7","","Opened","7.360","230","Safe","Calm","3.7","65","9.8","3.8","1005.0","1016.9"
"2026-09-24","04:40:15","Clear","Dry","Dark","-1.3","15.8","3200","57232","16.5","35%","20.6","","Opened","7.297","230","Safe","Calm","4.6","65","9.8","3.7","1005.1","1017.0"
"2026-09-24","04:40:25","Clear","Dry","Dark","-1.3","15.8","3200","57232","16.5","35%","20.5","Heating UP","Opened","7.494","230","Safe","Calm","5.5","65","9.8","3.7","1005.0","1016.9"
"2026-09-24","04:40:35","Clear","Dry","Dark","-1.3","15.8","3200","57232","16.5","36%","20.4","Heating UP","Opened","7.496","230","Safe","Calm","5.5","65","9.8","3.7","1005.0","1016.9"
"2026-09-24","04:40:46","Clear","Dry","Dark","-1.4","15.8","3328","57232","16.5","37%","20.4","Heating UP","Opened","7.627","230","Safe","Calm","5.5","65","9.9","3.6","1005.1","1017.0"
"2026-09-24","04:40:55","Clear","Dry","Dark","-1.4","15.8","3200","57232","16.5","38%","20.5","","Opened","7.360","230","Safe","Calm","4.5","65","9.9","3.6","1005.0","1016.9"
"2026-09-24","04:41:05","Clear","Dry","Dark","-1.3","15.8","3200","57232","16.5","38%","20.6","","Opened","7.300","230","Safe","Calm","3.4","65","9.9","3.7","1005.0","1016.9"
"2026-09-24","04:41:15","Clear","Dry","Dark","-1.4","15.8","3200","57232","16.5","38%","20.6","","Opened","7.355","230","Safe","Calm","2.5","65","9.9","3.6","1005.0","1016.9"
"2026-09-24","04:41:25","Clear","Dry","Dark","-1.3","15.8","3200","57232","16.5","38%","20.6","","Opened","7.280","230","Safe","Calm","1.6","65","9.9","3.7","1005.0","1016.9"
"2026-09-24","04:41:35","Clear","Dry","Dark","-1.4","15.8","3200","57232","16.5","38%","20.7","","Opened","7.359","230","Safe","Calm","1.4","65","9.9","3.6","1004.9","1016.9"
"2026-09-24","04:41:45","Clear","Dry","Dark","-1.3","15.8","3200","57232","16.5","38%","20.7","","Opened","7.468","230","Safe","Calm","0.6","65","9.9","3.7","1005.1","1017.0"
"2026-09-24","04:41:55","Clear","Dry","Dark","-1.3","15.8","3200","57232","16.4","38%","20.7","","Opened","7.375","230","Safe","Calm","0.6","65","9.9","3.7","1005.0","1016.9"
"2026-09-24","04:42:05","Clear","Dry","Dark","-1.4","15.8","3200","57232","16.5","38%","20.8","","Opened","7.311","230","Safe","Calm","1.3","66","10.0","3.6","1005.1","1017.0"
"2026-09-24","04:42:15","Clear","Dry","Dark","-1.3","15.7","3200","57232","16.4","38%","20.8","","Opened","7.390","230","Safe","Calm","1.9","66","10.0","3.7","1005.1","1017.0"
"2026-09-24","04:42:25","Clear","Dry","Dark","-1.4","15.7","3200","57232","16.4","38%","20.8","","Opened","7.329","230","Safe","Calm","2.7","66","10.1","3.6","1005.0","1016.9"
"2026-09-24","04:42:35","Clear","Dry","Dark","-1.3","15.7","3200","57232","16.4","38%","20.7","","Opened","7.282","230","Safe","Calm","2.8","66","10.1","3.7","1005.0","1016.9"
"2026-09-24","04:42:45","Clear","Dry","Dark","-1.3","15.7","3200","57232","16.4","38%","20.7","","Opened","7.503","230","Safe","Calm","3.6","66","10.2","3.7","1005.1","1017.0"
"2026-09-24","04:42:55","Clear","Dry","Dark","-1.3","15.7","3200","57232","16.4","38%","20.6","","Opened","7.316","230","Safe","Calm","4.3","67","10.2","3.6","1005.1","1017.0"
"2026-09-24","04:43:05","Clear","Dry","Dark","-1.3","15.7","3200","57232","16.4","38%","20.6","","Opened","7.390","230","Safe","Calm","4.3","67","10.2","3.6","1005.1","1017.0"
"2026-09-24","04:43:15","Clear","Dry","Dark","-1.3","15.7","3200","57232","16.4","38%","20.7","","Opened","7.335","230","Safe","Calm","4.3","67","10.2","3.6","1005.1","1017.0"
"2026-09-24","04:43:25","Clear","Dry","Dark","-1.3","15.7","3200","57232","16.4","38%","20.6","","Opened","7.280","230","Safe","Calm","4.1","67","10.2","3.7","1005.0","1016.9"
"2026-09-24","04:43:35","Clear","Dry","Dark","-1.2","15.7","3200","57232","16.4","38%","20.6","","Opened","7.369","230","Safe","Calm","4.0","67","10.2","3.7","1005.1","1017.0"
"2026-09-24","04:43:45","Clear","Dry","Dark","-1.2","15.7","3200","57232","16.4","38%","20.6","","Opened","7.440","230","Safe","Calm","4.1","67","10.3","3.7","1005.0","1016.9"
"2026-09-24","04:43:55","Clear","Dry","Dark","-1.2","15.7","3200","57232","16.3","38%","20.6","","Opened","7.389","230","Safe","Calm","4.3","67","10.3","3.7","1005.0","1016.9"
"2026-09-24","04:44:05","Clear","Dry","Dark","-1.2","15.7","3200","57232","16.3","38%","20.6","","Opened","7.330","230","Safe","Calm","4.3","67","10.3","3.7","1005.0","1016.9"
"2026-09-24","04:44:15","Clear","Dry","Dark","-1.2","15.7","3200","57232","16.3","38%","20.6","","Opened","7.283","230","Safe","Calm","4.3","67","10.3","3.7","1005.1","1017.0"
"2026-09-24","04:44:25","Clear","Dry","Dark","-1.1","15.7","3200","57232","16.3","38%","20.6","","Opened","7.351","230","Safe","Calm","4.4","67","10.2","3.8","1005.0","1016.9"
"2026-09-24","04:44:35","Clear","Dry","Dark","-1.1","15.7","3200","57232","16.3","38%","20.6","","Opened","7.299","230","Safe","Calm","4.4","67","10.3","3.8","1005.0","1016.9"
"2026-09-24","04:44:45","Clear","Dry","Dark","-1.0","15.7","3200","57232","16.3","38%","20.7","","Opened","7.505","230","Safe","Calm","4.1","67","10.3","3.9","1004.9","1016.9"
"2026-09-24","04:44:55","Clear","Dry","Dark","-1.1","15.7","3200","57232","16.3","38%","20.6","","Opened","7.314","230","Safe","Calm","4.1","67","10.2","3.8","1005.0","1016.9"
"2026-09-24","04:45:05","Clear","Dry","Dark","-1.1","15.7","3200","57232","16.3","38%","20.5","","Opened","7.380","230","Safe","Calm","4.1","68","10.3","3.8","1005.0","1016.9"
"2026-09-24","04:45:15","Clear","Dry","Dark","-1.0","15.7","3200","57232","16.3","38%","20.5","","Opened","7.303","230","Safe","Calm","4.4","68","10.3","3.9","1005.0","1016.9"
"2026-09-24","04:45:25","Clear","Dry","Dark","-1.1","15.7","3200","57232","16.3","38%","20.5","","Opened","7.387","230","Safe","Calm","4.3","68","10.3","3.8","1005.0","1016.9"
"2026-09-24","04:45:35","Clear","Dry","Dark","-1.0","15.7","3200","57232","16.2","38%","20.4","","Opened","7.336","230","Safe","Calm","4.3","68","10.3","3.8","1005.0","1016.9"
"2026-09-24","04:45:45","Clear","Dry","Dark","-0.9","15.6","3200","57232","16.2","38%","20.5","","Opened","7.419","230","Safe","Calm","4.4","68","10.3","4.0","1004.9","1016.9"
"2026-09-24","04:45:55","Clear","Dry","Dark","-1.0","15.6","3200","57232","16.2","38%","20.4","","Opened","7.362","230","Safe","Calm","4.5","68","10.3","3.8","1005.1","1017.0"
"2026-09-24","04:46:05","Clear","Dry","Dark","-0.7","15.6","3200","57232","16.2","38%","20.4","","Opened","7.308","230","Safe","Calm","4.8","68","10.3","4.1","1005.0","1016.9"
"2026-09-24","04:46:15","Clear","Dry","Dark","-1.1","15.6","3200","57232","16.2","38%","20.3","","Opened","7.369","230","Safe","Calm","4.7","68","10.3","3.7","1004.9","1016.9"
"2026-09-24","04:46:25","Clear","Dry","Dark","-1.1","15.6","3200","57232","16.2","38%","20.3","","Opened","7.327","230","Safe","Calm","5.0","68","10.3","3.7","1005.0","1016.9"
"2026-09-24","04:46:35","Clear","Dry","Dark","-1.1","15.6","3200","57232","16.2","38%","20.3","","Opened","7.300","230","Safe","Calm","5.0","68","10.3","3.7","1005.0","1016.9"
"2026-09-24","04:46:46","Clear","Dry","Dark","-1.0","15.6","3200","57232","16.2","38%","20.3","","Opened","7.508","230","Safe","Calm","4.8","68","10.3","3.8","1004.9","1016.9"
"2026-09-24","04:46:55","Clear","Dry","Dark","-1.1","15.6","3200","57232","16.2","38%","20.4","","Opened","7.324","230","Safe","Calm","4.5","68","10.3","3.7","1005.0","1016.9"
"2026-09-24","04:47:05","Clear","Dry","Dark","-1.1","15.5","3200","57232","16.1","38%","20.3","","Opened","7.266","230","Safe","Calm","3.6","68","10.3","3.6","1004.9","1016.9"
"2026-09-24","04:47:15","Clear","Dry","Dark","-1.0","15.5","3200","57232","16.1","38%","20.3","","Opened","7.343","230","Safe","Calm","3.6","68","10.3","3.7","1005.0","1016.9"
"2026-09-24","04:47:25","Clear","Dry","Dark","-1.0","15.5","3200","57232","16.1","38%","20.3","","Opened","7.290","230","Safe","Calm","3.3","69","10.3","3.8","1005.0","1016.9"
"2026-09-24","04:47:35","Clear","Dry","Dark","-1.0","15.5","3200","57232","16.1","38%","20.3","","Opened","7.352","230","Safe","Calm","3.3","69","10.3","3.7","1004.9","1016.9"
"2026-09-24","04:47:45","Clear","Dry","Dark","-0.9","15.5","3200","57232","16.1","38%","20.4","","Opened","7.437","230","Safe","Calm","2.7","69","10.3","3.8","1005.0","1016.9"
"2026-09-24","04:47:55","Clear","Dry","Dark","-1.0","15.5","3200","57232","16.1","38%","20.4","","Opened","7.368","230","Safe","Calm","2.1","69","10.3","3.8","1004.9","1016.9"
"2026-09-24","04:48:05","Clear","Dry","Dark","-0.9","15.5","3200","57232","16.1","38%","20.5","","Opened","7.312","230","Safe","Calm","2.1","69","10.4","3.8","1005.1","1017.0"
"2026-09-24","04:48:15","Clear","Dry","Dark","-1.0","15.4","3200","57232","16.1","38%","20.5","","Opened","7.378","230","Safe","Calm","1.3","69","10.3","3.7","1004.9","1016.9"
"2026-09-24","04:48:25","Clear","Dry","Dark","-0.9","15.4","3200","57232","16.1","38%","20.5","","Opened","7.323","230","Safe","Calm","0.6","69","10.3","3.8","1004.9","1016.9"
"2026-09-24","04:48:35","Clear","Dry","Dark","-0.9","15.4","3200","57232","16.0","38%","20.4","","Opened","7.272","230","Safe","Calm","0.0","69","10.3","3.8","1004.9","1016.9"
"2026-09-24","04:48:46","Clear","Dry","Dark","-0.9","15.4","3200","57232","16.0","38%","20.5","","Opened","7.485","230","Safe","Calm","0.0","69","10.3","3.8","1004.9","1016.9"
"2026-09-24","04:48:55","Clear","Dry","Dark","-0.8","15.4","3200","57232","16.0","38%","20.5","","Opened","7.294","230","Safe","Calm","0.0","69","10.3","4.0","1004.9","1016.9"
"2026-09-24","04:49:05","Clear","Dry","Dark","-0.9","15.4","3200","57232","16.0","38%","20.5","","Opened","7.365","230","Safe","Calm","0.0","69","10.3","3.8","1004.9","1016.9"
"2026-09-24","04:49:15","Clear","Dry","Dark","-1.0","15.4","3200","57232","16.0","38%","20.4","","Opened","7.315","230","Safe","Calm","0.0","69","10.4","3.7","1005.1","1017.0"
"2026-09-24","04:49:25","Clear","Dry","Dark","-0.8","15.4","3200","57232","16.0","38%","20.4","","Opened","7.383","230","Safe","Calm","0.0","69","10.4","3.9","1004.9","1016.8"
"2026-09-24","04:49:35","Clear","Dry","Dark","-0.8","15.4","3200","57232","16.0","38%","20.4","","Opened","7.328","230","Safe","Calm","0.0","69","10.4","3.9","1004.9","1016.9"
"2026-09-24","04:49:46","Clear","Dry","Dark","-0.9","15.4","3200","57232","16.0","38%","20.3","","Opened","7.533","230","Safe","Calm","0.0","69","10.4","3.8","1004.9","1016.8"
"2026-09-24","04:49:55","Clear","Dry","Dark","-0.9","15.4","3200","57232","16.0","38%","20.3","","Opened","7.358","230","Safe","Calm","0.0","69","10.3","3.7","1004.9","1016.9"
"2026-09-24","04:50:05","Clear","Dry","Dark","-0.9","15.4","3200","57232","16.0","38%","20.3","","Opened","7.308","230","Safe","Calm","0.0","69","10.3","3.8","1004.9","1016.9"
"2026-09-24","04:50:15","Clear","Dry","Dark","-0.8","15.4","3200","57232","16.0","38%","20.3","","Opened","7.368","230","Safe","Calm","0.0","69","10.4","3.8","1004.9","1016.9"
"2026-09-24","04:50:25","Clear","Dry","Dark","-0.9","15.4","3200","57232","15.9","38%","20.4","","Opened","7.329","230","Safe","Calm","0.0","69","10.4","3.8","1004.9","1016.9"
"2026-09-24","04:50:35","Clear","Dry","Dark","-0.9","15.3","3200","57232","16.0","38%","20.3","","Opened","7.394","230","Safe","Calm","0.0","69","10.4","3.8","1004.9","1016.8"
"2026-09-24","04:50:46","Clear","Dry","Dark","-0.8","15.3","3200","57232","15.9","38%","20.3","","Opened","7.482","230","Safe","Calm","0.0","69","10.4","3.8","1004.9","1016.9"
"2026-09-24","04:50:55","Clear","Dry","Dark","-0.9","15.3","3200","57232","15.9","38%","20.3","","Opened","7.298","230","Safe","Calm","0.0","70","10.4","3.7","1004.9","1016.9"
"2026-09-24","04:51:05","Clear","Dry","Dark","-1.1","15.3","3200","57232","15.9","38%","20.3","","Opened","7.377","230","Safe","Calm","0.0","70","10.4","3.5","1004.9","1016.8"
"2026-09-24","04:51:15","Clear","Dry","Dark","-0.9","15.3","3200","57232","15.9","38%","20.4","","Opened","7.318","230","Safe","Calm","0.0","70","10.4","3.8","1004.9","1016.8"
"2026-09-24","04:51:25","Clear","Dry","Dark","-1.0","15.3","3200","57232","15.9","38%","20.4","","Opened","7.389","230","Safe","Calm","0.0","70","10.4","3.6","1004.9","1016.9"
"2026-09-24","04:51:35","Clear","Dry","Dark","-0.9","15.3","3200","57232","15.9","38%","20.4","","Opened","7.342","230","Safe","Calm","0.0","70","10.4","3.7","1004.8","1016.7"
"2026-09-24","04:51:45","Clear","Dry","Dark","-0.8","15.3","3200","57232","15.9","38%","20.3","","Opened","7.426","230","Safe","Calm","0.6","70","10.4","3.8","1004.9","1016.9"
"2026-09-24","04:51:55","Clear","Dry","Dark","-1.1","15.3","3200","57232","15.9","38%","20.3","","Opened","7.351","230","Safe","Calm","0.6","70","10.3","3.5","1004.9","1016.8"
"2026-09-24","04:52:05","Clear","Dry","Dark","-1.1","15.3","3200","57232","15.9","38%","20.3","","Opened","7.292","230","Safe","Calm","1.3","70","10.3","3.5","1004.9","1016.8"
"2026-09-24","04:52:15","Clear","Dry","Dark","-1.0","15.3","3200","57232","15.9","38%","20.3","","Opened","7.375","230","Safe","Calm","1.9","70","10.3","3.6","1004.9","1016.9"
"2026-09-24","04:52:25","Clear","Dry","Dark","-1.1","15.3","3200","57232","15.9","38%","20.4","","Opened","7.307","230","Safe","Calm","1.9","70","10.3","3.5","1004.9","1016.9"
"2026-09-24","04:52:35","Clear","Dry","Dark","-1.1","15.3","3200","57232","15.9","38%","20.4","","Opened","7.383","230","Safe","Calm","1.9","70","10.4","3.5","1004.9","1016.8"
"2026-09-24","04:52:46","Clear","Dry","Dark","-1.1","15.3","3200","57232","15.9","38%","20.5","","Opened","7.479","230","Safe","Calm","1.3","70","10.3","3.5","1004.9","1016.8"
"2026-09-24","04:52:55","Clear","Dry","Dark","-1.1","15.3","3200","57232","15.9","38%","20.5","","Opened","7.270","230","Safe","Calm","1.3","69","10.3","3.5","1004.9","1016.9"
"2026-09-24","04:53:05","Clear","Dry","Dark","-1.1","15.3","3200","57232","15.9","38%","20.5","","Opened","7.346","230","Safe","Calm","0.6","70","10.3","3.5","1005.1","1017.0"
"2026-09-24","04:53:15","Clear","Dry","Dark","-1.1","15.3","3200","57232","15.9","38%","20.6","","Opened","7.298","230","Safe","Calm","0.0","69","10.3","3.5","1005.0","1016.9"
"2026-09-24","04:53:25","Clear","Dry","Dark","-1.1","15.3","3200","57232","15.9","38%","20.6","","Opened","7.374","230","Safe","Calm","0.0","69","10.3","3.5","1004.9","1016.8"
"2026-09-24","04:53:36","Clear","Dry","Dark","-1.1","15.3","3200","57232","15.9","38%","20.7","Heating DOWN","Opened","7.434","230","Safe","Calm","0.0","69","10.3","3.5","1004.9","1016.9"
"2026-09-24","04:53:46","Clear","Dry","Dark","-1.1","15.3","3328","57232","15.9","37%","20.7","Heating DOWN","Opened","7.560","230","Safe","Calm","0.0","69","10.3","3.5","1004.9","1016.9"
"2026-09-24","04:53:56","Clear","Dry","Dark","-1.2","15.3","3200","57232","15.9","36%","20.8","Heating DOWN","Opened","7.425","230","Safe","Calm","0.0","69","10.3","3.4","1004.9","1016.9"
"2026-09-24","04:54:05","Clear","Dry","Dark","-1.0","15.3","3200","57232","15.9","35%","20.8","Heating DOWN","Opened","7.408","230","Safe","Calm","0.0","69","10.3","3.6","1004.9","1016.9"
"2026-09-24","04:54:15","Clear","Dry","Dark","-1.2","15.3","3200","57232","15.9","34%","20.7","","Opened","7.270","230","Safe","Calm","0.0","69","10.3","3.4","1004.9","1016.9"
"2026-09-24","04:54:26","Clear","Dry","Dark","-1.1","15.3","3200","57232","15.9","34%","20.8","Heating DOWN","Opened","7.468","230","Safe","Calm","0.0","69","10.3","3.5","1004.9","1016.9"
"2026-09-24","04:54:35","Clear","Dry","Dark","-1.2","15.3","3328","57232","15.9","33%","20.7","","Opened","7.339","230","Safe","Calm","0.0","69","10.3","3.4","1004.9","1016.9"
"2026-09-24","04:54:46","Clear","Dry","Dark","-1.0","15.3","3328","57232","15.9","33%","20.8","Heating DOWN","Opened","7.544","230","Safe","Calm","0.0","69","10.3","3.6","1004.9","1016.9"
"2026-09-24","04:54:55","Clear","Dry","Dark","-1.2","15.4","3200","57232","15.9","32%","20.7","","Opened","7.289","230","Safe","Calm","0.0","69","10.2","3.4","1004.9","1016.9"
"2026-09-24","04:55:06","Clear","Dry","Dark","-1.2","15.3","3200","57232","15.9","32%","20.7","Heating DOWN","Opened","7.478","230","Safe","Calm","0.0","69","10.2","3.4","1004.9","1016.9"
"2026-09-24","04:55:16","Clear","Dry","Dark","-1.2","15.3","3200","57232","15.9","31%","20.7","Heating DOWN","Opened","7.470","230","Safe","Calm","0.0","69","10.3","3.4","1004.9","1016.9"
"2026-09-24","04:55:26","Clear","Dry","Dark","-1.2","15.4","3200","57232","15.9","30%","20.7","Heating DOWN","Opened","7.468","230","Safe","Calm","0.0","69","10.2","3.4","1004.9","1016.9"
"2026-09-24","04:55:36","Clear","Dry","Dark","-1.1","15.3","3328","57232","15.9","29%","20.7","Heating DOWN","Opened","7.462","230","Safe","Calm","0.0","69","10.2","3.5","1005.0","1016.9"
"2026-09-24","04:55:46","Clear","Dry","Dark","-1.1","15.3","3200","57232","15.9","28%","20.7","Heating DOWN","Opened","7.586","230","Safe","Calm","0.0","69","10.2","3.5","1004.9","1016.9"
"2026-09-24","04:55:55","Clear","Dry","Dark","-1.0","15.4","3200","57232","15.9","27%","20.6","","Opened","7.326","230","Safe","Calm","0.0","69","10.2","3.6","1004.9","1016.8"
"2026-09-24","04:56:05","Clear","Dry","Dark","-1.1","15.4","3200","57232","15.9","27%","20.5","","Opened","7.396","230","Safe","Calm","0.0","69","10.2","3.5","1005.0","1016.9"
"2026-09-24","04:56:15","Clear","Dry","Dark","-1.1","15.4","3200","57232","15.9","27%","20.4","","Opened","7.338","230","Safe","Calm","0.0","69","10.3","3.5","1004.9","1016.9"
"2026-09-24","04:56:25","Clear","Dry","Dark","-1.2","15.3","3200","57232","15.9","27%","20.4","","Opened","7.295","230","Safe","Calm","0.0","69","10.2","3.5","1005.0","1016.9"
"2026-09-24","04:56:35","Clear","Dry","Dark","-1.2","15.3","3200","57232","15.9","27%","20.4","","Opened","7.363","230","Safe","Calm","0.0","69","10.2","3.5","1004.9","1016.9"
"2026-09-24","04:56:46","Clear","Dry","Dark","-1.2","15.3","3200","57232","15.9","27%","20.4","","Opened","7.455","230","Safe","Calm","0.0","69","10.2","3.5","1005.1","1017.0"
"2026-09-24","04:56:55","Clear","Dry","Dark","-1.3","15.3","3200","57232","15.9","27%","20.4","","Opened","7.386","230","Safe","Calm","0.0","69","10.2","3.3","1005.0","1016.9"
"2026-09-24","04:57:05","Clear","Dry","Dark","-1.1","15.3","3200","57232","15.9","27%","20.3","","Opened","7.334","230","Safe","Calm","0.0","69","10.2","3.5","1004.9","1016.9"
"2026-09-24","04:57:15","Clear","Dry","Dark","-1.2","15.3","3200","57232","16.0","27%","20.3","","Opened","7.276","230","Safe","Calm","0.0","69","10.2","3.5","1004.9","1016.9"
"2026-09-24","04:57:25","Clear","Dry","Dark","-1.2","15.3","3200","57232","15.9","27%","20.3","","Opened","7.351","230","Safe","Calm","0.0","69","10.2","3.5","1005.0","1016.9"
"2026-09-24","04:57:35","Clear","Dry","Dark","-1.2","15.3","3200","57232","15.9","27%","20.3","","Opened","7.291","230","Safe","Calm","0.0","69","10.2","3.4","1005.0","1016.9"
"2026-09-24","04:57:46","Clear","Dry","Dark","-1.1","15.3","3200","57232","15.9","27%","20.2","","Opened","7.503","230","Safe","Calm","0.0","69","10.2","3.5","1004.9","1016.9"
"2026-09-24","04:57:55","Clear","Dry","Dark","-1.1","15.3","3200","57232","16.0","27%","20.2","","Opened","7.322","230","Safe","Calm","0.0","69","10.2","3.5","1004.9","1016.9"
"2026-09-24","04:58:05","Clear","Dry","Dark","-1.1","15.3","3200","57232","15.9","27%","20.2","","Opened","7.267","230","Safe","Calm","0.0","69","10.2","3.6","1005.0","1016.9"
"2026-09-24","04:58:15","Clear","Dry","Dark","-1.2","15.3","3200","57232","16.0","27%","20.2","","Opened","7.325","230","Safe","Calm","0.0","69","10.2","3.5","1004.9","1016.9"
"2026-09-24","04:58:25","Clear","Dry","Dark","-1.2","15.3","3200","57232","16.0","27%","20.2","","Opened","7.279","230","Safe","Calm","0.0","69","10.2","3.5","1004.9","1016.9"
"2026-09-24","04:58:35","Clear","Dry","Dark","-1.2","15.3","3200","57232","16.0","27%","20.2","","Opened","7.350","230","Safe","Calm","0.0","69","10.2","3.5","1005.0","1016.9"
"2026-09-24","04:58:46","Clear","Dry","Dark","-1.2","15.3","3200","57232","16.0","27%","20.2","","Opened","7.430","230","Safe","Calm","0.0","69","10.2","3.5","1005.0","1016.9"
"2026-09-24","04:58:55","Clear","Dry","Dark","-1.2","15.2","3200","57232","16.0","27%","20.2","","Opened","7.383","230","Safe","Calm","0.0","68","10.2","3.5","1004.9","1016.9"
"2026-09-24","04:59:05","Clear","Dry","Dark","-1.2","15.2","3200","57232","16.0","27%","20.2","","Opened","7.329","230","Safe","Calm","0.0","68","10.2","3.5","1004.9","1016.8"
"2026-09-24","04:59:15","Clear","Dry","Dark","-1.2","15.2","3200","57232","16.0","27%","20.2","","Opened","7.265","230","Safe","Calm","0.0","68","10.2","3.5","1004.9","1016.9"
"2026-09-24","04:59:25","Clear","Dry","Dark","-1.2","15.2","3200","57232","16.0","27%","20.2","","Opened","7.339","230","Safe","Calm","0.0","68","10.2","3.5","1005.0","1016.9"
"2026-09-24","04:59:36","Clear","Dry","Dark","-1.4","15.2","3200","57232","16.0","27%","20.1","Heating UP","Opened","7.416","230","Safe","Calm","0.0","68","10.2","3.3","1004.9","1016.9"
"2026-09-24","04:59:46","Clear","Dry","Dark","-1.3","15.2","3200","57232","16.0","28%","20.1","Heating UP","Opened","7.546","230","Safe","Calm","0.0","68","10.2","3.4","1004.9","1016.9"
"2026-09-24","04:59:56","Clear","Dry","Dark","-1.3","15.2","3328","57232","16.0","29%","20.1","Heating UP","Opened","7.404","230","Safe","Calm","0.0","68","10.2","3.4","1005.0","1016.9"
"2026-09-24","05:00:05","Clear","Dry","Dark","-1.3","15.2","3200","57232","16.0","30%","20.0","Heating UP","Opened","7.385","230","Safe","Calm","0.0","68","10.1","3.4","1004.9","1016.8"
"2026-09-24","05:00:15","Clear","Dry","Dark","-1.4","15.2","3200","57232","16.0","31%","20.1","","Opened","7.387","230","Safe","Calm","0.0","68","10.1","3.3","1004.9","1016.9"
"2026-09-24","05:00:26","Clear","Dry","Dark","-1.4","15.1","3200","57232","16.0","31%","20.1","Heating UP","Opened","7.453","230","Safe","Calm","0.0","68","10.1","3.3","1005.0","1016.9"
"2026-09-24","05:00:36","Clear","Dry","Dark","-1.4","15.1","3200","57232","16.0","32%","20.1","Heating UP","Opened","7.448","230","Safe","Calm","0.0","68","10.1","3.3","1004.9","1016.9"
"2026-09-24","05:00:46","Clear","Dry","Dark","-1.3","15.1","3328","57232","16.0","33%","20.1","Heating UP","Opened","7.559","230","Safe","Calm","0.0","68","10.1","3.4","1004.9","1016.9"
"2026-09-24","05:00:55","Clear","Dry","Dark","-1.4","15.2","3200","57232","16.0","34%","20.2","","Opened","7.300","230","Safe","Calm","0.0","68","10.1","3.3","1004.9","1016.8"
"2026-09-24","05:01:05","Clear","Dry","Dark","-1.4","15.1","3200","57232","16.0","34%","20.2","","Opened","7.366","230","Safe","Calm","0.0","68","10.1","3.3","1004.8","1016.7"
"2026-09-24","05:01:15","Clear","Dry","Dark","-1.3","15.1","3200","57232","16.0","34%","20.2","","Opened","7.309","230","Safe","Calm","0.0","68","10.1","3.4","1004.9","1016.9"
"2026-09-24","05:01:25","Clear","Dry","Dark","-1.3","15.1","3200","57232","16.0","34%","20.2","","Opened","7.385","230","Safe","Calm","0.0","68","10.1","3.4","1004.9","1016.8"
"2026-09-24","05:01:35","Clear","Dry","Dark","-1.4","15.1","3200","57232","16.1","34%","20.3","","Opened","7.329","230","Safe","Calm","0.0","68","10.1","3.3","1004.9","1016.9"
"2026-09-24","05:01:46","Clear","Dry","Dark","-1.5","15.1","3200","57232","16.0","34%","20.4","","Opened","7.416","230","Safe","Calm","0.0","68","10.0","3.3","1004.9","1016.8"
"2026-09-24","05:01:55","Clear","Dry","Dark","-1.5","15.1","3200","57232","16.1","34%","20.5","","Opened","7.368","230","Safe","Calm","0.0","68","10.1","3.2","1004.9","1016.8"
"2026-09-24","05:02:05","Clear","Dry","Dark","-1.5","15.1","3200","57232","16.1","34%","20.6","","Opened","7.298","230","Safe","Calm","0.0","68","10.1","3.2","1004.9","1016.9"
"2026-09-24","05:02:15","Clear","Dry","Dark","-1.5","15.1","3200","57232","16.1","34%","20.6","","Opened","7.372","230","Safe","Calm","0.0","67","10.1","3.2","1004.9","1016.8"
"2026-09-24","05:02:25","Clear","Dry","Dark","-1.5","15.1","3200","57232","16.1","34%","20.7","","Opened","7.317","230","Safe","Calm","0.0","67","10.1","3.2","1005.0","1016.9"
"2026-09-24","05:02:35","Clear","Dry","Dark","-1.5","15.1","3200","57232","16.1","34%","20.8","","Opened","7.277","230","Safe","Calm","0.0","67","10.1","3.2","1005.0","1016.9"
"2026-09-24","05:02:46","Clear","Dry","Dark","-1.5","15.1","3200","57232","16.1","34%","20.8","","Opened","7.488","230","Safe","Calm","0.0","67","10.1","3.3","1004.9","1016.8"
"2026-09-24","05:02:56","Clear","Dry","Dark","-1.6","15.1","3200","57232","16.1","34%","21.0","Heating DOWN","Opened","7.393","230","Safe","Calm","0.0","67","10.1","3.2","1004.9","1016.9"
"2026-09-24","05:03:06","Clear","Dry","Dark","-1.4","15.1","3328","57232","16.1","33%","21.0","Heating DOWN","Opened","7.404","230","Safe","Calm","0.0","67","10.1","3.4","1004.9","1016.8"
"2026-09-24","05:03:16","Clear","Dry","Dark","-1.4","15.1","3200","57232","16.1","32%","21.0","Heating DOWN","Opened","7.382","230","Safe","Calm","0.0","67","10.1","3.4","1004.9","1016.9"
"2026-09-24","05:03:26","Clear","Dry","Dark","-1.5","15.1","3200","57232","16.1","31%","21.0","Heating DOWN","Opened","7.506","230","Safe","Calm","0.0","67","10.1","3.3","1004.9","1016.9"
"2026-09-24","05:03:36","Clear","Dry","Dark","-1.4","15.1","3200","57232","16.1","30%","21.0","Heating DOWN","Opened","7.491","230","Safe","Calm","0.0","67","10.1","3.3","1004.9","1016.8"
"2026-09-24","05:03:46","Clear","Dry","Dark","-1.5","15.1","3328","57232","16.1","29%","21.0","Heating DOWN","Opened","7.620","230","Safe","Calm","0.0","67","10.1","3.3","1004.9","1016.9"
"2026-09-24","05:03:56","Clear","Dry","Dark","-1.5","15.1","3200","57232","16.1","28%","21.0","Heating DOWN","Opened","7.474","230","Safe","Calm","0.0","67","10.1","3.3","1004.9","1016.8"
"2026-09-24","05:04:06","Clear","Dry","Dark","-1.4","15.1","3200","57232","16.1","27%","20.9","","Opened","7.347","230","Safe","Calm","0.0","67","10.0","3.3","1004.9","1016.9"
"2026-09-24","05:04:15","Clear","Dry","Dark","-1.5","15.2","3200","57232","16.2","27%","20.8","","Opened","7.304","230","Safe","Calm","0.0","67","10.1","3.3","1004.9","1016.8"
"2026-09-24","05:04:26","Clear","Dry","Dark","-1.4","15.2","3200","57232","16.1","27%","20.8","","Opened","7.371","230","Safe","Calm","0.0","67","10.0","3.3","1004.9","1016.9"
"2026-09-24","05:04:35","Clear","Dry","Dark","-1.5","15.1","3200","57232","16.1","27%","20.7","","Opened","7.321","230","Safe","Calm","0.0","67","10.0","3.3","1004.9","1016.9"
"2026-09-24","05:04:46","Clear","Dry","Dark","-1.5","15.2","3200","57232","16.2","27%","20.6","","Opened","7.405","230","Safe","Calm","0.0","67","10.0","3.3","1004.9","1016.9"
"2026-09-24","05:04:56","Clear","Dry","Dark","-1.5","15.2","3200","57232","16.2","27%","20.6","","Opened","7.346","230","Safe","Calm","0.0","67","10.0","3.3","1004.9","1016.9"
"2026-09-24","05:05:05","Clear","Dry","Dark","-1.2","15.2","3200","57232","16.1","27%","20.6","","Opened","7.295","230","Safe","Calm","0.0","67","10.0","3.5","1004.9","1016.9"
"2026-09-24","05:05:16","Clear","Dry","Dark","-1.4","15.2","3200","57232","16.2","27%","20.5","","Opened","7.357","230","Safe","Calm","0.0","67","10.0","3.5","1004.9","1016.8"
"2026-09-24","05:05:25","Clear","Dry","Dark","-1.3","15.2","3200","57232","16.2","27%","20.4","","Opened","7.312","230","Safe","Calm","0.0","67","10.0","3.5","1004.9","1016.8"
"2026-09-24","05:05:36","Clear","Dry","Dark","-1.4","15.3","3200","57232","16.2","27%","20.4","","Opened","7.391","230","Safe","Calm","0.0","67","10.0","3.4","1004.9","1016.8"
"2026-09-24","05:05:46","Clear","Dry","Dark","-1.4","15.3","3200","57232","16.2","27%","20.4","","Opened","7.480","230","Safe","Calm","0.0","67","10.0","3.5","1004.9","1016.9"
"2026-09-24","05:05:55","Clear","Dry","Dark","-1.1","15.3","3200","57232","16.2","27%","20.3","","Opened","7.293","230","Safe","Calm","0.0","67","10.0","3.7","1004.9","1016.9"
"2026-09-24","05:06:06","Clear","Dry","Dark","-1.3","15.3","3200","57232","16.2","27%","20.3","","Opened","7.345","230","Safe","Calm","0.0","67","10.0","3.5","1004.9","1016.8"
"2026-09-24","05:06:16","Clear","Dry","Dark","-1.3","15.3","3200","57232","16.2","27%","20.2","Heating UP","Opened","7.401","230","Safe","Calm","0.0","67","10.0","3.5","1005.0","1016.9"
"2026-09-24","05:06:26","Clear","Dry","Dark","-1.2","15.3","3200","57232","16.2","28%","20.1","Heating UP","Opened","7.402","230","Safe","Calm","0.0","67","10.0","3.6","1004.9","1016.9"
"2026-09-24","05:06:36","Clear","Dry","Dark","-1.3","15.3","3200","57232","16.2","30%","20.1","Heating UP","Opened","7.512","230","Safe","Calm","0.0","67","10.0","3.5","1005.0","1016.9"
"2026-09-24","05:06:46","Clear","Dry","Dark","-1.2","15.3","3200","57232","16.2","32%","20.0","Heating UP","Opened","7.645","230","Safe","Calm","0.0","67","10.0","3.6","1004.9","1016.8"
"2026-09-24","05:06:56","Clear","Dry","Dark","-1.3","15.4","3200","57232","16.2","34%","20.1","","Opened","7.386","230","Safe","Calm","0.0","67","10.0","3.5","1004.9","1016.8"
"2026-09-24","05:07:06","Clear","Dry","Dark","-1.3","15.4","3200","57232","16.2","34%","20.1","Heating UP","Opened","7.447","230","Safe","Calm","0.0","67","10.0","3.6","1004.9","1016.9"
"2026-09-24","05:07:16","Clear","Dry","Dark","-1.3","15.4","3200","57232","16.2","36%","20.1","Heating UP","Opened","7.435","230","Safe","Calm","0.0","67","10.0","3.5","1004.9","1016.9"
"2026-09-24","05:07:25","Clear","Dry","Dark","-1.3","15.4","3200","57232","16.2","38%","20.2","","Opened","7.316","230","Safe","Calm","0.0","67","10.0","3.5","1004.9","1016.8"
"2026-09-24","05:07:36","Clear","Dry","Dark","-1.3","15.4","3200","57232","16.2","38%","20.3","","Opened","7.387","230","Safe","Calm","0.0","66","10.0","3.5","1005.0","1016.9"
"2026-09-24","05:07:46","Clear","Dry","Dark","-1.3","15.4","3200","57232","16.2","38%","20.4","","Opened","7.461","230","Safe","Calm","0.0","66","10.0","3.6","1004.9","1016.9"
"2026-09-24","05:07:55","Clear","Dry","Dark","-1.3","15.4","3200","57232","16.2","38%","20.4","","Opened","7.286","230","Safe","Calm","0.0","66","10.0","3.6","1004.9","1016.9"
"2026-09-24","05:08:06","Clear","Dry","Dark","-1.4","15.4","3200","57232","16.3","38%","20.5","","Opened","7.358","230","Safe","Calm","0.0","66","10.0","3.5","1004.9","1016.9"
"2026-09-24","05:08:15","Clear","Dry","Dark","-1.4","15.4","3200","57232","16.3","38%","20.6","","Opened","7.299","230","Safe","Calm","0.0","66","10.0","3.5","1005.0","1016.9"
"2026-09-24","05:08:26","Clear","Dry","Dark","-1.3","15.4","3200","57232","16.3","38%","20.7","","Opened","7.386","230","Safe","Calm","0.0","66","10.0","3.5","1004.9","1016.9"
"2026-09-24","05:08:35","Clear","Dry","Dark","-1.3","15.4","3200","57232","16.2","38%","20.7","","Opened","7.331","230","Safe","Calm","0.0","66","10.0","3.6","1004.9","1016.9"
"2026-09-24","05:08:46","Clear","Dry","Dark","-1.5","15.4","3200","57232","16.3","38%","20.8","","Opened","7.537","230","Safe","Calm","0.0","66","10.0","3.4","1004.9","1016.9"
"2026-09-24","05:08:56","Clear","Dry","Dark","-1.4","15.4","3200","57232","16.3","38%","20.8","","Opened","7.351","230","Safe","Calm","0.0","66","10.0","3.4","1004.9","1016.9"
"2026-09-24","05:09:05","Clear","Dry","Dark","-1.3","15.4","3200","57232","16.3","38%","20.8","","Opened","7.289","230","Safe","Calm","0.0","66","10.0","3.6","1004.9","1016.9"
"2026-09-24","05:09:16","Clear","Dry","Dark","-1.5","15.4","3200","57232","16.3","38%","20.8","","Opened","7.363","230","Safe","Calm","0.0","66","10.0","3.4","1004.9","1016.9"
"2026-09-24","05:09:25","Clear","Dry","Dark","-1.3","15.4","3200","57232","16.3","38%","20.8","","Opened","7.323","230","Safe","Calm","0.0","66","10.0","3.6","1004.9","1016.8"
"2026-09-24","05:09:36","Clear","Dry","Dark","-1.4","15.4","3200","57232","16.3","38%","20.8","","Opened","7.396","230","Safe","Calm","0.0","66","10.0","3.5","1004.9","1016.9"
"2026-09-24","05:09:46","Clear","Dry","Dark","-1.3","15.4","3200","57232","16.3","38%","20.8","","Opened","7.485","230","Safe","Calm","0.0","66","10.0","3.6","1004.9","1016.8"
"2026-09-24","05:09:55","Clear","Dry","Dark","-1.4","15.4","3200","57232","16.3","38%","20.7","","Opened","7.291","230","Safe","Calm","0.0","66","10.0","3.4","1004.9","1016.9"
"2026-09-24","05:10:06","Clear","Dry","Dark","-1.3","15.4","3200","57232","16.3","38%","20.7","","Opened","7.347","230","Safe","Calm","0.0","66","10.0","3.5","1004.9","1016.9"
"2026-09-24","05:10:15","Clear","Dry","Dark","-1.4","15.5","3200","57232","16.3","38%","20.7","","Opened","7.291","230","Safe","Calm","0.0","66","10.0","3.5","1004.9","1016.9"
"2026-09-24","05:10:26","Clear","Dry","Dark","-1.3","15.5","3200","57232","16.3","38%","20.8","","Opened","7.362","230","Safe","Calm","0.0","66","10.0","3.6","1004.9","1016.9"
"2026-09-24","05:10:36","Clear","Dry","Dark","-1.3","15.5","3200","57232","16.3","38%","20.8","","Opened","7.325","230","Safe","Calm","0.0","66","10.0","3.5","1004.9","1016.9"
"2026-09-24","05:10:46","Clear","Dry","Dark","-1.3","15.5","3200","57232","16.3","38%","20.7","","Opened","7.535","230","Safe","Calm","0.0","66","10.0","3.5","1005.0","1016.9"
"2026-09-24","05:10:56","Clear","Dry","Dark","-1.2","15.5","3200","57232","16.3","38%","20.7","","Opened","7.356","230","Safe","Calm","0.0","66","10.0","3.7","1005.0","1016.9"
"2026-09-24","05:11:05","Clear","Dry","Dark","-1.4","15.5","3200","57232","16.3","38%","20.6","","Opened","7.291","230","Safe","Calm","0.0","66","10.0","3.5","1004.9","1016.8"
"2026-09-24","05:11:16","Clear","Dry","Dark","-1.3","15.5","3200","57232","16.3","38%","20.7","","Opened","7.345","230","Safe","Calm","0.0","66","10.0","3.6","1004.9","1016.9"
"2026-09-24","05:11:25","Clear","Dry","Dark","-1.4","15.5","3200","57232","16.3","38%","20.7","","Opened","7.302","230","Safe","Calm","0.0","66","10.0","3.5","1005.0","1016.9"
"2026-09-24","05:11:36","Clear","Dry","Dark","-1.3","15.5","3200","57232","16.3","38%","20.8","","Opened","7.379","230","Safe","Calm","0.0","66","10.0","3.6","1004.9","1016.9"
"2026-09-24","05:11:46","Clear","Dry","Dark","-1.2","15.5","3200","57232","16.3","38%","20.7","","Opened","7.459","230","Safe","Calm","0.0","66","10.0","3.7","1004.9","1016.9"
"2026-09-24","05:11:55","Clear","Dry","Dark","-1.3","15.5","3200","57232","16.3","38%","20.7","","Opened","7.279","230","Safe","Calm","0.0","66","10.0","3.5","1005.1","1017.0"
"2026-09-24","05:12:06","Clear","Dry","Dark","-1.3","15.5","3200","57232","16.3","38%","20.7","","Opened","7.355","230","Safe","Calm","0.0","66","10.0","3.6","1005.1","1017.0"
"2026-09-24","05:12:15","Clear","Dry","Dark","-1.3","15.5","3200","57232","16.3","38%","20.7","","Opened","7.286","230","Safe","Calm","0.0","66","10.0","3.6","1004.9","1016.9"
"2026-09-24","05:12:26","Clear","Dry","Dark","-1.3","15.5","3200","57232","16.3","38%","20.7","","Opened","7.377","230","Safe","Calm","0.0","66","10.0","3.6","1004.9","1016.8"
"2026-09-24","05:12:36","Clear","Dry","Dark","-1.2","15.5","3200","57232","16.3","38%","20.7","","Opened","7.328","230","Safe","Calm","0.0","66","10.0","3.7","1004.9","1016.9"
"2026-09-24","05:12:46","Clear","Dry","Dark","-1.3","15.5","3200","57232","16.3","38%","20.7","","Opened","7.532","230","Safe","Calm","0.0","66","10.0","3.6","1004.9","1016.9"
"2026-09-24","05:12:56","Clear","Dry","Dark","-1.1","15.5","3200","57232","16.3","38%","20.7","","Opened","7.350","230","Safe","Calm","0.0","66","10.0","3.8","1004.9","1016.9"
"2026-09-24","05:13:05","Clear","Dry","Dark","-1.2","15.5","3200","57232","16.3","38%","20.7","","Opened","7.284","230","Safe","Calm","0.0","66","10.0","3.7","1004.9","1016.9"
"2026-09-24","05:13:16","Clear","Dry","Dark","-1.2","15.5","3200","57232","16.3","38%","20.7","","Opened","7.353","230","Safe","Calm","0.0","66","10.0","3.7","1005.0","1016.9"
"2026-09-24","05:13:25","Clear","Dry","Dark","-1.3","15.5","3200","57232","16.3","38%","20.8","","Opened","7.312","230","Safe","Calm","0.0","66","10.0","3.6","1004.9","1016.9"
"2026-09-24","05:13:36","Clear","Dry","Dark","-1.1","15.5","3200","57232","16.3","38%","20.8","","Opened","7.387","230","Safe","Calm","0.0","66","10.0","3.8","1004.9","1016.9"
"2026-09-24","05:13:46","Clear","Dry","Dark","-1.2","15.5","3200","57232","16.3","38%","20.8","","Opened","7.470","230","Safe","Calm","0.0","66","10.0","3.7","1004.9","1016.9"
"2026-09-24","05:13:55","Clear","Dry","Dark","-1.1","15.5","3200","57232","16.3","38%","20.9","","Opened","7.276","230","Safe","Calm","0.0","66","10.0","3.8","1004.9","1016.9"
"2026-09-24","05:14:06","Clear","Dry","Dark","-1.2","15.5","3200","57232","16.3","38%","20.9","","Opened","7.349","230","Safe","Calm","0.0","66","10.0","3.7","1005.0","1016.9"
"2026-09-24","05:14:15","Clear","Dry","Dark","-1.1","15.6","3200","57232","16.3","38%","20.9","","Opened","7.299","230","Safe","Calm","0.0","66","10.0","3.8","1004.9","1016.8"
"2026-09-24","05:14:26","Clear","Dry","Dark","-1.2","15.5","3200","57232","16.4","38%","21.0","","Opened","7.379","230","Safe","Calm","0.0","66","10.1","3.7","1004.9","1016.9"
"2026-09-24","05:14:36","Clear","Dry","Dark","-1.0","15.6","3200","57232","16.4","38%","21.0","","Opened","7.331","230","Safe","Calm","0.0","66","10.0","3.9","1004.9","1016.8"
"2026-09-24","05:14:46","Clear","Dry","Dark","-1.3","15.6","3200","57232","16.4","38%","21.1","Heating DOWN","Opened","7.538","230","Safe","Calm","0.0","66","10.1","3.7","1004.9","1016.9"
"2026-09-24","05:14:56","Clear","Dry","Dark","-1.2","15.6","3328","57232","16.4","37%","21.2","Heating DOWN","Opened","7.393","230","Safe","Calm","0.0","66","10.1","3.7","1004.9","1016.8"
"2026-09-24","05:15:06","Clear","Dry","Dark","-1.2","15.5","3200","57232","16.4","36%","21.2","Heating DOWN","Opened","7.498","230","Safe","Calm","0.0","66","10.1","3.7","1005.0","1016.9"
"2026-09-24","05:15:16","Clear","Dry","Dark","-1.1","15.6","3200","57232","16.4","35%","21.2","Heating DOWN","Opened","7.486","230","Safe","Calm","0.0","66","10.1","3.8","1005.0","1016.9"
"2026-09-24","05:15:26","Clear","Dry","Dark","-1.1","15.6","3200","57232","16.4","34%","21.2","Heating DOWN","Opened","7.479","230","Safe","Calm","0.0","66","10.1","3.8","1004.9","1016.9"
"2026-09-24","05:15:36","Clear","Dry","Dark","-1.1","15.6","3328","57232","16.4","33%","21.1","","Opened","7.361","230","Safe","Calm","0.0","66","10.1","3.8","1004.9","1016.9"
"2026-09-24","05:15:46","Clear","Dry","Dark","-1.3","15.6","3328","57232","16.4","33%","21.2","Heating DOWN","Opened","7.555","230","Safe","Calm","0.0","66","10.0","3.7","1004.9","1016.9"
"2026-09-24","05:15:56","Clear","Dry","Dark","-1.3","15.6","3200","57232","16.4","32%","21.2","Heating DOWN","Opened","7.419","230","Safe","Calm","0.0","66","10.0","3.6","1004.9","1016.9"
"2026-09-24","05:16:06","Clear","Dry","Dark","-1.3","15.6","3200","57232","16.4","31%","21.2","Heating DOWN","Opened","7.409","230","Safe","Calm","0.0","66","10.0","3.7","1004.9","1016.9"
"2026-09-24","05:16:15","Clear","Dry","Dark","-1.3","15.6","3200","57232","16.4","30%","21.1","","Opened","7.269","230","Safe","Calm","0.0","66","10.1","3.7","1004.9","1016.9"
"2026-09-24","05:16:26","Clear","Dry","Dark","-1.3","15.6","3200","57232","16.4","30%","21.1","","Opened","7.352","230","Safe","Calm","0.0","66","10.1","3.7","1004.9","1016.9"
"2026-09-24","05:16:35","Clear","Dry","Dark","-1.3","15.6","3200","57232","16.4","30%","21.1","","Opened","7.299","230","Safe","Calm","0.0","66","10.1","3.7","1004.9","1016.9"
"2026-09-24","05:16:46","Clear","Dry","Dark","-1.2","15.6","3200","57232","16.4","30%","21.0","","Opened","7.520","230","Safe","Calm","0.0","66","10.1","3.7","1005.1","1017.0"
"2026-09-24","05:16:56","Clear","Dry","Dark","-1.4","15.6","3200","57232","16.4","30%","20.9","","Opened","7.334","230","Safe","Calm","0.0","66","10.1","3.6","1004.9","1016.9"
"2026-09-24","05:17:05","Clear","Dry","Dark","-1.3","15.6","3200","57232","16.4","30%","20.8","","Opened","7.281","230","Safe","Calm","0.0","66","10.1","3.6","1004.9","1016.9"
"2026-09-24","05:17:16","Clear","Dry","Dark","-1.3","15.6","3200","57232","16.4","30%","20.7","","Opened","7.347","230","Safe","Calm","0.0","66","10.1","3.7","1004.9","1016.8"
"2026-09-24","05:17:25","Clear","Dry","Dark","-1.3","15.5","3200","57232","16.4","30%","20.7","","Opened","7.298","230","Safe","Calm","0.0","66","10.1","3.6","1004.9","1016.9"
"2026-09-24","05:17:36","Clear","Dry","Dark","-1.3","15.6","3200","57232","16.4","30%","20.6","","Opened","7.358","230","Safe","Calm","0.0","66","10.1","3.6","1005.0","1016.9"
"2026-09-24","05:17:46","Clear","Dry","Dark","-1.2","15.6","3200","57232","16.4","30%","20.5","","Opened","7.431","230","Safe","Calm","0.0","67","10.2","3.7","1005.1","1017.0"
"2026-09-24","05:17:56","Clear","Dry","Dark","-1.3","15.5","3200","57232","16.4","30%","20.4","Heating UP","Opened","7.507","230","Safe","Calm","0.0","67","10.2","3.7","1004.9","1016.9"
"2026-09-24","05:18:06","Clear","Dry","Dark","-1.2","15.5","3200","57232","16.4","31%","20.3","Heating UP","Opened","7.492","230","Safe","Calm","0.0","67","10.2","3.7","1004.9","1016.9"
"2026-09-24","05:18:16","Clear","Dry","Dark","-1.2","15.5","3200","57232","16.3","32%","20.4","","Opened","7.361","230","Safe","Calm","0.0","67","10.2","3.7","1004.9","1016.9"
"2026-09-24","05:18:26","Clear","Dry","Dark","-1.2","15.5","3200","57232","16.3","32%","20.3","Heating UP","Opened","7.417","230","Safe","Calm","0.0","67","10.1","3.7","1005.1","1017.0"
"2026-09-24","05:18:36","Clear","Dry","Dark","-1.1","15.5","3328","57232","16.3","33%","20.3","Heating UP","Opened","7.409","230","Safe","Calm","0.0","67","10.1","3.8","1004.9","1016.9"
"2026-09-24","05:18:46","Clear","Dry","Dark","-1.1","15.5","3200","57232","16.3","34%","20.4","","Opened","7.529","230","Safe","Calm","0.0","67","10.1","3.8","1005.1","1017.0"
"2026-09-24","05:18:56","Clear","Dry","Dark","-1.2","15.5","3200","57232","16.3","34%","20.4","","Opened","7.345","230","Safe","Calm","0.0","67","10.1","3.7","1005.0","1016.9"
"2026-09-24","05:19:06","Clear","Dry","Dark","-1.1","15.5","3200","57232","16.3","34%","20.4","","Opened","7.283","230","Safe","Calm","0.0","67","10.2","3.8","1005.0","1016.9"
"2026-09-24","05:19:16","Clear","Dry","Dark","-1.2","15.5","3200","57232","16.3","34%","20.5","","Opened","7.355","230","Safe","Calm","0.0","67","10.2","3.7","1005.0","1016.9"
"2026-09-24","05:19:26","Clear","Dry","Dark","-1.1","15.5","3200","57232","16.3","34%","20.5","","Opened","7.303","230","Safe","Calm","0.0","67","10.2","3.8","1005.0","1016.9"
"2026-09-24","05:19:36","Clear","Dry","Dark","-1.0","15.4","3200","57232","16.3","34%","20.5","","Opened","7.397","230","Safe","Calm","0.0","67","10.2","3.9","1005.0","1016.9"
"2026-09-24","05:19:46","Clear","Dry","Dark","-1.0","15.4","3200","57232","16.3","34%","20.5","","Opened","7.475","230","Safe","Calm","0.0","67","10.2","3.9","1005.1","1017.0"
"2026-09-24","05:19:56","Clear","Dry","Dark","-0.9","15.4","3200","57232","16.3","34%","20.6","","Opened","7.299","230","Safe","Calm","0.0","67","10.2","3.9","1005.0","1016.9"
"2026-09-24","05:20:06","Clear","Dry","Dark","-0.8","15.4","3200","57232","16.2","34%","20.6","","Opened","7.370","230","Safe","Calm","0.0","67","10.2","4.0","1005.1","1017.0"
"2026-09-24","05:20:16","Clear","Dry","Dark","-0.6","15.4","3200","57232","16.2","34%","20.6","","Opened","7.304","230","Safe","Calm","0.0","67","10.2","4.2","1005.0","1016.9"
"2026-09-24","05:20:26","Clear","Dry","Dark","-0.6","15.5","3200","57232","16.2","34%","20.6","","Opened","7.382","230","Safe","Calm","0.0","67","10.2","4.2","1005.0","1016.9"
"2026-09-24","05:20:36","Clear","Dry","Dark","-0.6","15.4","3200","57232","16.2","34%","20.6","","Opened","7.322","230","Safe","Calm","0.0","67","10.1","4.3","1005.1","1017.0"
"2026-09-24","05:20:46","Clear","Dry","Dark","-0.5","15.5","3200","57232","16.2","34%","20.6","","Opened","7.413","230","Safe","Calm","0.0","67","10.2","4.4","1005.0","1016.9"
"2026-09-24","05:20:56","Clear","Dry","Dark","-0.5","15.5","3200","57232","16.2","34%","20.6","","Opened","7.358","230","Safe","Calm","0.0","67","10.2","4.3","1004.9","1016.9"
"2026-09-24","05:21:06","Clear","Dry","Dark","-0.4","15.5","3200","57232","16.2","34%","20.7","","Opened","7.305","230","Safe","Calm","0.0","67","10.2","4.4","1005.0","1016.9"
"2026-09-24","05:21:16","Clear","Dry","Dark","-0.3","15.5","3200","57232","16.2","34%","20.7","","Opened","7.373","230","Safe","Calm","0.0","67","10.1","4.5","1004.9","1016.9"
"2026-09-24","05:21:26","Clear","Dry","Dark","-0.3","15.5","3200","57232","16.2","34%","20.7","","Opened","7.320","230","Safe","Calm","0.0","67","10.1","4.6","1004.9","1016.9"
"2026-09-24","05:21:36","Clear","Dry","Dark","-0.2","15.5","3200","57232","16.2","34%","20.7","","Opened","7.399","230","Safe","Calm","0.0","67","10.2","4.6","1005.1","1017.0"
"2026-09-24","05:21:46","Clear","Dry","Dark","0.0","15.5","3200","57232","16.2","34%","20.8","","Opened","7.477","230","Safe","Calm","0.0","67","10.1","4.8","1004.9","1016.9"
"2026-09-24","05:21:56","Clear","Dry","Dark","0.0","15.5","3200","57232","16.2","34%","20.8","","Opened","7.294","230","Safe","Calm","0.0","67","10.1","4.9","1005.0","1016.9"
"2026-09-24","05:22:06","Clear","Dry","Dark","0.2","15.5","3200","57232","16.2","34%","20.8","","Opened","7.369","230","Safe","Calm","0.0","67","10.1","5.0","1004.9","1016.9"
"2026-09-24","05:22:16","Clear","Dry","Dark","0.2","15.5","3200","57232","16.2","34%","20.8","","Opened","7.310","230","Safe","Calm","0.0","67","10.1","5.0","1004.9","1016.9"
"2026-09-24","05:22:26","Clear","Dry","Dark","0.3","15.5","3200","57232","16.2","34%","20.8","","Opened","7.386","230","Safe","Calm","0.0","67","10.1","5.1","1005.0","1016.9"
"2026-09-24","05:22:36","Clear","Dry","Dark","0.4","15.6","3200","57232","16.2","34%","20.8","","Opened","7.325","230","Safe","Calm","0.0","67","10.1","5.2","1004.9","1016.9"
"2026-09-24","05:22:46","Clear","Dry","Dark","0.4","15.6","3200","57232","16.2","34%","20.8","","Opened","7.417","230","Safe","Calm","0.0","67","10.1","5.2","1004.9","1016.9"
"2026-09-24","05:22:56","Clear","Dry","Dark","0.5","15.6","3200","57232","16.2","34%","20.8","","Opened","7.369","230","Safe","Calm","0.0","67","10.1","5.3","1004.9","1016.8"
"2026-09-24","05:23:06","Clear","Dry","Dark","0.7","15.6","3200","57232","16.2","34%","20.8","","Opened","7.303","230","Safe","Calm","0.0","67","10.1","5.5","1004.9","1016.9"
"2026-09-24","05:23:16","Clear","Dry","Dark","0.8","15.6","3200","57232","16.2","34%","20.9","","Opened","7.375","230","Safe","Calm","0.0","67","10.1","5.6","1004.9","1016.9"
"2026-09-24","05:23:26","Clear","Dry","Dark","0.8","15.7","3200","57232","16.2","34%","20.9","","Opened","7.328","230","Safe","Calm","0.0","67","10.1","5.6","1004.9","1016.9"
"2026-09-24","05:23:35","Clear","Dry","Dark","0.8","15.7","3200","57232","16.2","34%","20.9","","Opened","7.277","230","Safe","Calm","0.0","67","10.1","5.6","1005.0","1016.9"
"2026-09-24","05:23:46","Clear","Dry","Dark","0.8","15.7","3200","57232","16.2","34%","20.9","","Opened","7.483","230","Safe","Calm","0.0","67","10.1","5.6","1004.9","1016.9"
"2026-09-24","05:23:56","Clear","Dry","Dark","0.8","15.7","3200","57232","16.2","34%","20.9","","Opened","7.304","230","Safe","Calm","0.0","67","10.1","5.6","1004.9","1016.9"
"2026-09-24","05:24:06","Clear","Dry","Dark","0.8","15.7","3200","57232","16.3","34%","21.0","Heating DOWN","Opened","7.496","230","Safe","Calm","0.0","67","10.1","5.6","1004.9","1016.9"
"2026-09-24","05:24:16","Clear","Dry","Dark","0.9","15.7","3328","57232","16.3","33%","21.0","Heating DOWN","Opened","7.477","230","Safe","Calm","0.0","67","10.1","5.7","1005.0","1016.9"
"2026-09-24","05:24:26","Clear","Dry","Dark","0.7","15.7","3200","57232","16.3","32%","21.0","Heating DOWN","Opened","7.467","230","Safe","Calm","0.0","67","10.1","5.6","1004.9","1016.9"
"2026-09-24","05:24:36","Clear","Dry","Dark","0.8","15.7","3200","57232","16.3","31%","21.0","Heating DOWN","Opened","7.468","230","Safe","Calm","0.0","67","10.1","5.6","1004.9","1016.8"
"2026-09-24","05:24:46","Clear","Dry","Dark","0.9","15.7","3200","57232","16.3","30%","20.9","","Opened","7.481","230","Safe","Calm","0.0","67","10.1","5.8","1004.9","1016.9"
"2026-09-24","05:24:56","Clear","Dry","Dark","0.8","15.7","3200","57232","16.3","30%","20.8","","Opened","7.298","230","Safe","Calm","0.0","67","10.1","5.7","1004.9","1016.9"
"2026-09-24","05:25:06","Clear","Dry","Dark","1.0","15.7","3200","57232","16.3","30%","20.8","","Opened","7.368","230","Safe","Calm","0.0","67","10.2","5.9","1005.0","1016.9"
"2026-09-24","05:25:16","Clear","Dry","Dark","1.0","15.7","3200","57232","16.3","30%","20.8","","Opened","7.316","230","Safe","Calm","0.0","67","10.2","5.9","1004.9","1016.9"
"2026-09-24","05:25:26","Clear","Dry","Dark","1.1","15.7","3200","57232","16.3","30%","20.8","","Opened","7.395","230","Safe","Calm","0.0","67","10.1","5.9","1004.9","1016.9"
"2026-09-24","05:25:36","Clear","Dry","Dark","1.1","15.7","3200","57232","16.3","30%","20.7","","Opened","7.350","230","Safe","Calm","0.0","67","10.2","6.0","1005.0","1016.9"
"2026-09-24","05:25:46","Clear","Dry","Dark","1.3","15.7","3200","57232","16.3","30%","20.7","","Opened","7.426","230","Safe","Calm","0.0","67","10.2","6.2","1005.0","1016.9"
"2026-09-24","05:25:56","Clear","Dry","Dark","1.3","15.7","3200","57232","16.3","30%","20.6","","Opened","7.369","230","Safe","Calm","0.0","67","10.2","6.2","1004.9","1016.9"
"2026-09-24","05:26:06","Clear","Dry","Dark","1.4","15.6","3200","57232","16.3","30%","20.6","","Opened","7.321","230","Safe","Calm","0.0","67","10.2","6.3","1004.9","1016.9"
"2026-09-24","05:26:16","Clear","Dry","Dark","1.6","15.7","3200","57232","16.3","30%","20.5","","Opened","7.378","230","Safe","Calm","0.0","67","10.2","6.4","1004.9","1016.9"
"2026-09-24","05:26:26","Clear","Dry","Dark","1.7","15.7","3200","57232","16.2","30%","20.5","","Opened","7.315","230","Safe","Calm","0.0","67","10.2","6.6","1005.0","1016.9"
"2026-09-24","05:26:36","Clear","Dry","Dark","1.7","15.7","3200","57232","16.2","30%","20.4","","Opened","7.396","230","Safe","Calm","0.0","67","10.1","6.5","1004.9","1016.9"
"2026-09-24","05:26:46","Clear","Dry","Dark","1.9","15.7","3200","57232","16.2","30%","20.4","","Opened","7.462","230","Safe","Calm","0.0","67","10.2","6.7","1004.9","1016.8"
"2026-09-24","05:26:56","Clear","Dry","Dark","1.9","15.6","3200","57232","16.2","30%","20.3","Heating UP","Opened","7.396","230","Safe","Calm","0.0","67","10.2","6.7","1004.9","1016.9"
"2026-09-24","05:27:06","Clear","Dry","Dark","2.0","15.7","3200","57232","16.2","31%","20.3","Heating UP","Opened","7.503","230","Safe","Calm","0.0","67","10.2","6.9","1004.9","1016.9"
"2026-09-24","05:27:16","Clear","Dry","Dark","2.2","15.7","3200","57232","16.2","32%","20.3","Heating UP","Opened","7.493","230","Safe","Calm","0.0","67","10.2","7.0","1004.9","1016.9"
"2026-09-24","05:27:26","Clear","Dry","Dark","2.2","15.7","3328","57232","16.2","33%","20.2","Heating UP","Opened","7.484","230","Safe","Calm","0.0","67","10.2","7.0","1004.9","1016.9"
"2026-09-24","05:27:36","Clear","Dry","Dark","2.2","15.7","3200","57232","16.2","34%","20.3","","Opened","7.337","230","Safe","Calm","0.0","67","10.2","7.0","1004.9","1016.9"
"2026-09-24","05:27:46","Clear","Dry","Dark","2.3","15.7","3200","57232","16.2","34%","20.3","","Opened","7.412","230","Safe","Calm","0.0","68","10.2","7.1","1004.9","1016.8"
"2026-09-24","05:27:56","Clear","Dry","Dark","2.3","15.7","3200","57232","16.2","34%","20.3","","Opened","7.346","230","Safe","Calm","0.0","68","10.2","7.1","1004.9","1016.9"
"2026-09-24","05:28:06","Clear","Dry","Dark","2.3","15.7","3200","57232","16.2","34%","20.4","","Opened","7.299","230","Safe","Calm","0.0","68","10.2","7.1","1005.0","1016.9"
"2026-09-24","05:28:16","Clear","Dry","Dark","2.4","15.7","3200","57232","16.1","34%","20.4","","Opened","7.359","230","Safe","Calm","0.0","68","10.1","7.2","1005.0","1016.9"
"2026-09-24","05:28:26","Clear","Dry","Dark","2.3","15.7","3200","57232","16.2","34%","20.4","","Opened","7.323","230","Safe","Calm","0.0","68","10.2","7.1","1004.9","1016.9"
"2026-09-24","05:28:36","Clear","Dry","Dark","2.5","15.7","3200","57232","16.1","34%","20.4","","Opened","7.397","230","Safe","Calm","0.0","68","10.2","7.2","1004.9","1016.9"
"2026-09-24","05:28:46","Clear","Dry","Dark","2.3","15.7","3200","57232","16.2","34%","20.5","","Opened","7.480","230","Safe","Calm","0.0","68","10.2","7.1","1005.0","1016.9"
"2026-09-24","05:28:56","Clear","Dry","Dark","2.3","15.7","3200","57232","16.1","34%","20.6","","Opened","7.298","230","Safe","Calm","0.0","68","10.2","7.1","1004.9","1016.8"
"2026-09-24","05:29:06","Clear","Dry","Dark","2.4","15.7","3200","57232","16.2","34%","20.6","","Opened","7.364","230","Safe","Calm","0.0","68","10.2","7.2","1004.9","1016.9"
"2026-09-24","05:29:16","Clear","Dry","Dark","2.4","15.7","3200","57232","16.1","34%","20.7","","Opened","7.298","230","Safe","Calm","0.0","68","10.2","7.2","1004.9","1016.9"
"2026-09-24","05:29:26","Clear","Dry","Dark","2.4","15.7","3200","57232","16.1","34%","20.7","","Opened","7.386","230","Safe","Calm","0.0","68","10.2","7.2","1004.9","1016.9"
"2026-09-24","05:29:36","Clear","Dry","Dark","2.4","15.8","3200","57232","16.1","34%","20.7","","Opened","7.315","230","Safe","Calm","0.0","68","10.2","7.1","1004.9","1016.9"
"2026-09-24","05:29:46","Clear","Dry","Dark","2.4","15.8","3200","57232","16.1","34%","20.8","","Opened","7.537","230","Safe","Calm","0.0","68","10.2","7.2","1004.9","1016.8"
"2026-09-24","05:29:56","Clear","Dry","Dark","2.3","15.8","3200","57232","16.1","34%","20.8","","Opened","7.333","230","Safe","Calm","0.0","68","10.2","7.1","1005.0","1016.9"
"2026-09-24","05:30:06","Clear","Dry","Dark","2.3","15.8","3200","57232","16.1","34%","20.8","","Opened","7.263","230","Safe","Calm","0.0","68","10.2","7.1","1004.9","1016.9"
"2026-09-24","05:30:16","Clear","Dry","Dark","2.3","15.8","3200","57232","16.1","34%","20.9","Heating DOWN","Opened","7.453","230","Safe","Calm","0.0","68","10.2","7.1","1004.9","1016.8"
"2026-09-24","05:30:26","Clear","Dry","Dark","2.4","15.8","3328","57232","16.1","33%","21.0","Heating DOWN","Opened","7.427","230","Safe","Calm","0.0","68","10.2","7.2","1005.0","1016.9"
"2026-09-24","05:30:36","Clear","Dry","Dark","2.4","15.8","3200","57232","16.1","32%","21.0","Heating DOWN","Opened","7.406","230","Safe","Calm","0.0","68","10.2","7.2","1004.9","1016.9"
"2026-09-24","05:30:46","Clear","Dry","Dark","2.3","15.8","3200","57232","16.1","31%","21.1","Heating DOWN","Opened","7.528","230","Safe","Calm","0.0","68","10.2","7.1","1004.9","1016.8"
"2026-09-24","05:30:56","Clear","Dry","Dark","2.4","15.8","3328","57232","16.1","29%","21.0","","Opened","7.397","230","Safe","Calm","0.0","68","10.2","7.2","1004.9","1016.8"
"2026-09-24","05:31:06","Clear","Dry","Dark","2.2","15.8","3328","57232","16.1","29%","21.0","Heating DOWN","Opened","7.459","230","Safe","Calm","0.0","68","10.2","6.9","1004.9","1016.8"
"2026-09-24","05:31:16","Clear","Dry","Dark","2.2","15.8","3200","57232","16.1","28%","20.9","","Opened","7.327","230","Safe","Calm","0.0","68","10.2","6.9","1004.9","1016.9"
"2026-09-24","05:31:26","Clear","Dry","Dark","2.2","15.8","3200","57232","16.1","28%","20.9","Heating DOWN","Opened","7.501","230","Safe","Calm","0.0","68","10.2","7.0","1004.9","1016.9"
"2026-09-24","05:31:36","Clear","Dry","Dark","2.2","15.8","3200","57232","16.1","27%","20.8","","Opened","7.383","230","Safe","Calm","0.0","68","10.2","6.9","1004.9","1016.9"
"2026-09-24","05:31:46","Clear","Dry","Dark","2.2","15.8","3200","57232","16.1","27%","20.7","","Opened","7.472","230","Safe","Calm","0.0","68","10.2","7.0","1004.9","1016.9"
"2026-09-24","05:31:56","Clear","Dry","Dark","2.2","15.8","3200","57232","16.1","27%","20.7","","Opened","7.273","230","Safe","Calm","0.0","68","10.2","6.9","1004.9","1016.9"
"2026-09-24","05:32:06","Clear","Dry","Dark","2.1","15.8","3200","57232","16.1","27%","20.7","","Opened","7.350","230","Safe","Calm","0.0","68","10.2","6.8","1004.9","1016.9"
"2026-09-24","05:32:16","Clear","Dry","Dark","2.1","15.8","3200","57232","16.1","27%","20.6","","Opened","7.288","230","Safe","Calm","0.0","68","10.2","6.8","1004.9","1016.9"
"2026-09-24","05:32:26","Clear","Dry","Dark","2.0","15.8","3200","57232","16.1","27%","20.6","","Opened","7.374","230","Safe","Calm","0.0","68","10.2","6.8","1005.0","1016.9"
"2026-09-24","05:32:36","Clear","Dry","Dark","2.0","15.8","3200","57232","16.1","27%","20.6","","Opened","7.324","230","Safe","Calm","0.0","68","10.2","6.8","1004.9","1016.9"
"2026-09-24","05:32:46","Clear","Dry","Dark","1.9","15.8","3200","57232","16.1","27%","20.6","","Opened","7.523","230","Safe","Calm","0.0","68","10.2","6.7","1004.9","1016.8"
"2026-09-24","05:32:56","Clear","Dry","Dark","1.9","15.8","3200","57232","16.1","27%","20.5","","Opened","7.333","230","Safe","Calm","0.0","68","10.2","6.6","1005.0","1016.9"
"2026-09-24","05:33:06","Clear","Dry","Dark","1.8","15.8","3200","57232","16.1","27%","20.5","","Opened","7.392","230","Safe","Calm","0.0","68","10.2","6.6","1004.9","1016.9"
"2026-09-24","05:33:16","Clear","Dry","Dark","1.7","15.8","3200","57232","16.1","27%","20.4","","Opened","7.354","230","Safe","Calm","0.0","68","10.2","6.5","1005.0","1016.9"
"2026-09-24","05:33:26","Clear","Dry","Dark","1.6","15.8","3200","57232","16.1","27%","20.4","","Opened","7.308","230","Safe","Calm","0.0","68","10.2","6.4","1004.9","1016.8"
"2026-09-24","05:33:36","Clear","Dry","Dark","1.5","15.8","3200","57232","16.1","27%","20.4","","Opened","7.383","230","Safe","Calm","0.0","68","10.3","6.2","1005.0","1016.9"
"2026-09-24","05:33:46","Clear","Dry","Dark","1.3","15.8","3200","57232","16.1","27%","20.3","","Opened","7.455","230","Safe","Calm","0.0","68","10.2","6.1","1004.9","1016.8"
"2026-09-24","05:33:56","Clear","Dry","Dark","1.3","15.8","3200","57232","16.1","27%","20.2","Heating UP","Opened","7.511","230","Safe","Calm","0.0","68","10.2","6.0","1005.0","1016.9"
"2026-09-24","05:34:06","Clear","Dry","Dark","1.2","15.8","3200","57232","16.1","28%","20.3","","Opened","7.364","230","Safe","Calm","0.0","68","10.3","5.9","1004.9","1016.9"
"2026-09-24","05:34:16","Clear","Dry","Dark","1.1","15.7","3200","57232","16.1","28%","20.2","Heating UP","Opened","7.424","230","Safe","Calm","0.0","68","10.2","5.8","1005.0","1016.9"
"2026-09-24","05:34:26","Clear","Dry","Dark","1.0","15.8","3328","57232","16.1","29%","20.2","Heating UP","Opened","7.407","230","Safe","Calm","0.0","68","10.2","5.7","1004.9","1016.8"
"2026-09-24","05:34:36","Clear","Dry","Dark","1.0","15.7","3200","57232","16.1","30%","20.1","Heating UP","Opened","7.397","230","Safe","Calm","0.0","68","10.3","5.7","1005.0","1016.9"
"2026-09-24","05:34:46","Clear","Dry","Dark","0.7","15.7","3200","57232","16.1","31%","20.1","Heating UP","Opened","7.545","230","Safe","Calm","0.0","68","10.3","5.5","1005.0","1016.9"
"2026-09-24","05:34:56","Clear","Dry","Dark","0.7","15.7","3200","57232","16.1","32%","20.1","Heating UP","Opened","7.401","230","Safe","Calm","0.0","68","10.3","5.4","1004.9","1016.9"
"2026-09-24","05:35:06","Clear","Dry","Dark","0.4","15.7","3328","57232","16.1","33%","20.1","Heating UP","Opened","7.500","230","Safe","Calm","0.0","68","10.3","5.2","1004.9","1016.9"
"2026-09-24","05:35:16","Clear","Dry","Dark","0.3","15.7","3200","57232","16.1","34%","20.1","Heating UP","Opened","7.505","230","Safe","Calm","0.0","68","10.3","5.1","1004.9","1016.9"
"2026-09-24","05:35:26","Clear","Dry","Dark","0.2","15.7","3200","57232","16.1","35%","20.1","Heating UP","Opened","7.498","230","Safe","Calm","0.0","68","10.3","4.9","1004.9","1016.8"
"2026-09-24","05:35:36","Clear","Dry","Dark","0.1","15.6","3200","57232","16.1","36%","20.1","Heating UP","Opened","7.482","230","Safe","Calm","0.0","69","10.3","4.8","1004.9","1016.9"
"2026-09-24","05:35:46","Clear","Dry","Dark","0.1","15.6","3328","57232","16.1","37%","20.1","Heating UP","Opened","7.614","230","Safe","Calm","0.0","69","10.3","4.8","1005.0","1016.9"
"2026-09-24","05:35:56","Clear","Dry","Dark","-0.1","15.6","3200","57232","16.1","38%","20.2","","Opened","7.354","230","Safe","Calm","0.0","69","10.3","4.6","1004.9","1016.9"
"2026-09-24","05:36:06","Clear","Dry","Dark","-0.2","15.6","3200","57232","16.1","38%","20.2","","Opened","7.298","230","Safe","Calm","0.0","69","10.3","4.5","1005.0","1016.9"
"2026-09-24","05:36:16","Clear","Dry","Dark","-0.2","15.6","3200","57232","16.1","38%","20.3","","Opened","7.366","230","Safe","Calm","0.0","69","10.3","4.5","1004.9","1016.9"
"2026-09-24","05:36:26","Clear","Dry","Dark","-0.3","15.6","3200","57232","16.1","38%","20.4","","Opened","7.303","230","Safe","Calm","0.0","69","10.3","4.4","1005.0","1016.9"
"2026-09-24","05:36:36","Clear","Dry","Dark","-0.3","15.6","3200","57232","16.1","38%","20.5","","Opened","7.379","230","Safe","Calm","0.0","69","10.3","4.4","1004.9","1016.9"
"2026-09-24","05:36:46","Clear","Dry","Dark","-0.4","15.6","3200","57232","16.0","38%","20.6","","Opened","7.462","230","Safe","Calm","0.0","69","10.3","4.3","1004.9","1016.9"
"2026-09-24","05:36:56","Clear","Dry","Dark","-0.4","15.6","3200","57232","16.1","38%","20.6","","Opened","7.387","230","Safe","Calm","0.0","69","10.3","4.3","1005.0","1016.9"
"2026-09-24","05:37:06","Clear","Dry","Dark","-0.5","15.6","3200","57232","16.1","38%","20.7","","Opened","7.315","230","Safe","Calm","0.0","69","10.3","4.3","1004.9","1016.9"
"2026-09-24","05:37:16","Clear","Dry","Dark","-0.5","15.6","3200","57232","16.0","38%","20.7","","Opened","7.384","230","Safe","Calm","0.0","69","10.3","4.2","1005.0","1016.9"
"2026-09-24","05:37:26","Clear","Dry","Dark","-0.6","15.6","3200","57232","16.1","38%","20.7","","Opened","7.335","230","Safe","Calm","0.0","69","10.3","4.2","1004.9","1016.9"
"2026-09-24","05:37:36","Clear","Dry","Dark","-0.6","15.6","3200","57232","16.1","38%","20.7","","Opened","7.276","230","Safe","Calm","0.0","69","10.3","4.1","1005.0","1016.9"
"2026-09-24","05:37:46","Clear","Dry","Dark","-0.6","15.6","3200","57232","16.0","38%","20.8","Heating DOWN","Opened","7.601","230","Safe","Calm","0.0","69","10.3","4.1","1005.0","1016.9"
"2026-09-24","05:37:56","Clear","Dry","Dark","-0.7","15.5","3328","57232","16.1","37%","20.8","Heating DOWN","Opened","7.452","230","Safe","Calm","0.0","69","10.3","4.0","1005.0","1016.9"
"2026-09-24","05:38:06","Clear","Dry","Dark","-0.7","15.5","3200","57232","16.1","36%","20.9","Heating DOWN","Opened","7.448","230","Safe","Calm","0.0","69","10.3","4.0","1004.9","1016.9"
"2026-09-24","05:38:16","Clear","Dry","Dark","-0.7","15.5","3200","57232","16.1","35%","20.9","Heating DOWN","Opened","7.436","230","Safe","Calm","0.0","69","10.3","4.0","1004.9","1016.9"
"2026-09-24","05:38:26","Clear","Dry","Dark","-0.7","15.5","3200","57232","16.0","34%","20.9","Heating DOWN","Opened","7.426","230","Safe","Calm","0.0","69","10.3","4.0","1004.9","1016.9"
"2026-09-24","05:38:36","Clear","Dry","Dark","-0.6","15.5","3328","57232","16.1","33%","20.9","Heating DOWN","Opened","7.423","230","Safe","Calm","0.0","69","10.3","4.1","1005.1","1017.0"
"2026-09-24","05:38:46","Clear","Dry","Dark","-0.8","15.5","3200","57232","16.1","32%","20.8","","Opened","7.458","230","Safe","Calm","0.0","69","10.4","3.9","1005.0","1016.9"
"2026-09-24","05:38:56","Clear","Dry","Dark","-0.7","15.5","3200","57232","16.0","32%","20.8","Heating DOWN","Opened","7.492","230","Safe","Calm","0.0","69","10.3","4.0","1004.9","1016.9"
"2026-09-24","05:39:06","Clear","Dry","Dark","-0.7","15.5","3200","57232","16.1","31%","20.7","","Opened","7.355","230","Safe","Calm","0.0","69","10.4","4.0","1004.9","1016.9"
"2026-09-24","05:39:16","Clear","Dry","Dark","-0.8","15.5","3200","57232","16.0","31%","20.7","","Opened","7.302","230","Safe","Calm","0.0","69","10.3","4.0","1004.9","1016.9"
"2026-09-24","05:39:26","Clear","Dry","Dark","-0.8","15.5","3200","57232","16.0","31%","20.7","","Opened","7.380","230","Safe","Calm","0.0","69","10.3","3.9","1004.9","1016.9"
"2026-09-24","05:39:36","Clear","Dry","Dark","-0.9","15.5","3200","57232","16.1","31%","20.6","","Opened","7.332","230","Safe","Calm","0.0","69","10.4","3.9","1005.0","1016.9"
"2026-09-24","05:39:46","Clear","Dry","Dark","-0.8","15.5","3200","57232","16.0","31%","20.5","","Opened","7.416","230","Safe","Calm","0.0","69","10.3","3.9","1005.0","1016.9"
"2026-09-24","05:39:56","Clear","Dry","Dark","-0.8","15.5","3200","57232","16.1","31%","20.4","","Opened","7.383","230","Safe","Calm","0.0","69","10.4","4.0","1004.9","1016.9"
"2026-09-24","05:40:06","Clear","Dry","Dark","-0.7","15.6","3200","57232","16.1","31%","20.4","","Opened","7.332","230","Safe","Calm","0.0","69","10.4","4.0","1005.0","1016.9"
"2026-09-24","05:40:16","Clear","Dry","Dark","-0.8","15.5","3200","57232","16.1","31%","20.4","","Opened","7.274","230","Safe","Calm","0.0","69","10.4","3.9","1004.9","1016.9"
"2026-09-24","05:40:26","Clear","Dry","Dark","-0.9","15.5","3200","57232","16.0","31%","20.4","","Opened","7.357","230","Safe","Calm","0.0","69","10.3","3.8","1004.9","1016.9"
"2026-09-24","05:40:36","Clear","Dry","Dark","-0.9","15.5","3200","57232","16.1","31%","20.4","","Opened","7.300","230","Safe","Calm","0.0","69","10.4","3.9","1004.9","1016.9"
"2026-09-24","05:40:46","Clear","Dry","Dark","-0.9","15.6","3200","57232","16.1","31%","20.4","","Opened","7.502","230","Safe","Calm","0.0","69","10.4","3.8","1004.9","1016.9"
"2026-09-24","05:40:56","Clear","Dry","Dark","-0.8","15.5","3200","57232","16.1","31%","20.4","","Opened","7.322","230","Safe","Calm","0.0","69","10.4","4.0","1005.1","1017.0"
"2026-09-24","05:41:06","Clear","Dry","Dark","-0.9","15.6","3200","57232","16.1","31%","20.3","","Opened","7.262","230","Safe","Calm","0.0","69","10.4","3.8","1004.9","1016.8"
"2026-09-24","05:41:16","Clear","Dry","Dark","-0.9","15.5","3200","57232","16.1","31%","20.4","","Opened","7.321","230","Safe","Calm","0.0","69","10.4","3.8","1004.9","1016.9"
"2026-09-24","05:41:26","Clear","Dry","Dark","-0.8","15.5","3200","57232","16.1","31%","20.4","","Opened","7.402","230","Safe","Calm","0.0","69","10.4","3.9","1004.9","1016.9"
"2026-09-24","05:41:36","Clear","Dry","Dark","-0.8","15.5","3200","57232","16.1","31%","20.3","","Opened","7.353","230","Safe","Calm","0.0","69","10.4","4.0","1004.9","1016.8"
"2026-09-24","05:41:46","Clear","Dry","Dark","-0.7","15.5","3200","57232","16.1","31%","20.2","","Opened","7.442","230","Safe","Calm","0.0","69","10.4","4.0","1004.9","1016.8"
"2026-09-24","05:41:56","Clear","Dry","Dark","-0.9","15.5","3200","57232","16.1","31%","20.2","","Opened","7.371","230","Safe","Calm","0.0","69","10.4","3.9","1004.9","1016.8"
"2026-09-24","05:42:06","Clear","Dry","Dark","-0.7","15.5","3200","57232","16.1","31%","20.2","Heating UP","Opened","7.422","230","Safe","Calm","0.0","69","10.4","4.0","1004.9","1016.9"
"2026-09-24","05:42:16","Clear","Dry","Dark","-0.9","15.5","3200","57232","16.1","32%","20.1","Heating UP","Opened","7.419","230","Safe","Calm","0.0","69","10.4","3.8","1005.0","1016.9"
"2026-09-24","05:42:26","Clear","Dry","Dark","-0.9","15.5","3328","57232","16.1","33%","20.1","Heating UP","Opened","7.515","230","Safe","Calm","0.0","69","10.4","3.8","1004.9","1016.8"
"2026-09-24","05:42:36","Clear","Dry","Dark","-1.0","15.5","3200","57232","16.1","34%","20.1","Heating UP","Opened","7.394","230","Safe","Calm","0.0","69","10.4","3.8","1004.9","1016.8"
"2026-09-24","05:42:46","Clear","Dry","Dark","-0.9","15.5","3200","57232","16.1","35%","20.2","","Opened","7.510","230","Safe","Calm","0.0","69","10.4","3.9","1004.9","1016.8"
"2026-09-24","05:42:56","Clear","Dry","Dark","-1.0","15.5","3200","57232","16.1","35%","20.2","Heating UP","Opened","7.428","230","Safe","Calm","0.0","69","10.4","3.8","1004.9","1016.8"
"2026-09-24","05:43:06","Clear","Dry","Dark","-0.8","15.5","3200","57232","16.1","36%","20.2","Heating UP","Opened","7.417","230","Safe","Calm","0.0","69","10.4","3.9","1004.9","1016.8"
"2026-09-24","05:43:16","Clear","Dry","Dark","-0.7","15.5","3328","57232","16.1","37%","20.3","","Opened","7.275","230","Safe","Calm","0.0","69","10.4","4.0","1004.9","1016.8"
"2026-09-24","05:43:26","Clear","Dry","Dark","-0.8","15.5","3328","57232","16.1","37%","20.3","","Opened","7.370","230","Safe","Calm","0.0","69","10.4","4.0","1004.9","1016.8"
"2026-09-24","05:43:36","Clear","Dry","Dark","-0.9","15.5","3328","57232","16.1","37%","20.3","","Opened","7.306","230","Safe","Calm","0.0","69","10.4","3.8","1004.9","1016.9"
"2026-09-24","05:43:46","Clear","Dry","Dark","-0.8","15.5","3328","57232","16.1","37%","20.4","","Opened","7.520","230","Safe","Calm","0.0","69","10.4","3.9","1004.9","1016.8"
"2026-09-24","05:43:56","Clear","Dry","Dark","-0.9","15.5","3328","57232","16.1","37%","20.4","","Opened","7.337","230","Safe","Calm","0.0","69","10.4","3.8","1004.9","1016.8"
"2026-09-24","05:44:06","Clear","Dry","Dark","-0.8","15.5","3328","57232","16.1","37%","20.6","","Opened","7.271","230","Safe","Calm","0.0","69","10.4","3.9","1004.9","1016.9"
"2026-09-24","05:44:16","Clear","Dry","Dark","-0.9","15.5","3328","57232","16.1","37%","20.6","","Opened","7.343","230","Safe","Calm","0.0","69","10.4","3.9","1004.8","1016.7"
"2026-09-24","05:44:26","Clear","Dry","Dark","-0.8","15.4","3328","57232","16.1","37%","20.7","","Opened","7.300","230","Safe","Calm","0.0","69","10.4","4.0","1004.8","1016.7"
"2026-09-24","05:44:36","Clear","Dry","Dark","-0.9","15.5","3328","57232","16.1","37%","20.6","","Opened","7.378","230","Safe","Calm","0.0","69","10.5","3.9","1004.9","1016.9"
"2026-09-24","05:44:46","Clear","Dry","Dark","-0.9","15.5","3328","57232","16.1","37%","20.7","","Opened","7.453","230","Safe","Calm","0.0","69","10.4","3.9","1004.8","1016.7"
"2026-09-24","05:44:56","Clear","Dry","Dark","-0.8","15.5","3328","57232","16.1","37%","20.7","","Opened","7.269","230","Safe","Calm","0.0","69","10.5","4.0","1004.9","1016.8"
"2026-09-24","05:45:06","Clear","Dry","Dark","-0.7","15.5","3328","57232","16.1","37%","20.7","","Opened","7.345","230","Safe","Calm","0.0","69","10.4","4.0","1004.8","1016.7"
"2026-09-24","05:45:16","Clear","Dry","Dark","-0.8","15.5","3328","57232","16.1","37%","20.7","","Opened","7.289","230","Safe","Calm","0.0","69","10.5","4.0","1005.0","1016.9"
"2026-09-24","05:45:26","Clear","Dry","Dark","-0.8","15.5","3328","57232","16.1","37%","20.6","","Opened","7.364","230","Safe","Calm","0.0","69","10.5","3.9","1004.9","1016.8"
"2026-09-24","05:45:36","Clear","Dry","Dark","-0.9","15.5","3328","57232","16.1","37%","20.7","","Opened","7.313","230","Safe","Calm","0.0","69","10.5","3.9","1004.8","1016.7"
"2026-09-24","05:45:46","Clear","Dry","Dark","-0.9","15.5","3328","57232","16.1","37%","20.7","","Opened","7.507","230","Safe","Calm","0.0","69","10.5","3.9","1004.9","1016.8"
"2026-09-24","05:45:56","Clear","Dry","Dark","-0.9","15.4","3328","57232","16.1","37%","20.8","","Opened","7.296","230","Safe","Calm","0.0","69","10.5","3.9","1004.9","1016.9"
"2026-09-24","05:46:06","Clear","Dry","Dark","-0.8","15.5","3328","57232","16.1","37%","20.8","","Opened","7.354","230","Safe","Calm","0.0","69","10.5","4.0","1004.9","1016.8"
"2026-09-24","05:46:16","Clear","Dry","Dark","-0.9","15.5","3328","57232","16.1","37%","20.8","","Opened","7.307","230","Safe","Calm","0.0","69","10.5","3.9","1004.9","1016.8"
"2026-09-24","05:46:26","Clear","Dry","Dark","-0.7","15.5","3328","57232","16.1","37%","20.9","Heating DOWN","Opened","7.502","230","Safe","Calm","0.0","69","10.5","4.1","1004.8","1016.7"
"2026-09-24","05:46:36","Clear","Dry","Dark","-0.8","15.4","3200","57232","16.1","36%","20.9","Heating DOWN","Opened","7.472","230","Safe","Calm","0.0","69","10.5","4.0","1004.8","1016.7"
"2026-09-24","05:46:46","Clear","Dry","Dark","-0.8","15.5","3200","57232","16.1","35%","20.9","Heating DOWN","Opened","7.592","230","Safe","Calm","0.0","69","10.5","3.9","1004.9","1016.9"
"2026-09-24","05:46:56","Clear","Dry","Dark","-0.8","15.4","3200","57232","16.1","34%","20.9","Heating DOWN","Opened","7.453","230","Safe","Calm","0.0","69","10.5","3.9","1004.8","1016.7"
"2026-09-24","05:47:06","Clear","Dry","Dark","-0.7","15.5","3328","57232","16.1","33%","20.9","Heating DOWN","Opened","7.437","230","Safe","Calm","0.0","69","10.5","4.0","1004.9","1016.9"
"2026-09-24","05:47:16","Clear","Dry","Dark","-0.9","15.5","3200","57232","16.1","32%","20.9","Heating DOWN","Opened","7.426","230","Safe","Calm","0.0","69","10.5","3.9","1004.9","1016.9"
"2026-09-24","05:47:26","Clear","Dry","Dark","-0.8","15.5","3200","57232","16.1","31%","20.9","Heating DOWN","Opened","7.414","230","Safe","Calm","0.0","69","10.5","4.0","1004.9","1016.8"
"2026-09-24","05:47:36","Clear","Dry","Dark","-0.8","15.4","3200","57232","16.1","30%","20.9","Heating DOWN","Opened","7.396","230","Safe","Calm","0.0","69","10.5","3.9","1004.8","1016.7"
"2026-09-24","05:47:46","Clear","Dry","Dark","-0.9","15.4","3328","57232","16.1","29%","20.9","Heating DOWN","Opened","7.529","230","Safe","Calm","0.0","69","10.5","3.9","1004.9","1016.8"
"2026-09-24","05:47:56","Clear","Dry","Dark","-0.8","15.4","3200","57232","16.1","28%","20.8","","Opened","7.394","230","Safe","Calm","0.0","69","10.5","4.0","1004.8","1016.7"
"2026-09-24","05:48:06","Clear","Dry","Dark","-0.7","15.4","3200","57232","16.1","28%","20.7","","Opened","7.334","230","Safe","Calm","0.0","69","10.5","4.0","1004.9","1016.9"
"2026-09-24","05:48:16","Clear","Dry","Dark","-0.7","15.4","3200","57232","16.1","28%","20.6","","Opened","7.276","230","Safe","Calm","0.0","69","10.5","4.0","1004.9","1016.9"
"2026-09-24","05:48:26","Clear","Dry","Dark","-0.8","15.4","3200","57232","16.1","28%","20.5","","Opened","7.332","230","Safe","Calm","0.0","69","10.5","4.0","1004.8","1016.7"
"2026-09-24","05:48:36","Clear","Dry","Dark","-0.7","15.4","3200","57232","16.1","28%","20.5","","Opened","7.270","230","Safe","Calm","0.0","69","10.5","4.0","1004.9","1016.8"
"2026-09-24","05:48:46","Clear","Dry","Dark","-0.7","15.4","3200","57232","16.1","28%","20.4","","Opened","7.476","230","Safe","Calm","0.0","70","10.6","4.0","1004.9","1016.8"
"2026-09-24","05:48:56","Clear","Dry","Dark","-0.8","15.4","3200","57232","16.1","28%","20.3","","Opened","7.280","230","Safe","Calm","0.0","70","10.6","3.9","1004.9","1016.9"
"2026-09-24","05:49:06","Clear","Dry","Dark","-0.8","15.4","3200","57232","16.1","28%","20.2","Heating UP","Opened","7.475","230","Safe","Calm","0.0","70","10.6","3.9","1004.9","1016.8"
"2026-09-24","05:49:16","Clear","Dry","Dark","-0.8","15.4","3328","57232","16.1","29%","20.1","Heating UP","Opened","7.461","230","Safe","Calm","0.0","70","10.6","3.9","1004.8","1016.7"
"2026-09-24","05:49:26","Clear","Dry","Dark","-0.8","15.4","3200","57232","16.1","30%","20.1","Heating UP","Opened","7.448","230","Safe","Calm","0.0","70","10.6","3.9","1004.8","1016.7"
"2026-09-24","05:49:36","Clear","Dry","Dark","-0.7","15.4","3200","57232","16.1","31%","20.0","Heating UP","Opened","7.441","230","Safe","Calm","0.0","70","10.6","4.0","1004.9","1016.8"
"2026-09-24","05:49:46","Clear","Dry","Dark","-0.7","15.4","3328","57232","16.1","33%","20.0","Heating UP","Opened","7.558","230","Safe","Calm","0.0","70","10.6","4.0","1004.9","1016.8"
"2026-09-24","05:49:56","Clear","Dry","Dark","-0.7","15.4","3200","57232","16.1","34%","20.0","Heating UP","Opened","7.422","230","Safe","Calm","0.0","70","10.6","4.0","1004.8","1016.7"
"2026-09-24","05:50:06","Clear","Dry","Dark","-0.7","15.4","3200","57232","16.1","35%","20.0","Heating UP","Opened","7.403","230","Safe","Calm","0.0","70","10.6","4.0","1004.9","1016.9"
"2026-09-24","05:50:16","Clear","Dry","Dark","-0.9","15.4","3200","57232","16.1","36%","20.0","Heating UP","Opened","7.503","230","Safe","Calm","0.0","70","10.6","3.9","1004.9","1016.8"
"2026-09-24","05:50:26","Clear","Dry","Dark","-0.8","15.3","3328","57232","16.0","37%","20.1","","Opened","7.379","230","Safe","Calm","0.0","70","10.6","3.9","1004.9","1016.8"
"2026-09-24","05:50:36","Clear","Dry","Dark","-0.8","15.3","3328","57232","16.1","37%","20.1","Heating UP","Opened","7.448","230","Safe","Calm","0.0","70","10.6","4.0","1004.9","1016.8"
"2026-09-24","05:50:46","Clear","Dry","Dark","-0.8","15.3","3200","57232","16.1","38%","20.1","Heating UP","Opened","7.571","230","Safe","Calm","0.0","70","10.6","3.9","1004.9","1016.8"
"2026-09-24","05:50:56","Clear","Dry","Dark","-0.8","15.3","3200","57232","16.1","39%","20.2","","Opened","7.305","230","Safe","Calm","0.0","70","10.6","3.9","1004.9","1016.9"
"2026-09-24","05:51:06","Clear","Dry","Dark","-0.8","15.3","3200","57232","16.1","39%","20.2","","Opened","7.368","230","Safe","Calm","0.0","70","10.6","3.9","1004.9","1016.8"
"2026-09-24","05:51:16","Clear","Dry","Dark","-0.7","15.3","3200","57232","16.0","39%","20.2","","Opened","7.312","230","Safe","Calm","0.0","70","10.6","4.0","1004.9","1016.9"
"2026-09-24","05:51:26","Clear","Dry","Dark","-0.8","15.3","3200","57232","16.0","39%","20.2","","Opened","7.275","230","Safe","Calm","0.0","70","10.6","3.9","1004.8","1016.7"
"2026-09-24","05:51:36","Clear","Dry","Dark","-0.8","15.3","3200","57232","16.0","39%","20.2","","Opened","7.348","230","Safe","Calm","0.0","70","10.6","3.9","1004.8","1016.7"
"2026-09-24","05:51:46","Clear","Dry","Dark","-0.8","15.3","3200","57232","16.0","39%","20.2","","Opened","7.433","230","Safe","Calm","0.0","70","10.6","3.9","1004.8","1016.7"
"2026-09-24","05:51:56","Clear","Dry","Dark","-0.8","15.3","3200","57232","16.0","39%","20.2","","Opened","7.354","230","Safe","Calm","0.0","70","10.6","3.9","1004.9","1016.8"
"2026-09-24","05:52:06","Clear","Dry","Dark","-0.9","15.3","3200","57232","16.0","39%","20.2","","Opened","7.293","230","Safe","Calm","0.0","70","10.6","3.8","1004.8","1016.7"
"2026-09-24","05:52:16","Clear","Dry","Dark","-0.8","15.3","3200","57232","16.0","39%","20.2","","Opened","7.370","230","Safe","Calm","0.0","70","10.6","3.9","1004.9","1016.8"
"2026-09-24","05:52:26","Clear","Dry","Dark","-0.7","15.3","3200","57232","16.0","39%","20.3","","Opened","7.321","230","Safe","Calm","0.0","70","10.6","4.0","1004.9","1016.8"
"2026-09-24","05:52:36","Clear","Dry","Dark","-0.8","15.3","3200","57232","16.0","39%","20.3","","Opened","7.394","230","Safe","Calm","0.0","70","10.6","3.9","1004.9","1016.8"
"2026-09-24","05:52:46","Clear","Dry","Dark","-0.6","15.3","3200","57232","16.0","39%","20.3","","Opened","7.456","230","Safe","Calm","0.0","70","10.6","4.1","1004.8","1016.7"
"2026-09-24","05:52:56","Clear","Dry","Dark","-0.7","15.3","3200","57232","16.0","39%","20.3","","Opened","7.387","230","Safe","Calm","0.0","70","10.6","3.9","1004.8","1016.7"
"2026-09-24","05:53:06","Clear","Dry","Dark","-0.7","15.3","3200","57232","16.0","39%","20.3","","Opened","7.329","230","Safe","Calm","0.0","70","10.6","4.0","1004.8","1016.7"
"2026-09-24","05:53:16","Clear","Dry","Dark","-0.7","15.3","3200","57232","16.0","39%","20.3","","Opened","7.378","230","Safe","Calm","0.0","70","10.6","4.0","1004.8","1016.7"
"2026-09-24","05:53:26","Clear","Dry","Dark","-0.7","15.4","3200","57232","16.0","39%","20.3","","Opened","7.336","230","Safe","Calm","0.0","70","10.6","4.0","1004.8","1016.7"
"2026-09-24","05:53:36","Clear","Dry","Dark","-0.7","15.3","3200","57232","16.0","39%","20.3","","Opened","7.286","230","Safe","Calm","0.0","70","10.6","4.0","1004.8","1016.7"
"2026-09-24","05:53:46","Clear","Dry","Dark","-0.6","15.4","3200","57232","16.0","39%","20.3","","Opened","7.501","230","Safe","Calm","0.0","70","10.6","4.0","1004.9","1016.8"
"2026-09-24","05:53:56","Clear","Dry","Dark","-0.7","15.4","3200","57232","16.0","39%","20.5","","Opened","7.314","230","Safe","Calm","0.0","70","10.6","4.0","1004.8","1016.7"
"2026-09-24","05:54:06","Clear","Dry","Dark","-0.7","15.4","3200","57232","16.0","39%","20.6","","Opened","7.381","230","Safe","Calm","0.0","70","10.6","4.0","1004.9","1016.8"
"2026-09-24","05:54:16","Clear","Dry","Dark","-0.7","15.4","3200","57232","16.0","39%","20.6","","Opened","7.335","230","Safe","Calm","0.0","70","10.6","4.0","1004.8","1016.7"
"2026-09-24","05:54:26","Clear","Dry","Dark","-0.7","15.4","3200","57232","16.0","39%","20.7","","Opened","7.285","230","Safe","Calm","0.0","70","10.6","4.0","1004.8","1016.7"
"2026-09-24","05:54:36","Clear","Dry","Dark","-0.7","15.4","3200","57232","16.0","39%","20.7","","Opened","7.347","230","Safe","Calm","0.0","70","10.6","4.0","1004.9","1016.8"
"2026-09-24","05:54:46","Clear","Dry","Dark","-0.6","15.4","3200","57232","16.0","39%","20.8","Heating DOWN","Opened","7.561","230","Safe","Calm","0.0","70","10.6","4.0","1004.9","1016.8"
"2026-09-24","05:54:56","Clear","Dry","Dark","-0.7","15.4","3200","57232","16.0","38%","20.8","Heating DOWN","Opened","7.419","230","Safe","Calm","0.0","70","10.6","4.0","1004.9","1016.9"
"2026-09-24","05:55:06","Clear","Dry","Dark","-0.7","15.4","3328","57232","16.0","37%","20.9","Heating DOWN","Opened","7.393","230","Safe","Calm","0.0","70","10.6","4.0","1004.9","1016.8"
"2026-09-24","05:55:16","Clear","Dry","Dark","-0.6","15.4","3200","57232","16.0","36%","20.9","Heating DOWN","Opened","7.393","230","Safe","Calm","0.0","70","10.6","4.1","1004.8","1016.7"
"2026-09-24","05:55:26","Clear","Dry","Dark","-0.6","15.4","3200","57232","16.0","35%","20.9","Heating DOWN","Opened","7.498","230","Safe","Calm","0.0","70","10.6","4.1","1004.8","1016.7"
"2026-09-24","05:55:36","Clear","Dry","Dark","-0.7","15.4","3200","57232","16.0","34%","20.9","Heating DOWN","Opened","7.476","230","Safe","Calm","0.0","70","10.6","4.0","1004.9","1016.8"
"2026-09-24","05:55:46","Clear","Dry","Dark","-0.6","15.4","3328","57232","16.0","33%","20.9","Heating DOWN","Opened","7.601","230","Safe","Calm","0.0","70","10.6","4.1","1004.9","1016.8"
"2026-09-24","05:55:56","Clear","Dry","Dark","-0.6","15.4","3200","57232","16.0","32%","20.8","","Opened","7.352","230","Safe","Calm","0.0","70","10.6","4.1","1004.8","1016.7"
"2026-09-24","05:56:06","Clear","Dry","Dark","-0.7","15.4","3200","57232","16.0","32%","20.8","Heating DOWN","Opened","7.404","230","Safe","Calm","0.0","70","10.6","4.0","1004.8","1016.7"
"2026-09-24","05:56:16","Clear","Dry","Dark","-0.6","15.5","3200","57232","16.0","31%","20.7","","Opened","7.272","230","Safe","Calm","0.0","70","10.6","4.1","1004.9","1016.8"
"2026-09-24","05:56:26","Clear","Dry","Dark","-0.7","15.5","3200","57232","16.1","31%","20.7","","Opened","7.353","230","Safe","Calm","0.0","70","10.6","4.1","1004.9","1016.8"
"2026-09-24","05:56:36","Clear","Dry","Dark","-0.7","15.5","3200","57232","16.0","31%","20.6","","Opened","7.295","230","Safe","Calm","0.0","70","10.6","4.1","1004.8","1016.7"
"2026-09-24","05:56:46","Clear","Dry","Dark","-0.7","15.5","3200","57232","16.1","31%","20.6","","Opened","7.504","230","Safe","Calm","0.0","70","10.6","4.0","1004.8","1016.7"
"2026-09-24","05:56:56","Clear","Dry","Dark","-0.6","15.5","3200","57232","16.0","31%","20.5","","Opened","7.318","230","Safe","Calm","0.0","70","10.6","4.1","1004.9","1016.8"
"2026-09-24","05:57:06","Clear","Dry","Dark","-0.6","15.5","3200","57232","16.1","31%","20.5","","Opened","7.270","230","Safe","Calm","0.0","70","10.6","4.2","1004.8","1016.7"
"2026-09-24","05:57:16","Clear","Dry","Dark","-0.6","15.5","3200","57232","16.1","31%","20.4","","Opened","7.332","230","Safe","Calm","0.0","70","10.6","4.2","1004.8","1016.7"
"2026-09-24","05:57:26","Clear","Dry","Dark","-0.7","15.5","3200","57232","16.1","31%","20.4","","Opened","7.289","230","Safe","Calm","0.0","70","10.6","4.1","1004.8","1016.7"
"2026-09-24","05:57:36","Clear","Dry","Dark","-0.6","15.5","3200","57232","16.1","31%","20.4","","Opened","7.358","230","Safe","Calm","0.0","70","10.6","4.1","1004.8","1016.7"
"2026-09-24","05:57:46","Clear","Dry","Dark","-0.6","15.5","3200","57232","16.1","31%","20.4","","Opened","7.442","230","Safe","Calm","0.0","70","10.6","4.1","1004.9","1016.8"
"2026-09-24","05:57:56","Clear","Dry","Dark","-0.7","15.5","3200","57232","16.1","31%","20.4","","Opened","7.383","230","Safe","Calm","0.0","70","10.6","4.1","1004.8","1016.7"
"2026-09-24","05:58:06","Clear","Dry","Dark","-0.6","15.5","3200","57232","16.1","31%","20.4","","Opened","7.311","230","Safe","Calm","0.0","70","10.6","4.2","1004.9","1016.8"
"2026-09-24","05:58:16","Clear","Dry","Dark","-0.7","15.5","3200","57232","16.1","31%","20.5","","Opened","7.268","230","Safe","Calm","0.0","70","10.6","4.1","1004.8","1016.7"
"2026-09-24","05:58:26","Clear","Dry","Dark","-0.8","15.5","3200","57232","16.1","31%","20.5","","Opened","7.337","230","Safe","Calm","0.0","70","10.7","4.0","1004.8","1016.7"
"2026-09-24","05:58:36","Clear","Dry","Dark","-0.6","15.5","3200","57232","16.1","31%","20.5","","Opened","7.280","230","Safe","Calm","0.0","70","10.7","4.2","1004.9","1016.8"
"2026-09-24","05:58:46","Clear","Dry","Dark","-0.8","15.5","3200","57232","16.1","31%","20.5","","Opened","7.496","230","Safe","Calm","0.0","70","10.7","4.0","1004.9","1016.8"
"2026-09-24","05:58:56","Clear","Dry","Dark","-0.6","15.5","3200","57232","16.1","31%","20.4","","Opened","7.306","230","Safe","Calm","0.0","70","10.6","4.2","1004.8","1016.7"
"2026-09-24","05:59:06","Clear","Dry","Dark","-0.7","15.5","3200","57232","16.1","31%","20.4","","Opened","7.353","230","Safe","Calm","0.0","70","10.7","4.1","1004.8","1016.7"
"2026-09-24","05:59:16","Clear","Dry","Dark","-0.7","15.5","3200","57232","16.1","31%","20.4","","Opened","7.304","230","Safe","Calm","0.0","70","10.7","4.1","1004.9","1016.8"
"2026-09-24","05:59:26","Clear","Dry","Dark","-0.7","15.5","3200","57232","16.1","31%","20.4","","Opened","7.388","230","Safe","Calm","0.0","70","10.7","4.1","1004.8","1016.7"
"2026-09-24","05:59:36","Clear","Dry","Dark","-0.8","15.5","3200","57232","16.1","31%","20.4","","Opened","7.325","230","Safe","Calm","0.0","70","10.7","4.0","1004.8","1016.7"
"2026-09-24","05:59:46","Clear","Dry","Dark","-0.7","15.5","3200","57232","16.1","31%","20.4","","Opened","7.526","230","Safe","Calm","0.0","70","10.7","4.0","1004.9","1016.8"
"2026-09-24","05:59:56","Clear","Wet","Dark","-0.8","15.5","3199","57232","16.1","31%","20.4","","Opened","7.345","230","Safe","Calm","0.0","70","10.7","4.0","1004.8","1016.7"
